model_id,relative_path,wnid,label,correct_prediction,wrong_prediction,correct_top1_correct,wrong_top1_correct,correct_top5_correct,wrong_top5_correct,correct_confidence,wrong_confidence,js_divergence,identity_reencode_exact,input_element_count,wrong_input_low_clip_count,wrong_input_high_clip_count
google-mobilenet-v2-1.0-224-quant,0/bcf8a5326180b5e9320642f5024096fbc8a5d454.jpeg,0,0,0,0,True,True,True,True,0.9999027521217861,0.9999124255712928,1.0495826282425148e-05,True,150528,0,0
google-mobilenet-v2-1.0-224-quant,1/2fb7561b81c4e57499123d88ca1b3dfb90c12b04.jpeg,1,1,1,1,True,True,True,True,0.9999258780577271,0.9998997125238838,2.8432975585870694e-06,True,150528,0,0
google-mobilenet-v2-1.0-224-quant,10/0615b841d58ea66d72093e4d135a710fee1c0eb2.jpeg,10,10,10,10,True,True,True,True,0.7822962682209605,0.3825681319397587,0.09470061105984365,True,150528,0,0
google-mobilenet-v2-1.0-224-quant,100/660dd14eb2a517fdbec75e044507d5bb051903ce.jpeg,100,100,100,100,True,True,True,True,0.9585899956684802,0.9629489979884316,0.0024723033922095868,True,150528,0,0
google-mobilenet-v2-1.0-224-quant,101/aa2d6f636aaaa31aa8fe8e8b1bed43db42eae9ea.jpeg,101,101,101,101,True,True,True,True,0.9554128416274108,0.8984882409044311,0.007535388068481991,True,150528,0,0
google-mobilenet-v2-1.0-224-quant,102/8f858f2614ea5e7931e0117e25e0f8a59596bd50.jpeg,102,102,102,102,True,True,True,True,0.8099863260189585,0.7592340440303628,0.002051520166926231,True,150528,0,0
google-mobilenet-v2-1.0-224-quant,103/21da7640652edda9c48c86279693cc90fe358d85.jpeg,103,103,103,103,True,True,True,True,0.9812199385496786,0.9584579543406441,0.004262609707575004,True,150528,0,0
google-mobilenet-v2-1.0-224-quant,104/3703a47ff1a606a63b18f2c1acd0f71ce0279924.jpeg,104,104,104,278,True,False,True,True,0.6001335164589469,0.3282036914300278,0.08585583478176981,True,150528,0,0
google-mobilenet-v2-1.0-224-quant,105/71a4d263bc5cf0f8cc065a4d74a159ca8bb9e117.jpeg,105,105,105,105,True,True,True,True,0.998988696554907,0.997941275346408,0.00011340862865627856,True,150528,0,0
google-mobilenet-v2-1.0-224-quant,106/7e07cd928de35c9333c10fd5bc5e6a23733d9ea5.jpeg,106,106,106,797,True,False,True,False,0.20860308779831072,0.1483693790162717,0.13714661092917863,True,150528,0,0
google-mobilenet-v2-1.0-224-quant,107/ed6f33c36d4ba77b7d5b73ad9f34604209993d73.jpeg,107,107,107,107,True,True,True,True,0.5561089684117186,0.7007039138212449,0.05264587219216724,True,150528,0,0
google-mobilenet-v2-1.0-224-quant,108/b0888cd4f4257a2807bfb57a734331b728e593a9.jpeg,108,108,108,108,True,True,True,True,0.8964023695273426,0.9869327942616226,0.02917885200495026,True,150528,0,0
google-mobilenet-v2-1.0-224-quant,109/fdfe7afe0057ad8b03d7d3e56e5c4f7829a4228e.jpeg,109,109,109,109,True,True,True,True,0.9937640403133529,0.9917726152245302,0.00023710856318145962,True,150528,0,0
google-mobilenet-v2-1.0-224-quant,11/38f322aad4d1caae048b5793edb6817317c8f50e.jpeg,11,11,16,11,False,True,True,True,0.3756593419570281,0.3681803755921736,0.05565601516521128,True,150528,0,0
google-mobilenet-v2-1.0-224-quant,110/3c7687ae17faa2d4ffca9ae17876e4750e719d81.jpeg,110,110,990,990,False,False,False,False,0.41137687720891214,0.19372050836330637,0.07656586510128205,True,150528,0,0
google-mobilenet-v2-1.0-224-quant,111/29abbfe97bf7e12a1398bc5bfca0c03d4378daa5.jpeg,111,111,111,111,True,True,True,True,0.47136609713519023,0.7828120122357248,0.0725087857688337,True,150528,0,0
google-mobilenet-v2-1.0-224-quant,112/d98a0ae57f39748e700375001442a86012b86ff7.jpeg,112,112,23,23,False,False,False,False,0.16671736889552694,0.14490639343360406,0.05407789948133086,True,150528,0,0
google-mobilenet-v2-1.0-224-quant,113/36392a7b2ac19b9e5d6b8bc1083304fef1f5e068.jpeg,113,113,113,113,True,True,True,True,0.9981220102310601,0.9979652780686704,4.8883572098174535e-06,True,150528,0,0
google-mobilenet-v2-1.0-224-quant,114/0c4c4164e7624e4f565fbee0ebf7f5a3c71f5a22.jpeg,114,114,838,680,False,False,False,False,0.2149245465853375,0.29512728989319065,0.17956201274087746,True,150528,0,0
google-mobilenet-v2-1.0-224-quant,115/4df9d99ed64d3cd2f7e18a352ad608a2621fcd77.jpeg,115,115,116,116,False,False,False,False,0.38541028132703964,0.2831971481716095,0.13413072990914082,True,150528,0,0
google-mobilenet-v2-1.0-224-quant,116/8df838e91dbad44c0902a360054681f62e9af1ce.jpeg,116,116,327,65,False,False,True,False,0.1171789890740737,0.25814838768284515,0.08865112735880977,True,150528,0,0
google-mobilenet-v2-1.0-224-quant,117/a096275b9c45292717d52da690e20e8304bf3d03.jpeg,117,117,117,117,True,True,True,True,0.989267344322928,0.965302165716069,0.00425198871220512,True,150528,0,0
google-mobilenet-v2-1.0-224-quant,118/20196e6499f6119783b31767189eb3dee06f05dc.jpeg,118,118,118,118,True,True,True,True,0.9390703512238675,0.7252686762513464,0.06494881997473057,True,150528,0,0
google-mobilenet-v2-1.0-224-quant,119/a8b4811459a1fe6a01f948f195f905e606de1c56.jpeg,119,119,327,327,False,False,True,True,0.22560289826430852,0.3795700498396334,0.03618997258827043,True,150528,0,0
google-mobilenet-v2-1.0-224-quant,12/546fed7428e81273b0d4b01ae835e492626c7f44.jpeg,12,12,12,12,True,True,True,True,0.94971977224416,0.8840644670370019,0.007724813033023472,True,150528,0,0
google-mobilenet-v2-1.0-224-quant,120/cd1b6e55775eeada1f1244ba70f7dbc5c8453c39.jpeg,120,120,120,120,True,True,True,True,0.9969579938025928,0.9974480733978127,6.0147977121375855e-05,True,150528,0,0
google-mobilenet-v2-1.0-224-quant,121/d12a61786c7dc7448751148ef9ec845641c084bd.jpeg,121,121,822,118,False,False,True,True,0.16392429805692238,0.2147947141560092,0.10072888420625614,True,150528,0,0
google-mobilenet-v2-1.0-224-quant,122/2409c810f410a44e68a07f4539e99fa1de1fa008.jpeg,122,122,122,122,True,True,True,True,0.6168068308702944,0.7056142630977916,0.007759805933782517,True,150528,0,0
google-mobilenet-v2-1.0-224-quant,123/95098efda1796d215fd8b92f0cf355d0ad55517e.jpeg,123,123,123,123,True,True,True,True,0.952556623317198,0.9275052540848228,0.0018286080859000692,True,150528,0,0
google-mobilenet-v2-1.0-224-quant,124/d0de1a657fabd2b2a3d87ab8ec5dcfb2860e7c86.jpeg,124,124,124,124,True,True,True,True,0.9334024373935599,0.7518016052669205,0.03769305881252831,True,150528,0,0
google-mobilenet-v2-1.0-224-quant,125/2c01587c1eff66904d251f0e93fe071f900897a3.jpeg,125,125,119,119,False,False,True,True,0.28630144182888856,0.35750676021972183,0.08804680460761383,True,150528,0,0
google-mobilenet-v2-1.0-224-quant,126/1f93c964576ecdbd82a12143c847c0928060de27.jpeg,126,126,126,126,True,True,True,True,0.9917455089536684,0.9976471572562163,0.0010745922150872632,True,150528,0,0
google-mobilenet-v2-1.0-224-quant,127/b3b70882698594f5c2ebe51fe6eafa9d1b8666c8.jpeg,127,127,127,127,True,True,True,True,0.993342667301649,0.9873454507770708,0.0007698578926718812,True,150528,0,0
google-mobilenet-v2-1.0-224-quant,128/1638edbe0310ffcb21f50c28b452c69c4b4f66ad.jpeg,128,128,128,128,True,True,True,True,0.6703610564231405,0.5816783638944311,0.0052853064345130705,True,150528,0,0
google-mobilenet-v2-1.0-224-quant,129/d47cb9dad8e48f028b552bc675e568da40696e6f.jpeg,129,129,129,129,True,True,True,True,0.9750494696329539,0.9833187320944594,0.0009082411734110256,True,150528,0,0
google-mobilenet-v2-1.0-224-quant,13/946014b676e6f5dc1b0b3d581192da9bd368673e.jpeg,13,13,13,13,True,True,True,True,0.98362575253046,0.9879433624978639,0.0007598296335828017,True,150528,0,0
google-mobilenet-v2-1.0-224-quant,130/28f90ae2dc3e68d5b1ae5119ba7ec5a593be50f9.jpeg,130,130,130,130,True,True,True,True,0.979989632971976,0.9886737854915286,0.0014984840165128488,True,150528,0,0
google-mobilenet-v2-1.0-224-quant,131/ddb2b0ecd56138f8dab6657d3e7b1c457313fa74.jpeg,131,131,131,131,True,True,True,True,0.9731588756018065,0.5780503000453028,0.13297824993018195,True,150528,0,0
google-mobilenet-v2-1.0-224-quant,132/31db0fa6f185274f931513e51e834e90ed796945.jpeg,132,132,129,132,False,True,True,True,0.19954496779344316,0.4468338497489697,0.15869204331094205,True,150528,0,0
google-mobilenet-v2-1.0-224-quant,133/dcd75c4970301dc043f0f888be3fb04ae41c9fb6.jpeg,133,133,23,363,False,False,False,False,0.12022167895735537,0.13057201454778536,0.052569311265686404,True,150528,0,0
google-mobilenet-v2-1.0-224-quant,134/c5af3b5abb9f5c31944f5f39e38086bdbe8ef44d.jpeg,134,134,134,134,True,True,True,True,0.9995646138866192,0.9996305254354367,1.013381090149483e-05,True,150528,0,0
google-mobilenet-v2-1.0-224-quant,135/2ccf0f9665d1ad953fa0af58cf610c3c1cbc39ff.jpeg,135,135,144,144,False,False,False,True,0.91784844643228,0.8266479854853267,0.019855400166027562,True,150528,0,0
google-mobilenet-v2-1.0-224-quant,136/7ed66c931d625bdbf7a788f70b03eb66e35fa8a9.jpeg,136,136,136,136,True,True,True,True,0.9962950774622459,0.9949102104890406,0.0004745354850804634,True,150528,0,0
google-mobilenet-v2-1.0-224-quant,137/70e777d984c77b821bd9d204739c04a98ccc8764.jpeg,137,137,137,137,True,True,True,True,0.9990076319741612,0.9975929622333105,0.00018504108494260893,True,150528,0,0
google-mobilenet-v2-1.0-224-quant,138/7f58cf59e979effabeebc699413da89b937ae875.jpeg,138,138,138,138,True,True,True,True,0.99616745727826,0.9960370675727135,4.0027129164400314e-05,True,150528,0,0
google-mobilenet-v2-1.0-224-quant,139/d32067e5329ea628f0ffe239c779a3bf0d4a1e7c.jpeg,139,139,139,139,True,True,True,True,0.9998642317029606,0.9998537208844231,1.5928341860870652e-06,True,150528,0,0
google-mobilenet-v2-1.0-224-quant,14/a9592ee1a685242768baba050e725e88e0cfcae2.jpeg,14,14,125,125,False,False,False,False,0.08380423876974873,0.09735098019782727,0.0575814227708374,True,150528,0,0
google-mobilenet-v2-1.0-224-quant,140/6bf82b9275c08cf88d965947c3b59d8681b3ac8d.jpeg,140,140,140,140,True,True,True,True,0.6164683389928248,0.7333131453198946,0.015535552171533677,True,150528,0,0
google-mobilenet-v2-1.0-224-quant,141/7a3f823122c44ab1b50dd61567f881ccf685d059.jpeg,141,141,141,141,True,True,True,True,0.9833583560154585,0.9300530587894046,0.009568223521195738,True,150528,0,0
google-mobilenet-v2-1.0-224-quant,142/707d094d8832d579f7138ab56300ae6603ccec88.jpeg,142,142,142,142,True,True,True,True,0.9960548779034556,0.9960963499193589,0.00013431220757616642,True,150528,0,0
google-mobilenet-v2-1.0-224-quant,143/2ff33f4c524997c0f6394c366dcb4b7279da7d4d.jpeg,143,143,143,143,True,True,True,True,0.9940216144654788,0.968128246395354,0.005393873849901997,True,150528,0,0
google-mobilenet-v2-1.0-224-quant,144/a3632c5596046dd7350dd3bcc2407c17bfc3b722.jpeg,144,144,144,144,True,True,True,True,0.9631443848016256,0.904434935637659,0.008264246412485224,True,150528,0,0
google-mobilenet-v2-1.0-224-quant,145/1126d88701772ef7c2d2562eb9dec082b487e14a.jpeg,145,145,145,145,True,True,True,True,0.999659879868278,0.9993722236500542,4.101846587585763e-05,True,150528,0,0
google-mobilenet-v2-1.0-224-quant,146/f0f3b5c2859acc9e057f490367a52509bacfd323.jpeg,146,146,146,146,True,True,True,True,0.9978291928222774,0.993929716072894,0.0007429785342064119,True,150528,0,0
google-mobilenet-v2-1.0-224-quant,147/e9f87efa94177d023d2f700a60d94f7bad760312.jpeg,147,147,147,147,True,True,True,True,0.7794498918070414,0.606971864030574,0.045336659232761464,True,150528,0,0
google-mobilenet-v2-1.0-224-quant,148/dee927dc5d568a0f5ef84e1bca65e5df4d67d729.jpeg,148,148,148,148,True,True,True,True,0.9977468175316461,0.9894381930601915,0.0015909198302366328,True,150528,0,0
google-mobilenet-v2-1.0-224-quant,149/cdf72431e6d3d26c6802b7dcfe276eb36f3d1874.jpeg,149,149,149,149,True,True,True,True,0.7040744376328519,0.6752997947146006,0.010535831462422793,True,150528,0,0
google-mobilenet-v2-1.0-224-quant,15/50c9fbd306bf245e0525bb4b630ad41b1d367bdd.jpeg,15,15,15,15,True,True,True,True,0.7516141578365952,0.40869894319898376,0.07217978040528339,True,150528,0,0
google-mobilenet-v2-1.0-224-quant,150/c72ac3a454460fa1978f470858eeb4afd6708b7a.jpeg,150,150,296,2,False,False,True,True,0.6097992055279499,0.6012873569932377,0.07420541050521193,True,150528,0,0
google-mobilenet-v2-1.0-224-quant,151/84ef9bbd0081428e5d4670724fff7605edf664cd.jpeg,151,151,151,151,True,True,True,True,0.9915236665459813,0.9845301761731995,0.0010809307787050621,True,150528,0,0
google-mobilenet-v2-1.0-224-quant,152/c108561312f348b39bfb98af5f83932cd66fe847.jpeg,152,152,155,152,False,True,True,True,0.7390896112730233,0.7008077353420755,0.12468856448295404,True,150528,0,0
google-mobilenet-v2-1.0-224-quant,153/46c568fea961425ba8f834fc0d3a049a6209a2ad.jpeg,153,153,153,153,True,True,True,True,0.9744554211107579,0.9704650874450524,0.0002040981690537506,True,150528,0,0
google-mobilenet-v2-1.0-224-quant,154/592d63df6e347d5d65fc0cf6faaaf8eccb0eddaf.jpeg,154,154,154,154,True,True,True,True,0.9332197706712595,0.9535597279433582,0.002847397234285609,True,150528,0,0
google-mobilenet-v2-1.0-224-quant,155/de77a652fda4e7e6364f385c67915d57cf52c443.jpeg,155,155,155,204,True,False,True,True,0.6886506813036687,0.5866308138325556,0.05717557096747741,True,150528,0,0
google-mobilenet-v2-1.0-224-quant,156/03986d0c8148d92fac967529ac8d294d64455274.jpeg,156,156,156,156,True,True,True,True,0.9539323234878875,0.9714373443524613,0.0015888804732853835,True,150528,0,0
google-mobilenet-v2-1.0-224-quant,157/476372a5d3050de09f8eb13c0e4f5d05f1b62f42.jpeg,157,157,157,157,True,True,True,True,0.987487016033194,0.9769588697370998,0.0010348889566718542,True,150528,0,0
google-mobilenet-v2-1.0-224-quant,158/0d91ee11f7e2240ee6094aa302f79b63a9c67b03.jpeg,158,158,158,158,True,True,True,True,0.9596290347224339,0.9160489805687398,0.004843933926091399,True,150528,0,0
google-mobilenet-v2-1.0-224-quant,159/44abc42dbe14af3113295b63ab42e3611c556007.jpeg,159,159,159,159,True,True,True,True,0.5277235550200686,0.37215620096399565,0.04194443507059961,True,150528,0,0
google-mobilenet-v2-1.0-224-quant,16/c53a1918a213ce519d80f81095e5fb97f9dfe04e.jpeg,16,16,16,16,True,True,True,True,0.9942378276144451,0.9907782237108399,0.00045619838738539796,True,150528,0,0
google-mobilenet-v2-1.0-224-quant,160/9f5cf01e6875ff69ba237160d611a48e30c82287.jpeg,160,160,160,160,True,True,True,True,0.9986434835685758,0.9978766617194593,7.902074422032851e-05,True,150528,0,0
google-mobilenet-v2-1.0-224-quant,161/6e1fab30b09dc163c262211cebb4a1ff553c2af3.jpeg,161,161,208,208,False,False,False,False,0.21885928676854016,0.4449365046441922,0.054139669810880586,True,150528,0,0
google-mobilenet-v2-1.0-224-quant,162/50b04f5ba570fe87a8349a4c17aed7cf7516bfda.jpeg,162,162,162,162,True,True,True,True,0.48244884366799684,0.7569469155851966,0.053057884181603496,True,150528,0,0
google-mobilenet-v2-1.0-224-quant,163/eb0a0884adcf9f11ad6221701827ae5992bccc73.jpeg,163,163,568,932,False,False,False,False,0.07660454388864019,0.0876981365643126,0.042181072937834456,True,150528,0,0
google-mobilenet-v2-1.0-224-quant,164/cdb776877398ad2922f920f377e7052118f806f9.jpeg,164,164,624,624,False,False,False,False,0.6268112886056735,0.3359339285445545,0.0579465923374507,True,150528,0,0
google-mobilenet-v2-1.0-224-quant,165/554efdb498d0ee7930163ae2ee8a81306152e344.jpeg,165,165,236,236,False,False,True,True,0.822680128542437,0.8260989050775626,0.0004352138256403622,True,150528,0,0
google-mobilenet-v2-1.0-224-quant,166/26cafbfdd5207fd991a77bb5c0f00bf812fa7411.jpeg,166,166,162,162,False,False,True,True,0.40102901373633904,0.6031421173513953,0.024474240009708496,True,150528,0,0
google-mobilenet-v2-1.0-224-quant,167/35634544f0449ea236ca32153db6b579ab7bee88.jpeg,167,167,162,162,False,False,True,True,0.6136297974369179,0.7899917737398648,0.03636905315500464,True,150528,0,0
google-mobilenet-v2-1.0-224-quant,168/689830e1c863f7209dbc445a3ced70158045abef.jpeg,168,168,168,168,True,True,True,True,0.7414775394628789,0.8418473795075851,0.014097301256658156,True,150528,0,0
google-mobilenet-v2-1.0-224-quant,169/9946062d5b83e2fd25cd10b37888522af38b5c6f.jpeg,169,169,212,212,False,False,False,True,0.4829686889766226,0.6370469909566631,0.030379111297501427,True,150528,0,0
google-mobilenet-v2-1.0-224-quant,17/2031b42706310d9c2a96184a43047375067bf4fb.jpeg,17,17,18,18,False,False,True,True,0.46161750414329644,0.7823229974767492,0.08850101290998297,True,150528,0,0
google-mobilenet-v2-1.0-224-quant,170/f5f8faae3d42faaffa744399ec213ab722232e4b.jpeg,170,170,170,170,True,True,True,True,0.5631507741954204,0.5925835513970688,0.001544123618292584,True,150528,0,0
google-mobilenet-v2-1.0-224-quant,171/089267cc10024a9db2aedc87180d5cc00a3be430.jpeg,171,171,151,151,False,False,False,False,0.5480355657277127,0.5335125344475564,0.007854644161224542,True,150528,0,0
google-mobilenet-v2-1.0-224-quant,172/6c488263e6f958df5d54b2750311b4088a675261.jpeg,172,172,173,173,False,False,True,True,0.815136192684663,0.49621950608499743,0.061665723648003275,True,150528,0,0
google-mobilenet-v2-1.0-224-quant,173/b3d550f8569724f91e84fa10496ebc1964e94a6d.jpeg,173,173,173,173,True,True,True,True,0.8633493015601813,0.9659533086636893,0.018841624034366067,True,150528,0,0
google-mobilenet-v2-1.0-224-quant,174/08cd1de45d74e5e771ed2c20feffa2513f6264bf.jpeg,174,174,230,230,False,False,False,False,0.6999145428161831,0.7052864468065088,0.0013818848911870082,True,150528,0,0
google-mobilenet-v2-1.0-224-quant,175/ce78c0289f60d3274f625b717a562f619496a9bf.jpeg,175,175,175,175,True,True,True,True,0.990781851059969,0.9723256154257391,0.0029099483906439875,True,150528,0,0
google-mobilenet-v2-1.0-224-quant,176/54f15a61b9290ea8170654a0d1b4eeed67c3898b.jpeg,176,176,172,172,False,False,True,True,0.5740889853714906,0.4506695232658965,0.07443132048208755,True,150528,0,0
google-mobilenet-v2-1.0-224-quant,177/8939ddd20cd8142e7d7c114a92f0394a4c4a4c5b.jpeg,177,177,177,177,True,True,True,True,0.6065433949946483,0.5905249972949217,0.011656692988004782,True,150528,0,0
google-mobilenet-v2-1.0-224-quant,178/c924b2e9fd078b049d9bccd3d3287dad8c87e2a9.jpeg,178,178,343,343,False,False,False,False,0.25064868625231634,0.4165628695971184,0.04448196592538997,True,150528,0,0
google-mobilenet-v2-1.0-224-quant,179/084da846dc08c8753ef4f23f389fb6612896f22c.jpeg,179,179,178,211,False,False,False,False,0.3475352341565905,0.535516789398438,0.04952653665228513,True,150528,0,0
google-mobilenet-v2-1.0-224-quant,18/a8c004e8e5657dd6da1072c447d282e62c19652b.jpeg,18,18,18,18,True,True,True,True,0.9816417598454702,0.9636956562134039,0.002630011197501692,True,150528,0,0
google-mobilenet-v2-1.0-224-quant,180/24c9c7d0428a79b4cabf4a9dc810bc91358c06e4.jpeg,180,180,179,179,False,False,True,True,0.7344374374933691,0.7897849529202151,0.0024184049695621674,True,150528,0,0
google-mobilenet-v2-1.0-224-quant,181/2bbf2033025480c30bc5046256eaabcdc83c4e47.jpeg,181,181,266,266,False,False,True,True,0.40557635041562196,0.41005946109758645,0.02023329627068473,True,150528,0,0
google-mobilenet-v2-1.0-224-quant,182/de2d46b31db242e3248f48c1e9f63229cadf69e5.jpeg,182,182,188,185,False,False,True,True,0.3633906891445967,0.3042843911804606,0.08192106792808651,True,150528,0,0
google-mobilenet-v2-1.0-224-quant,183/559bcca41d50d4c4ca529dd776d996002b02ccb6.jpeg,183,183,183,183,True,True,True,True,0.9959038298678609,0.9897738576605228,0.0008768593357332036,True,150528,0,0
google-mobilenet-v2-1.0-224-quant,184/59142dccecc86a948346fbe0f39aa5f14345abb4.jpeg,184,184,184,184,True,True,True,True,0.7996000036631441,0.3832608515814768,0.10390209539488957,True,150528,0,0
google-mobilenet-v2-1.0-224-quant,185/f36a79abad6b5fb697c3ca7c6022f646bad20d07.jpeg,185,185,185,185,True,True,True,True,0.9552352568839462,0.9281198837668269,0.00391023910810056,True,150528,0,0
google-mobilenet-v2-1.0-224-quant,186/bf2fcb3411c43a218ecc7cc9b7537f55da7c9fa1.jpeg,186,186,186,186,True,True,True,True,0.5171225904286552,0.3845641831537876,0.03348534568027862,True,150528,0,0
google-mobilenet-v2-1.0-224-quant,187/7a70e19ac92488a842dc3366fa2f0eaa16699f4a.jpeg,187,187,187,187,True,True,True,True,0.9561653806118942,0.86901209682121,0.014184089948039599,True,150528,0,0
google-mobilenet-v2-1.0-224-quant,188/6585556a5f8ea8c3a35f5c0e7d0bb9a8b5a87167.jpeg,188,188,188,188,True,True,True,True,0.5540482435330024,0.6374018697387214,0.014015147624894649,True,150528,0,0
google-mobilenet-v2-1.0-224-quant,189/e18bad6f63f1a838d2a710ddd4201037258b8853.jpeg,189,189,193,193,False,False,False,False,0.4510298895557551,0.4504882533965678,0.01576324104285133,True,150528,0,0
google-mobilenet-v2-1.0-224-quant,19/421b1c1b50d32290369799527de35e48340ec904.jpeg,19,19,364,91,False,False,False,False,0.29089695703589885,0.06589345470422152,0.16096734156133247,True,150528,0,0
google-mobilenet-v2-1.0-224-quant,190/4f032c7b4573d33ee4978b743a2989fb1fb32241.jpeg,190,190,190,190,True,True,True,True,0.8772993900974564,0.9316990737473306,0.0052664870800888325,True,150528,0,0
google-mobilenet-v2-1.0-224-quant,191/475ad0324d667b20ea74bb562dfe9bbda4e2e32e.jpeg,191,191,191,191,True,True,True,True,0.831089497679098,0.4439352242402277,0.09992517670967464,True,150528,0,0
google-mobilenet-v2-1.0-224-quant,192/f1978226b4f13a5ef01a8cbd3b2f5686e00ae66e.jpeg,192,192,278,280,False,False,False,False,0.24436782292910653,0.6412692976663192,0.1674624938350801,True,150528,0,0
google-mobilenet-v2-1.0-224-quant,193/014f123c959ad566a27a8a0cf3c2936e23e65134.jpeg,193,193,187,187,False,False,False,False,0.39599792541070994,0.34349528726358447,0.02829459789409398,True,150528,0,0
google-mobilenet-v2-1.0-224-quant,194/e46d14702fbe0076ca28a1a9b1ce2c22805fc4b0.jpeg,194,194,190,190,False,False,False,False,0.5500724077247146,0.3836654774144913,0.021698855250495756,True,150528,0,0
google-mobilenet-v2-1.0-224-quant,195/c3aa177ceeb5a22bd6fb92b59c7601208857a473.jpeg,195,195,195,195,True,True,True,True,0.8065427500138592,0.7564608574884992,0.0027196388002020486,True,150528,0,0
google-mobilenet-v2-1.0-224-quant,196/ec4f92d119cc8df26388a176cdd8364cd5119b81.jpeg,196,196,235,170,False,False,False,False,0.08190745186321399,0.14761693706135387,0.09740704784974641,True,150528,0,0
google-mobilenet-v2-1.0-224-quant,197/cc399d05a461fc9e133ffc6fae9b8738b4f2dfcf.jpeg,197,197,233,189,False,False,True,False,0.41519718823292945,0.3299470313494694,0.04550806000201352,True,150528,0,0
google-mobilenet-v2-1.0-224-quant,198/0f23b5d6942224ea4958ba5e33aa707dbcc3bad2.jpeg,198,198,205,205,False,False,True,True,0.6548360794148843,0.8103799109311222,0.024960558289991018,True,150528,0,0
google-mobilenet-v2-1.0-224-quant,199/a0ea7a053534d72ca9f505a9046672d37a3edd82.jpeg,199,199,203,203,False,False,True,True,0.9568532031249515,0.9809068094692912,0.0026193728932040385,True,150528,0,0
google-mobilenet-v2-1.0-224-quant,2/a3fe31aa50209bf1384d1cdd28812684621fdc05.jpeg,2,2,2,2,True,True,True,True,0.9804999809437911,0.940269055111622,0.00571910751673734,True,150528,0,0
google-mobilenet-v2-1.0-224-quant,20/d5458f41fd43bf68a02a4483dd5469c3ded13c05.jpeg,20,20,20,20,True,True,True,True,0.9207011252126553,0.7484953537125537,0.03694804920300881,True,150528,0,0
google-mobilenet-v2-1.0-224-quant,200/edf3fa35a55f034072a85f491a95e4077da0eae1.jpeg,200,200,200,200,True,True,True,True,0.6200678596898026,0.6860431145667638,0.005025799594907675,True,150528,0,0
google-mobilenet-v2-1.0-224-quant,201/9ef5172b0440cc6157bb4ec377c5b8755c85ff77.jpeg,201,201,153,153,False,False,False,False,0.3144916935736314,0.6765014430731591,0.07909471147859289,True,150528,0,0
google-mobilenet-v2-1.0-224-quant,202/ee14c08efce18f03ee89ffa097ade07f28c31cf9.jpeg,202,202,184,184,False,False,True,True,0.4563442700084042,0.4215763841323801,0.010671978983967389,True,150528,0,0
google-mobilenet-v2-1.0-224-quant,203/fd914345cccbbbf50a7c0e096cb8c5f874e9bcba.jpeg,203,203,203,153,True,False,True,True,0.4717560480486409,0.43456089892383787,0.004719185982815974,True,150528,0,0
google-mobilenet-v2-1.0-224-quant,204/a4a8b359df209f5e1f86759d5e7904300932e04b.jpeg,204,204,204,968,True,False,True,True,0.2608788361611624,0.16727646449318553,0.02360279972394353,True,150528,0,0
google-mobilenet-v2-1.0-224-quant,205/194ab2af3f5802ad12e1f4327d598743b01489c0.jpeg,205,205,205,220,True,False,True,True,0.5242875758276697,0.33683743416324496,0.045396339268757024,True,150528,0,0
google-mobilenet-v2-1.0-224-quant,206/9d074b7f88bedbbcd6c1512d85e59c6889c5bed6.jpeg,206,206,206,206,True,True,True,True,0.9515634853433095,0.9704679422617706,0.005104006574658232,True,150528,0,0
google-mobilenet-v2-1.0-224-quant,207/d517157318be90dc4db0b5ae234c2225f276cea9.jpeg,207,207,207,163,True,False,True,True,0.5605127398339032,0.2250430684607858,0.110928452660917,True,150528,0,0
google-mobilenet-v2-1.0-224-quant,208/d41c4584203e4822e0ceb88cb61f6be17657da34.jpeg,208,208,180,180,False,False,True,True,0.44541524547853406,0.4498859386317307,0.04018596006610513,True,150528,0,0
google-mobilenet-v2-1.0-224-quant,209/7f7440bf6c6358709f7a6a6d4c57ff8ac21b91c5.jpeg,209,209,209,209,True,True,True,True,0.9777047134850614,0.8445179332977959,0.0338249454120384,True,150528,0,0
google-mobilenet-v2-1.0-224-quant,21/ac2c656fc39dc3b7e4222ce044ac55ff6741494c.jpeg,21,21,21,21,True,True,True,True,0.5929531519973755,0.7062025879312195,0.04199869733153152,True,150528,0,0
google-mobilenet-v2-1.0-224-quant,210/e796c635a7eb660acb5847ee7a279febf36f631d.jpeg,210,210,205,205,False,False,False,False,0.5130876805718183,0.5137483465228448,0.05131360354542867,True,150528,0,0
google-mobilenet-v2-1.0-224-quant,211/917045b03dcf2ce7d95b583c2fb05ed8b36ebfc3.jpeg,211,211,178,178,False,False,True,True,0.5796591541290074,0.3164448391057986,0.04610677924249053,True,150528,0,0
google-mobilenet-v2-1.0-224-quant,212/4d9837a37ed6e12dc21f5234df93ed6c9355183c.jpeg,212,212,212,212,True,True,True,True,0.8799443055172335,0.9211863299862297,0.008897996134273315,True,150528,0,0
google-mobilenet-v2-1.0-224-quant,213/97ad643c56cdbc8d5f215e504a3a9d9143e59a06.jpeg,213,213,213,213,True,True,True,True,0.9944506582263775,0.9926270049967415,0.00031213596326831825,True,150528,0,0
google-mobilenet-v2-1.0-224-quant,214/d05db227cd75f599ea65a031f6740f1c98e042af.jpeg,214,214,214,214,True,True,True,True,0.5636607941182801,0.365577417327526,0.0320709586894953,True,150528,0,0
google-mobilenet-v2-1.0-224-quant,215/5e6b9b579d344137921a12c0f17778fb2c76f1aa.jpeg,215,215,239,239,False,False,False,False,0.707037672841713,0.49569343718846837,0.042136493895695834,True,150528,0,0
google-mobilenet-v2-1.0-224-quant,216/e58c3d10cd6d47a90d082f70867725349edcc81d.jpeg,216,216,216,216,True,True,True,True,0.9991713859005847,0.9990232278284145,3.70120826743559e-05,True,150528,0,0
google-mobilenet-v2-1.0-224-quant,217/1a588c99012b93869f39632bface6f720a83ae37.jpeg,217,217,218,220,False,False,True,True,0.4121477122872266,0.31145921776033647,0.050076415036481574,True,150528,0,0
google-mobilenet-v2-1.0-224-quant,218/3e6d380d5bdedc883de255e293098425ac3a2282.jpeg,218,218,218,218,True,True,True,True,0.988834614167961,0.8868579104601454,0.026030176937546147,True,150528,0,0
google-mobilenet-v2-1.0-224-quant,219/da357cbf7df1f294eb2cecf62c26faad47c74216.jpeg,219,219,177,522,False,False,False,False,0.08464662195991612,0.03512375600422503,0.17308920896566704,True,150528,0,0
google-mobilenet-v2-1.0-224-quant,22/21bcb021534969af5c3aa0703be97a974d19230a.jpeg,22,22,23,23,False,False,True,True,0.8739235864974121,0.7449874171442559,0.016389640169503953,True,150528,0,0
google-mobilenet-v2-1.0-224-quant,220/3af10849e18049ca6c11909532d6e97fbc640781.jpeg,220,220,220,220,True,True,True,True,0.9713389928159594,0.9714619121195459,4.520379831217312e-05,True,150528,0,0
google-mobilenet-v2-1.0-224-quant,221/1b861d1f1baff93b2de744300a3fb0e41e62eaf4.jpeg,221,221,221,221,True,True,True,True,0.9757727665005987,0.9733763336831948,0.0012774800116460458,True,150528,0,0
google-mobilenet-v2-1.0-224-quant,222/b84065d54a541a97899c40f69365693375280839.jpeg,222,222,257,257,False,False,False,False,0.3357867538646893,0.31580124994800224,0.04240675036686772,True,150528,0,0
google-mobilenet-v2-1.0-224-quant,223/583a80e52adc95acae5b7ade7c5d873952988170.jpeg,223,223,223,731,True,False,True,False,0.20378571463131998,0.145135550186069,0.14054871467257865,True,150528,0,0
google-mobilenet-v2-1.0-224-quant,224/3eec7fa7789d8bd3f249ecd9898b60a673c0ba21.jpeg,224,224,223,197,False,False,False,False,0.3289886635044445,0.2850501159103663,0.08181868055094144,True,150528,0,0
google-mobilenet-v2-1.0-224-quant,225/3aa09cb49fe25f06335381315e466cc32ff8372e.jpeg,225,225,225,225,True,True,True,True,0.9393801300361394,0.9745541264408236,0.006599008765869647,True,150528,0,0
google-mobilenet-v2-1.0-224-quant,226/9c3932d7d3d93cc5f70f52c6053024763befdec0.jpeg,226,226,255,255,False,False,True,True,0.31580557658162073,0.3326402263120112,0.060574753681816966,True,150528,0,0
google-mobilenet-v2-1.0-224-quant,227/64e0c493312b4d7ffd39e45f9d2bf5b3d7673596.jpeg,227,227,227,227,True,True,True,True,0.8297946145192119,0.9282942287525566,0.017650981478780744,True,150528,0,0
google-mobilenet-v2-1.0-224-quant,228/5da4848ba6101fc3ca7f651e0e609bfdd95b4633.jpeg,228,228,200,200,False,False,False,True,0.181347649776546,0.08804973762997308,0.04914338154517206,True,150528,0,0
google-mobilenet-v2-1.0-224-quant,229/4cb9939e4f18e1429e96e2f8edc2e09aeaa72294.jpeg,229,229,229,229,True,True,True,True,0.819178853256834,0.693055594130986,0.015135501258385857,True,150528,0,0
google-mobilenet-v2-1.0-224-quant,23/c3188738a7bf0df4d2a693719681fabba4feb28d.jpeg,23,23,23,23,True,True,True,True,0.8768694418071034,0.607904432422005,0.059539002623811774,True,150528,0,0
google-mobilenet-v2-1.0-224-quant,230/a451ba48a099daca43182662ee23c097a4aeee61.jpeg,230,230,230,230,True,True,True,True,0.992248204435318,0.9928863723945185,0.00015715410385512188,True,150528,0,0
google-mobilenet-v2-1.0-224-quant,231/13972c2f94d6b15bba363452111127733ebddaa8.jpeg,231,231,232,232,False,False,True,True,0.7424188056368836,0.40806731528060225,0.07624928741651096,True,150528,0,0
google-mobilenet-v2-1.0-224-quant,232/2013c7dee97ee68dce910506a4324d71830410cb.jpeg,232,232,232,232,True,True,True,True,0.780323965933246,0.5664544936541942,0.0398465665351269,True,150528,0,0
google-mobilenet-v2-1.0-224-quant,233/13c39a4abf6da100d0b9e01aca97be1f31c60228.jpeg,233,233,226,226,False,False,True,True,0.6107362474979299,0.5443981743931878,0.008589251577610438,True,150528,0,0
google-mobilenet-v2-1.0-224-quant,234/c29636b5056faba194e5137103f6fdc6a87481c9.jpeg,234,234,236,166,False,False,True,True,0.31817319284757845,0.4112280708678904,0.09746641302172612,True,150528,0,0
google-mobilenet-v2-1.0-224-quant,235/29f0419aa43448ac59a6ef4458af5e56f2126d46.jpeg,235,235,235,235,True,True,True,True,0.9964305896414983,0.9945573657659793,0.0002743302519869952,True,150528,0,0
google-mobilenet-v2-1.0-224-quant,236/a6457cfdb62e8a80cc74512e26095e82b66009c5.jpeg,236,236,236,236,True,True,True,True,0.8399960484673821,0.8277211558728896,0.00285520571975619,True,150528,0,0
google-mobilenet-v2-1.0-224-quant,237/e97a5ee6f289017f9137711f71b0d663c5474750.jpeg,237,237,237,237,True,True,True,True,0.8573513798111955,0.8246530073755265,0.006095724325785844,True,150528,0,0
google-mobilenet-v2-1.0-224-quant,238/fda46695d758da09e2c4991993ee1c630676630f.jpeg,238,238,238,238,True,True,True,True,0.5789494229836402,0.5750316192183916,0.005662650115694749,True,150528,0,0
google-mobilenet-v2-1.0-224-quant,239/54d6679483dbbbc8453a8c599dc4893d82d2f0a6.jpeg,239,239,222,222,False,False,True,True,0.5963889298644166,0.7386266547396971,0.014496801856999239,True,150528,0,0
google-mobilenet-v2-1.0-224-quant,24/de38d352e5464981292bfa268803fae8be552181.jpeg,24,24,21,21,False,False,True,True,0.5745325611056274,0.6647870109866647,0.012693454894586217,True,150528,0,0
google-mobilenet-v2-1.0-224-quant,240/689cfc19c9305622a8910c247696cd72f31f5310.jpeg,240,240,240,240,True,True,True,True,0.8532409352858751,0.6329950203093354,0.033477930728778534,True,150528,0,0
google-mobilenet-v2-1.0-224-quant,241/3d2dfb1b274fa1e7b0b6694ab09bad33413dc573.jpeg,241,241,241,241,True,True,True,True,0.8614695927415573,0.7359502947491197,0.012516919024529382,True,150528,0,0
google-mobilenet-v2-1.0-224-quant,242/dac57612879f99644f938f0d24336ed25ef8dc23.jpeg,242,242,179,179,False,False,True,False,0.6620569586996808,0.6845575316914729,0.0007187473352441047,True,150528,0,0
google-mobilenet-v2-1.0-224-quant,243/5114b1a4e6e462f6bdd7ea85fc3092bd7c40c601.jpeg,243,243,243,179,True,False,True,True,0.41455581916964335,0.32115830650475796,0.07592965055479281,True,150528,0,0
google-mobilenet-v2-1.0-224-quant,244/d8c25d4bb0c812c60028e65a58f3329f929bf93b.jpeg,244,244,209,208,False,False,False,False,0.2056612772770507,0.17601463100942452,0.0830985998408802,True,150528,0,0
google-mobilenet-v2-1.0-224-quant,245/cd30f58f7dd9893ceb273b3188b7f4e76b0a5e0e.jpeg,245,245,245,245,True,True,True,True,0.9489943258137604,0.9566045862162181,0.002821611502081419,True,150528,0,0
google-mobilenet-v2-1.0-224-quant,246/eac9c6666b0015f80091f6f1944f5cf7fcc8a393.jpeg,246,246,428,428,False,False,False,False,0.40588268768764696,0.400016634710944,0.16975356507395617,True,150528,0,0
google-mobilenet-v2-1.0-224-quant,247/67ef527b5ce9938f813381eca0653f011555cc17.jpeg,247,247,247,247,True,True,True,True,0.8830752321013232,0.8831603741829822,0.00803621334135651,True,150528,0,0
google-mobilenet-v2-1.0-224-quant,248/f0799f8c2da48119d2334cf40424c5db83725ab1.jpeg,248,248,232,232,False,False,False,False,0.7004531795862984,0.3494427966708174,0.07020512006805162,True,150528,0,0
google-mobilenet-v2-1.0-224-quant,249/dc95481b50d98de9ccac0001ec65567e1a901227.jpeg,249,249,249,269,True,False,True,True,0.7426720264598474,0.42746425505951663,0.07656705170283871,True,150528,0,0
google-mobilenet-v2-1.0-224-quant,25/528d4dc4d6b540638b6399a8d800ace79f90a04d.jpeg,25,25,25,25,True,True,True,True,0.9021419920457833,0.8648735031310784,0.0029239433817190995,True,150528,0,0
google-mobilenet-v2-1.0-224-quant,250/6d1b6e493b987d4d91168bafbd1d18f3c586c815.jpeg,250,250,248,250,False,True,True,True,0.6281998454551087,0.5121001829926253,0.014888578355092122,True,150528,0,0
google-mobilenet-v2-1.0-224-quant,251/3c7e1925bafa85e432aaf981dcb9c89994478073.jpeg,251,251,251,251,True,True,True,True,0.9993655908923789,0.9989840996097658,6.411986453311637e-05,True,150528,0,0
google-mobilenet-v2-1.0-224-quant,252/1117c8140419cbb2e3b1f3663aada69989ee0bac.jpeg,252,252,266,416,False,False,False,False,0.17006201083635408,0.34409143268165115,0.188036022715875,True,150528,0,0
google-mobilenet-v2-1.0-224-quant,253/a1768869b50f5056744f0b174cfc2cd67476fe97.jpeg,253,253,253,253,True,True,True,True,0.44780043935432656,0.3891616118480455,0.030753350506863418,True,150528,0,0
google-mobilenet-v2-1.0-224-quant,254/6828eee65d432dc7e101938913dbaab0f8b61b39.jpeg,254,254,254,254,True,True,True,True,0.9642698185141618,0.966037228957516,0.0007645545699620263,True,150528,0,0
google-mobilenet-v2-1.0-224-quant,255/b5484a3d0ae6dfc7938b0b7379bc68559dfc0b1b.jpeg,255,255,255,255,True,True,True,True,0.9881562466065656,0.9007352033841538,0.022224184432417252,True,150528,0,0
google-mobilenet-v2-1.0-224-quant,256/526fc8f330753217bf0b665c91097b0c84e12d9c.jpeg,256,256,256,256,True,True,True,True,0.9594129835284997,0.9674052014107692,0.0013172073388859518,True,150528,0,0
google-mobilenet-v2-1.0-224-quant,257/da6cf6224dfdc364e4e146c14fae611db5b3aed6.jpeg,257,257,257,257,True,True,True,True,0.7340074117062864,0.9587331894484922,0.05853691098295897,True,150528,0,0
google-mobilenet-v2-1.0-224-quant,258/7c993ea5d80ea7dbaeac4e3085ab8e7acdedee4c.jpeg,258,258,258,258,True,True,True,True,0.9743511898580881,0.9802558753752043,0.0006198362592900459,True,150528,0,0
google-mobilenet-v2-1.0-224-quant,259/96e9a8bf30118e014507831594be51522652f3a8.jpeg,259,259,105,354,False,False,False,False,0.18934918115431998,0.15952698609379976,0.12101736734532566,True,150528,0,0
google-mobilenet-v2-1.0-224-quant,26/1d941f4fa4b9f6ab6b425af83ce3eabf634c9063.jpeg,26,26,26,26,True,True,True,True,0.7362746512381555,0.7564675897467916,0.009778601699683802,True,150528,0,0
google-mobilenet-v2-1.0-224-quant,260/7f4ba5272d242180c6e91f34d4e041598963edd3.jpeg,260,260,260,260,True,True,True,True,0.9972917289130111,0.9981069866593849,0.0001547258358391636,True,150528,0,0
google-mobilenet-v2-1.0-224-quant,261/f6c68e7c65be35f932e0851184de4debe6fd50ed.jpeg,261,261,261,261,True,True,True,True,0.9765840342503291,0.9589427314455541,0.0016237662119111215,True,150528,0,0
google-mobilenet-v2-1.0-224-quant,262/34e651fb9c4dbb749c0739bc4bb4a93af9ce1c45.jpeg,262,262,795,795,False,False,False,False,0.4609632044574807,0.6601932960358192,0.07614651213804408,True,150528,0,0
google-mobilenet-v2-1.0-224-quant,263/9bd4bfe3ba4352fe8023b46b332fc5add4b79223.jpeg,263,263,263,263,True,True,True,True,0.9333972767093206,0.9366183897832795,0.0005642309026856571,True,150528,0,0
google-mobilenet-v2-1.0-224-quant,264/048b8ae4f914244cec39e35c8d70f8c8544f296d.jpeg,264,264,263,263,False,False,True,True,0.7823855219098274,0.8419737568251002,0.0029521816534056403,True,150528,0,0
google-mobilenet-v2-1.0-224-quant,265/f84a9ff3fa664b67d44a8fbc80bf30475271df96.jpeg,265,265,266,266,False,False,True,True,0.5473075779682881,0.5991434202446309,0.0023301518952086697,True,150528,0,0
google-mobilenet-v2-1.0-224-quant,266/54049d16cb364f70632b26b889144b96ca07b7b7.jpeg,266,266,266,266,True,True,True,True,0.7871262646658952,0.7173048582134542,0.012098217692785298,True,150528,0,0
google-mobilenet-v2-1.0-224-quant,267/f49de10ef89e294e1400b62ac3a8c88dd1eb7011.jpeg,267,267,258,332,False,False,False,False,0.1710298047860055,0.30786038566371465,0.16288343398586758,True,150528,0,0
google-mobilenet-v2-1.0-224-quant,268/95dc7f038895ccddb3abfa38440c5b16972e109d.jpeg,268,268,178,178,False,False,False,False,0.898904984511465,0.8266557423094661,0.008457417090011942,True,150528,0,0
google-mobilenet-v2-1.0-224-quant,269/fe33d08f50f786cbef2f2f7c4545c978052ee0c4.jpeg,269,269,280,280,False,False,True,True,0.7133772783546815,0.5366211447258392,0.02241801126985487,True,150528,0,0
google-mobilenet-v2-1.0-224-quant,27/3bf19ae6cec1bf4e08f9b84fc77058d51e9750d2.jpeg,27,27,27,27,True,True,True,True,0.9322191618119868,0.975838801925013,0.007464421136968659,True,150528,0,0
google-mobilenet-v2-1.0-224-quant,270/88fa81ccc3d41e9709683606499d89ef459a05c6.jpeg,270,270,270,270,True,True,True,True,0.9561134408903798,0.9590590238879144,0.004469423032094601,True,150528,0,0
google-mobilenet-v2-1.0-224-quant,271/4559eb9220cc8f58156a3063e086b23a7c0718d1.jpeg,271,271,271,271,True,True,True,True,0.9521607043087265,0.880621478748469,0.010715473317892504,True,150528,0,0
google-mobilenet-v2-1.0-224-quant,272/bb42f50e57bf002b2f5027cfb005aa97b0bf8ef1.jpeg,272,272,272,272,True,True,True,True,0.5414819158252107,0.6384705122011156,0.01530888391648471,True,150528,0,0
google-mobilenet-v2-1.0-224-quant,273/ecb8c62631df65228b995824793652fe8454d90e.jpeg,273,273,273,273,True,True,True,True,0.9791147786698777,0.9709381394225047,0.0009622431620294432,True,150528,0,0
google-mobilenet-v2-1.0-224-quant,274/c791abbdf10b9768e49f66fdc3e0caafbdcaa357.jpeg,274,274,274,274,True,True,True,True,0.9849664177350657,0.9766594364687832,0.001447473269668957,True,150528,0,0
google-mobilenet-v2-1.0-224-quant,275/7ab5eccc519ace0fe4e14b4d9bdc191bacf93ccf.jpeg,275,275,275,275,True,True,True,True,0.987047038184347,0.9532981095225573,0.005511752029732803,True,150528,0,0
google-mobilenet-v2-1.0-224-quant,276/2e5738340eabb12b3a0aebfcb677b7b6e35b4f5d.jpeg,276,276,276,276,True,True,True,True,0.9882247634730091,0.9843207189660262,0.00014791924434902261,True,150528,0,0
google-mobilenet-v2-1.0-224-quant,277/0093e1ea34a50478a06d838b928f226126dbc8f9.jpeg,277,277,277,277,True,True,True,True,0.829212846433414,0.7391003246154478,0.02552702711167324,True,150528,0,0
google-mobilenet-v2-1.0-224-quant,278/d2671adf494434076e06a7cb030a1c442e186376.jpeg,278,278,277,277,False,False,True,True,0.8984094105812258,0.8949913285720668,0.003243179533561255,True,150528,0,0
google-mobilenet-v2-1.0-224-quant,279/fb17c5b85de1f8c5eaf477055fd2fa673ae6c90f.jpeg,279,279,279,279,True,True,True,True,0.5648111803036068,0.77689290610711,0.04257058384356588,True,150528,0,0
google-mobilenet-v2-1.0-224-quant,28/0748fef4c886216ee5d48f952942c3006f173ece.jpeg,28,28,25,25,False,False,True,True,0.8133052649447153,0.5224713814897741,0.048983299505260286,True,150528,0,0
google-mobilenet-v2-1.0-224-quant,280/def38297b856683577c514e9d1cfaed780d14f9b.jpeg,280,280,42,42,False,False,True,True,0.3934009020134554,0.5735283391576823,0.0813996994797348,True,150528,0,0
google-mobilenet-v2-1.0-224-quant,281/f034c4290715852c03e6b4b6c586b45d5e6ee312.jpeg,281,281,285,285,False,False,True,True,0.5132758565467271,0.6666007890077892,0.015461490132148781,True,150528,0,0
google-mobilenet-v2-1.0-224-quant,282/f368614af9ea8e47e0cf0e7a40ef2d4ddfac58c5.jpeg,282,282,282,285,True,False,True,True,0.31162375484018184,0.43255110154451126,0.03425447968799822,True,150528,0,0
google-mobilenet-v2-1.0-224-quant,283/d6da9d3963b3b00c82d62acd4763570b02197c9f.jpeg,283,283,283,283,True,True,True,True,0.7072719487290859,0.658865797306094,0.029710996738491226,True,150528,0,0
google-mobilenet-v2-1.0-224-quant,284/d7df634be61cb4ac299f9e96ec8f92674efbd967.jpeg,284,284,284,284,True,True,True,True,0.40098920591049025,0.27430808969554427,0.020809774050364688,True,150528,0,0
google-mobilenet-v2-1.0-224-quant,285/ed3ae81abc1beee1bcd146248f3f98478b92dd2c.jpeg,285,285,285,285,True,True,True,True,0.9972263281940992,0.9967229320481766,3.109619052307417e-05,True,150528,0,0
google-mobilenet-v2-1.0-224-quant,286/bcc1affb7e872810d8e162573b157e1693cd156d.jpeg,286,286,286,286,True,True,True,True,0.7123581851692578,0.3957515291177296,0.08048266719112929,True,150528,0,0
google-mobilenet-v2-1.0-224-quant,287/63254c57cd25afd6ee11619058367ab19e2e4bcb.jpeg,287,287,287,287,True,True,True,True,0.9778463987768502,0.9693329467118517,0.000624690353248137,True,150528,0,0
google-mobilenet-v2-1.0-224-quant,288/f5d585f002c6de8a73d9d6eee89d42bae3d8c2c6.jpeg,288,288,289,289,False,False,True,True,0.9889682182086584,0.9854508671067,0.0001466152939054659,True,150528,0,0
google-mobilenet-v2-1.0-224-quant,289/12bf80a79ea7626d9035ed53efcba1d690a6ea1d.jpeg,289,289,289,289,True,True,True,True,0.9373663053177258,0.647726412196917,0.06928203758320707,True,150528,0,0
google-mobilenet-v2-1.0-224-quant,29/daa4d8b97581a5ba1579ae05955105ebbe1cb6f2.jpeg,29,29,29,29,True,True,True,True,0.9913260048816779,0.9941345136779351,0.00032836087870590115,True,150528,0,0
google-mobilenet-v2-1.0-224-quant,290/2e0bf5e2fb61dd38ef745b121aa97dbbc20817ef.jpeg,290,290,290,290,True,True,True,True,0.9687829933914915,0.9808029898361125,0.0007501419813550946,True,150528,0,0
google-mobilenet-v2-1.0-224-quant,291/1e4d4a90c6dd2ab513e0abc9968a8432c19453a4.jpeg,291,291,286,286,False,False,True,True,0.6438912637233227,0.8103298184249986,0.02508556750262221,True,150528,0,0
google-mobilenet-v2-1.0-224-quant,292/d4261347f4c985460a4f08d609c3aebbabc5b5fc.jpeg,292,292,292,287,True,False,True,True,0.30760317060023296,0.28316620601524356,0.09619491097961277,True,150528,0,0
google-mobilenet-v2-1.0-224-quant,293/3c2621490744111b4b0e4c61a91b1ea4cb6be172.jpeg,293,293,293,291,True,False,True,True,0.7713860177380654,0.5809959496607182,0.0779494617701218,True,150528,0,0
google-mobilenet-v2-1.0-224-quant,294/46daa3b5d22c9c204699b4ab2b03fdf277436420.jpeg,294,294,294,294,True,True,True,True,0.767949923339784,0.6854589979605016,0.0066149898786718574,True,150528,0,0
google-mobilenet-v2-1.0-224-quant,295/a88a4ea83934d8b0db397e760c17d7bef7a9f991.jpeg,295,295,295,295,True,True,True,True,0.998102739606329,0.9988852369898464,7.639771654800705e-05,True,150528,0,0
google-mobilenet-v2-1.0-224-quant,296/6206a304b2e524ec7a47f375a847b72dbc7b9d12.jpeg,296,296,296,296,True,True,True,True,0.99956225515912,0.9996999861516075,3.674645968790809e-05,True,150528,0,0
google-mobilenet-v2-1.0-224-quant,297/b5e1794723534b7762e19f72faa757eb0db02549.jpeg,297,297,297,297,True,True,True,True,0.9315696542104159,0.8132889520500591,0.019361899936750634,True,150528,0,0
google-mobilenet-v2-1.0-224-quant,298/f41ade09e4124d3516e89d4b7bcf4e939084b1e1.jpeg,298,298,298,298,True,True,True,True,0.9877051564307036,0.9878220095351495,0.00015350556715325856,True,150528,0,0
google-mobilenet-v2-1.0-224-quant,299/8034ddc161f5b9badbc9e8e85ee5dbe7c565d8c5.jpeg,299,299,299,299,True,True,True,True,0.8757070571149278,0.8799684389317055,0.004270657844805442,True,150528,0,0
google-mobilenet-v2-1.0-224-quant,3/3212002cf6d1a3b6de68c336416e7e506433922e.jpeg,3,3,3,3,True,True,True,True,0.804740434977942,0.7159578469760546,0.008531486375308192,True,150528,0,0
google-mobilenet-v2-1.0-224-quant,30/c451b1f485510d91316ce89aa94a44eefdf82610.jpeg,30,30,30,30,True,True,True,True,0.9166005247306251,0.8788320573641576,0.0022302931562506565,True,150528,0,0
google-mobilenet-v2-1.0-224-quant,300/abffc2f00597144863219c640c03774c4c6f6c9d.jpeg,300,300,300,77,True,False,True,True,0.4903222920691989,0.36630071158511934,0.1277294663816864,True,150528,0,0
google-mobilenet-v2-1.0-224-quant,301/edfbc31b540f68361dd75339386b4e7875d07870.jpeg,301,301,301,301,True,True,True,True,0.5972180349363184,0.5239881861841916,0.0027684436979932506,True,150528,0,0
google-mobilenet-v2-1.0-224-quant,302/a1c3ce36994825422a1472016d0f7d6e5e3aebd5.jpeg,302,302,302,302,True,True,True,True,0.5351733211000359,0.400872744722803,0.020122641097155513,True,150528,0,0
google-mobilenet-v2-1.0-224-quant,303/1f84d3c8a1981794ab79b1ee3a5847b8277c6439.jpeg,303,303,72,318,False,False,True,False,0.21890073296336643,0.4628103839544744,0.2721257294321686,True,150528,0,0
google-mobilenet-v2-1.0-224-quant,304/714c0847cfa075da9d04184bb65a3678028e1f07.jpeg,304,304,304,304,True,True,True,True,0.6758351602304243,0.6463224526504225,0.0020856377704429867,True,150528,0,0
google-mobilenet-v2-1.0-224-quant,305/22f8d7bb3d57319b1f7b445a76f91baf6bc051aa.jpeg,305,305,305,305,True,True,True,True,0.9407698183165009,0.8385851626322798,0.021072881844223457,True,150528,0,0
google-mobilenet-v2-1.0-224-quant,306/c836ed56fb2a50c4377060bd2e69cba1bf6159f3.jpeg,306,306,306,316,True,False,True,True,0.9734492071130897,0.5218554183971997,0.23288473635543022,True,150528,0,0
google-mobilenet-v2-1.0-224-quant,307/19580e48423210a4d4b731a94b605d1a5faf797c.jpeg,307,307,307,307,True,True,True,True,0.9913428650642436,0.9920315805270579,0.00014651768752815404,True,150528,0,0
google-mobilenet-v2-1.0-224-quant,308/ea95304f108cb51c9084992eef5977fa01582c42.jpeg,308,308,308,308,True,True,True,True,0.9947357042889827,0.9924997880106606,0.0003873089613654193,True,150528,0,0
google-mobilenet-v2-1.0-224-quant,309/8f9a477a786bc40dd80e0a7cc5eb3a71439f33db.jpeg,309,309,309,309,True,True,True,True,0.6512189627804378,0.7488098764671993,0.021096482456252084,True,150528,0,0
google-mobilenet-v2-1.0-224-quant,31/57ea1dce28e800fc655b5df11ab9f5a9e4efe003.jpeg,31,31,31,31,True,True,True,True,0.9977345612299715,0.9959454273525489,0.00013690282468199473,True,150528,0,0
google-mobilenet-v2-1.0-224-quant,310/24a5c012e19475a130e90e025921edce6a068acc.jpeg,310,310,310,310,True,True,True,True,0.9719065956479532,0.5914294429189269,0.12824796312093542,True,150528,0,0
google-mobilenet-v2-1.0-224-quant,311/428f55ea9a8402e7f0fffe2e5768719602df763b.jpeg,311,311,311,311,True,True,True,True,0.7747740062826382,0.67150509877935,0.031177719553672607,True,150528,0,0
google-mobilenet-v2-1.0-224-quant,312/7dc50401fa9b19fe5b33365e09cc9bd018fdda78.jpeg,312,312,311,311,False,False,True,True,0.7139797024534923,0.6926059745564368,0.005419991308658739,True,150528,0,0
google-mobilenet-v2-1.0-224-quant,313/b408185876fc316af54dd2b2131f49fe6178ba8e.jpeg,313,313,313,313,True,True,True,True,0.9942276843352185,0.9860334172892143,0.0010436105458514337,True,150528,0,0
google-mobilenet-v2-1.0-224-quant,314/a5c46777b5f0102a0f0471299f8aa75db0f9af25.jpeg,314,314,77,61,False,False,True,True,0.1798734169498176,0.111088759850377,0.05876621165686526,True,150528,0,0
google-mobilenet-v2-1.0-224-quant,315/1bc4185839c2f2f11b58db3f37767448b61e080e.jpeg,315,315,315,311,True,False,True,True,0.5353285790475852,0.49022041123827637,0.014158666402257252,True,150528,0,0
google-mobilenet-v2-1.0-224-quant,316/53dfaacaad930ecbd6fc78812084f4618d601d33.jpeg,316,316,316,316,True,True,True,True,0.7591790005400573,0.7908244080630582,0.02096277002024043,True,150528,0,0
google-mobilenet-v2-1.0-224-quant,317/2418f5a2dccb48d5cf13e286f96a27ece34c1cd2.jpeg,317,317,317,317,True,True,True,True,0.9638367253996138,0.9020864711603243,0.015221053488385237,True,150528,0,0
google-mobilenet-v2-1.0-224-quant,318/37238bcf0f32456190776b7471ef4b35fac1ade8.jpeg,318,318,785,893,False,False,False,False,0.11184321080722323,0.09949902981760732,0.08149991030288115,True,150528,0,0
google-mobilenet-v2-1.0-224-quant,319/0b62c0b17d2b2e87d8bbcc84b70185e1e65aa05b.jpeg,319,319,319,319,True,True,True,True,0.9779647458071912,0.9791878160059692,0.0001097803458673174,True,150528,0,0
google-mobilenet-v2-1.0-224-quant,32/df8f21199a853e6b608bb8c092939a097a9389e8.jpeg,32,32,30,30,False,False,True,False,0.9121514040570418,0.33614703760934395,0.20397903850136412,True,150528,0,0
google-mobilenet-v2-1.0-224-quant,320/4afc91a7d61c16dcabd0d67171d8ba3677bfb9b0.jpeg,320,320,320,320,True,True,True,True,0.8657441724288096,0.8126949472727995,0.002693902054043123,True,150528,0,0
google-mobilenet-v2-1.0-224-quant,321/6eb34ed321e9f8aece67f3fb87bf522af0023baa.jpeg,321,321,321,321,True,True,True,True,0.9933819556080651,0.9632720697688051,0.006075920099531606,True,150528,0,0
google-mobilenet-v2-1.0-224-quant,322/95b132c6bbb185104f90ff0b9cd1a4f3c10f3837.jpeg,322,322,322,322,True,True,True,True,0.9995420327536906,0.9989771446205268,6.513492771066671e-05,True,150528,0,0
google-mobilenet-v2-1.0-224-quant,323/3dc073e699456d84099355cf2aa0f242d6c00bb9.jpeg,323,323,323,323,True,True,True,True,0.9872652367463075,0.95605224414464,0.006238214055879338,True,150528,0,0
google-mobilenet-v2-1.0-224-quant,324/924ce7b6a897bacca789e6fce0d068f8e7b55113.jpeg,324,324,324,324,True,True,True,True,0.9761510165452535,0.9761352700614255,0.00045979644472936043,True,150528,0,0
google-mobilenet-v2-1.0-224-quant,325/561d1dbb717e278990682f294c4dbd093241ce05.jpeg,325,325,325,325,True,True,True,True,0.9995733799988645,0.9973484271967331,0.0004958107084086756,True,150528,0,0
google-mobilenet-v2-1.0-224-quant,326/c573b45faae6ed4a394d73ff8b192ca3981810cf.jpeg,326,326,326,326,True,True,True,True,0.8950278311216172,0.7330359882030806,0.024502516500883677,True,150528,0,0
google-mobilenet-v2-1.0-224-quant,327/df464119bcbcc6e6f7fe0104d611278bbb34e8b0.jpeg,327,327,616,644,False,False,True,True,0.21681703383897596,0.06822056874643244,0.054246743301807995,True,150528,0,0
google-mobilenet-v2-1.0-224-quant,328/5455259549bbf0c3b2dc93d8e420fc707378a81b.jpeg,328,328,328,328,True,True,True,True,0.8914003501474035,0.8882905519749205,0.007589672537315868,True,150528,0,0
google-mobilenet-v2-1.0-224-quant,329/886e472d8b8b327a52e2c2cbbfebdb1d27348764.jpeg,329,329,961,961,False,False,False,False,0.27148329234496704,0.4790550391326891,0.04475121976097389,True,150528,0,0
google-mobilenet-v2-1.0-224-quant,33/11ac0f8754d145a96c7c7dc3764f59aee575a5a5.jpeg,33,33,34,34,False,False,True,True,0.8659899041909078,0.9318338923392893,0.02212680587185111,True,150528,0,0
google-mobilenet-v2-1.0-224-quant,330/d8d48c3ca84f8c496634a10e693404173fd09293.jpeg,330,330,330,330,True,True,True,True,0.950939882491304,0.9145615583783678,0.002671126749084293,True,150528,0,0
google-mobilenet-v2-1.0-224-quant,331/972ead59bfdc3ceb0a2a3dbda7a9ca5291b5b393.jpeg,331,331,989,989,False,False,False,True,0.19660239005841929,0.14645397588747752,0.03652257932245158,True,150528,0,0
google-mobilenet-v2-1.0-224-quant,332/51fec810e9949eaf485359f0c97d216ca86b2718.jpeg,332,332,332,332,True,True,True,True,0.9994482827239619,0.9997186798307593,2.9761267117720072e-05,True,150528,0,0
google-mobilenet-v2-1.0-224-quant,333/84a89627e39d7eab5762b12a57036b8bd2f801e3.jpeg,333,333,359,359,False,False,True,True,0.5732272187345312,0.49819299014978163,0.01590205379396059,True,150528,0,0
google-mobilenet-v2-1.0-224-quant,334/154c27cffeae429e2fd9b2b71a6bddfafb66ce23.jpeg,334,334,102,102,False,False,True,True,0.9999036215989018,0.9995099928716014,7.627262345557686e-05,True,150528,0,0
google-mobilenet-v2-1.0-224-quant,335/78a78f23dc34a7cb32ca7fc23970f1efa9ed9877.jpeg,335,335,335,335,True,True,True,True,0.8069056512578335,0.7723821520510211,0.005166950816964683,True,150528,0,0
google-mobilenet-v2-1.0-224-quant,336/9552e312a8074ec846740ae5a3754d385df2e04a.jpeg,336,336,336,336,True,True,True,True,0.9485556194718804,0.8234699786648727,0.021030805333467496,True,150528,0,0
google-mobilenet-v2-1.0-224-quant,337/a37dc7d2abec6bd46f57a9ad5f15d825d979da43.jpeg,337,337,337,337,True,True,True,True,0.9861198383141467,0.9467528336210994,0.011615597347171559,True,150528,0,0
google-mobilenet-v2-1.0-224-quant,338/04c4e65d359b180253714a16b27ab7bf587c3005.jpeg,338,338,338,338,True,True,True,True,0.9997413842773336,0.9996994420814131,1.3677149834993972e-05,True,150528,0,0
google-mobilenet-v2-1.0-224-quant,339/58dc0354344778e871026a0442842703afda03e6.jpeg,339,339,339,339,True,True,True,True,0.9721529225006631,0.9561168410337753,0.00222540790310061,True,150528,0,0
google-mobilenet-v2-1.0-224-quant,34/d98f25ccb6605afbb8e2afc368d283efc97ab1f9.jpeg,34,34,34,34,True,True,True,True,0.5754090822188026,0.5272729575430329,0.002352827950663771,True,150528,0,0
google-mobilenet-v2-1.0-224-quant,340/0fa4eb5a43ed21f79ea17629853234ab6d13702b.jpeg,340,340,117,117,False,False,False,False,0.18836862968647186,0.1891687981509829,0.055335443031606785,True,150528,0,0
google-mobilenet-v2-1.0-224-quant,341/c463320685e25bff12399a3c1418e799fd7f4036.jpeg,341,341,342,342,False,False,True,False,0.6740976112973374,0.7044837988056885,0.011871925107328306,True,150528,0,0
google-mobilenet-v2-1.0-224-quant,342/c0b5afd04516e9cc2b8ababec38247c3fe507b1f.jpeg,342,342,342,342,True,True,True,True,0.8241286948413372,0.6565662041263447,0.031842241174930536,True,150528,0,0
google-mobilenet-v2-1.0-224-quant,343/d8312ff8f8b3bb9c580d9ceffbea0925dc048d62.jpeg,343,343,343,343,True,True,True,True,0.9981853613604066,0.9972146685295507,7.188684183711184e-05,True,150528,0,0
google-mobilenet-v2-1.0-224-quant,344/e60278f4cd2650664b436fa2ab07c2654245845f.jpeg,344,344,210,210,False,False,False,False,0.34941205433656836,0.8004199646065165,0.1465556008741312,True,150528,0,0
google-mobilenet-v2-1.0-224-quant,345/1f74d7ea516752488792a0274558b4150d1f77dd.jpeg,345,345,970,970,False,False,False,False,0.07103924454813162,0.0837160328052766,0.06537962248948916,True,150528,0,0
google-mobilenet-v2-1.0-224-quant,346/f54da1b6580026213a86a557b47d00e754c04ec6.jpeg,346,346,346,346,True,True,True,True,0.9901548295085287,0.9142187088512382,0.019342656178325875,True,150528,0,0
google-mobilenet-v2-1.0-224-quant,347/1dc11c28a8fdffc58a7bfcf9ded4da49b08cdf29.jpeg,347,347,347,347,True,True,True,True,0.9996891407438577,0.9998506289447142,1.8760879630169237e-05,True,150528,0,0
google-mobilenet-v2-1.0-224-quant,348/5093a14897813e93de615c4f668c18ec9d64ab48.jpeg,348,348,348,348,True,True,True,True,0.9828866764948894,0.96310420596479,0.0019138052081621982,True,150528,0,0
google-mobilenet-v2-1.0-224-quant,349/9ed5576b0c22e81a40fd141cd1329329a4b78b7e.jpeg,349,349,349,349,True,True,True,True,0.5734718359337292,0.6878839440949815,0.007055314328064256,True,150528,0,0
google-mobilenet-v2-1.0-224-quant,35/93dcf849975d9668f0b6bdf27eba7ea9c1c53fbd.jpeg,35,35,300,35,False,True,True,True,0.10812227354032566,0.24360529505871428,0.13588857453970868,True,150528,0,0
google-mobilenet-v2-1.0-224-quant,350/4ba6288d19e717312a0ca6479152a157d904a2f8.jpeg,350,350,350,350,True,True,True,True,0.9976725287330477,0.9943175262630816,0.0005035701336596854,True,150528,0,0
google-mobilenet-v2-1.0-224-quant,351/2d38aab9bc21799eb31ef4fcce76e209e7a4947f.jpeg,351,351,351,353,True,False,True,True,0.5982963502347991,0.5362180491467996,0.038549765197022995,True,150528,0,0
google-mobilenet-v2-1.0-224-quant,352/73bf6d3b4fb4985765fa507cf8a5de932455cfac.jpeg,352,352,352,352,True,True,True,True,0.6642140930020185,0.6639596783964522,5.9479201048306466e-05,True,150528,0,0
google-mobilenet-v2-1.0-224-quant,353/d8230477612d2e6e200697ddf2ad0c08a2f93d6d.jpeg,353,353,353,353,True,True,True,True,0.9727966432024624,0.9703066644401173,0.0003041174386442152,True,150528,0,0
google-mobilenet-v2-1.0-224-quant,354/10fabef46ca70d11994fe122b69bafac63877c09.jpeg,354,354,354,354,True,True,True,True,0.9940485553729078,0.9964208430144461,0.00026926386761641697,True,150528,0,0
google-mobilenet-v2-1.0-224-quant,355/e7a043a5f21776dd4105276a6a2793cd3e2f08f4.jpeg,355,355,355,355,True,True,True,True,0.9977286378739426,0.9979676682943858,7.951496242249376e-05,True,150528,0,0
google-mobilenet-v2-1.0-224-quant,356/da5e17c549e42f14b275e871578104a8718bf228.jpeg,356,356,356,356,True,True,True,True,0.9954124189554054,0.9906976648012471,0.000546606301140408,True,150528,0,0
google-mobilenet-v2-1.0-224-quant,357/df8903acbc9a3811fc797b1e28b3b64353f83994.jpeg,357,357,131,132,False,False,False,False,0.23896836866306903,0.1544252249828947,0.04280081480967098,True,150528,0,0
google-mobilenet-v2-1.0-224-quant,358/b1b04c08f6e9ddd23c46900cc25ee3762704facd.jpeg,358,358,358,358,True,True,True,True,0.9700341043145404,0.918812918412123,0.006960949486043826,True,150528,0,0
google-mobilenet-v2-1.0-224-quant,359/761c8a52e70c2ab30469e368eed60e342472a403.jpeg,359,359,105,162,False,False,False,False,0.14172829421209715,0.06531950486777323,0.09785337779762843,True,150528,0,0
google-mobilenet-v2-1.0-224-quant,36/f6f7355798afc90573d1d61a2172f111eb3ceccb.jpeg,36,36,36,36,True,True,True,True,0.5054460933827493,0.39567432764629834,0.01277072914260437,True,150528,0,0
google-mobilenet-v2-1.0-224-quant,360/fe4ff2d87b77947c82223a02e47049ac0666f77a.jpeg,360,360,359,358,False,False,False,False,0.3013174134612329,0.4142969926338999,0.04798638356423552,True,150528,0,0
google-mobilenet-v2-1.0-224-quant,361/0413d912b57ff280fe2600dd22504fb871b7a656.jpeg,361,361,361,361,True,True,True,True,0.9983916468360701,0.9976558203862779,8.657455278408428e-05,True,150528,0,0
google-mobilenet-v2-1.0-224-quant,362/3db7ed46006333f3a43fb8030b34a85fd212a26d.jpeg,362,362,362,362,True,True,True,True,0.9982364205306071,0.9944928018695582,0.000603170485004304,True,150528,0,0
google-mobilenet-v2-1.0-224-quant,363/868f3c8c21086359fb42f4345e6839007bc21350.jpeg,363,363,39,363,False,True,True,True,0.3725123752711107,0.29339516422176487,0.1502669274240095,True,150528,0,0
google-mobilenet-v2-1.0-224-quant,364/125303f517ec2eb9f5c0661c1a8ba12ef543f285.jpeg,364,364,24,24,False,False,True,True,0.8086039927502363,0.7818895496489879,0.014096320882536633,True,150528,0,0
google-mobilenet-v2-1.0-224-quant,365/12fc803cad78b1f145f9b97f60d96139be6bceca.jpeg,365,365,365,365,True,True,True,True,0.9982578862031638,0.9961912247324478,0.00027855649274898095,True,150528,0,0
google-mobilenet-v2-1.0-224-quant,366/82ba46edc3f704bbf10721346b73a052ea906f36.jpeg,366,366,367,367,False,False,True,True,0.22211505202562012,0.5815897632191,0.09456748924486857,True,150528,0,0
google-mobilenet-v2-1.0-224-quant,367/4350e157741f8df2a1193c78de0ff5aa0361756a.jpeg,367,367,372,372,False,False,True,True,0.6669214422762745,0.7776642738785594,0.020792255501662034,True,150528,0,0
google-mobilenet-v2-1.0-224-quant,368/ec00e843be19cb5da410fedfcaae20f278b65190.jpeg,368,368,368,368,True,True,True,True,0.9942739527659896,0.9958127972282891,0.00012965501214266283,True,150528,0,0
google-mobilenet-v2-1.0-224-quant,369/5a49c869c1ad56378bae473b096dd5c2e24d5e3f.jpeg,369,369,369,369,True,True,True,True,0.9449483412481361,0.8946895331597641,0.009515023466087558,True,150528,0,0
google-mobilenet-v2-1.0-224-quant,37/207df83484a716f079c18696817e2e75d648c98d.jpeg,37,37,37,37,True,True,True,True,0.9698572049316554,0.9634769466978469,0.00016667398758017762,True,150528,0,0
google-mobilenet-v2-1.0-224-quant,370/f4603db396353d99a52840da512a04c1f79b1fef.jpeg,370,370,370,370,True,True,True,True,0.9992821331204054,0.9994040181922303,2.6892310349768148e-05,True,150528,0,0
google-mobilenet-v2-1.0-224-quant,371/9354e902baa8baecd8c8a462a4631b40bba14a28.jpeg,371,371,382,382,False,False,True,True,0.5059706767635191,0.32406279412074074,0.051386883023595134,True,150528,0,0
google-mobilenet-v2-1.0-224-quant,372/5943ef72be76a8af579581b45c47e9334c0f21c3.jpeg,372,372,372,372,True,True,True,True,0.9210067883096288,0.9402316890473029,0.0016902672546856546,True,150528,0,0
google-mobilenet-v2-1.0-224-quant,373/9634ecfbab3c17017386ce13c5c5688c2d99e067.jpeg,373,373,373,373,True,True,True,True,0.9984330429569697,0.9974748455582454,0.00018568852334110034,True,150528,0,0
google-mobilenet-v2-1.0-224-quant,374/149df4d0d4605d2ba17c8e6a185d53539c6e292e.jpeg,374,374,374,374,True,True,True,True,0.985970866828888,0.902140216383203,0.02136335078406625,True,150528,0,0
google-mobilenet-v2-1.0-224-quant,375/144face4883b91504d1439c8b83480d42cf79f81.jpeg,375,375,375,375,True,True,True,True,0.9978306640349784,0.9947500320244894,0.0004087262066187346,True,150528,0,0
google-mobilenet-v2-1.0-224-quant,376/f7ff4b91ddefa671e719a82ce1ac355e3864772d.jpeg,376,376,376,376,True,True,True,True,0.3343371521924119,0.35630770731411754,0.02986175964478653,True,150528,0,0
google-mobilenet-v2-1.0-224-quant,377/e315edbfef610272391c0e6c3816d63ccb911387.jpeg,377,377,356,884,False,False,False,False,0.1547934005195143,0.1609876066288438,0.0643057252384161,True,150528,0,0
google-mobilenet-v2-1.0-224-quant,378/35b304f162ddffb1f7afc7bd2dd0c9e6667d0914.jpeg,378,378,378,378,True,True,True,True,0.7530392285641002,0.8254450966155492,0.014160525514746242,True,150528,0,0
google-mobilenet-v2-1.0-224-quant,379/d4ca54d85959b468a55767e47846db0c911d0ab7.jpeg,379,379,374,374,False,False,False,False,0.18116140276977946,0.26527543173146373,0.027660586024869982,True,150528,0,0
google-mobilenet-v2-1.0-224-quant,38/38a2183b32b0a908e07fe8532f5494916dd0a0ca.jpeg,38,38,38,38,True,True,True,True,0.9854331366632122,0.9825436685384604,0.0008784019252241024,True,150528,0,0
google-mobilenet-v2-1.0-224-quant,380/99382a3a409ac0340c1af8cd715259b870e2fe8e.jpeg,380,380,380,380,True,True,True,True,0.9886425948902452,0.9081716490857027,0.0212145458192155,True,150528,0,0
google-mobilenet-v2-1.0-224-quant,381/13b6a56d963c8169957c74374088b8dd56c9dc2a.jpeg,381,381,381,381,True,True,True,True,0.31822952669006593,0.42788439398261136,0.05048107583308446,True,150528,0,0
google-mobilenet-v2-1.0-224-quant,382/33d7027f9340fed79d8b172f70feb92f75dc7d52.jpeg,382,382,382,380,True,False,True,True,0.5334457832523403,0.4667507368851164,0.006311251876098928,True,150528,0,0
google-mobilenet-v2-1.0-224-quant,383/200b54f6f90edb0e6164a19cc205ebda7c4deb86.jpeg,383,383,383,383,True,True,True,True,0.9349714923852193,0.9547111189133998,0.0010713503552013518,True,150528,0,0
google-mobilenet-v2-1.0-224-quant,384/55fe3f64514feb2b7029259ff387cc8abb7db09e.jpeg,384,384,384,384,True,True,True,True,0.999613875366432,0.9990956817455754,6.18915786992797e-05,True,150528,0,0
google-mobilenet-v2-1.0-224-quant,385/83b7419c66969a1c1db0a820df6d692b7625a3b4.jpeg,385,385,385,385,True,True,True,True,0.4773454341546338,0.37834593732576294,0.01463124458714777,True,150528,0,0
google-mobilenet-v2-1.0-224-quant,386/ec3267354ce4dda40ed0a58741e71078611c6763.jpeg,386,386,386,386,True,True,True,True,0.9745009774628767,0.9729741043827788,7.641701101229013e-05,True,150528,0,0
google-mobilenet-v2-1.0-224-quant,387/257c8f11269c253eacaddc92c6a3e9276bda128b.jpeg,387,387,387,387,True,True,True,True,0.9979527716725407,0.992593896252875,0.0008430491773757137,True,150528,0,0
google-mobilenet-v2-1.0-224-quant,388/412b8dc34ab2c68d150f603fd1041ee65baf63a3.jpeg,388,388,388,388,True,True,True,True,0.9110359331206036,0.6499515037016916,0.06684831562015343,True,150528,0,0
google-mobilenet-v2-1.0-224-quant,389/07b6b547cc9e027ee16bd49081c11cea230645ed.jpeg,389,389,389,389,True,True,True,True,0.5197800158006872,0.5839242449613784,0.0030782789153536985,True,150528,0,0
google-mobilenet-v2-1.0-224-quant,39/56821a11b432ccc0c32ecbe29fce61564874a98a.jpeg,39,39,42,42,False,False,True,True,0.9789443577958402,0.9559690118058043,0.004364813700472234,True,150528,0,0
google-mobilenet-v2-1.0-224-quant,390/f7007c4dce7ce2496356a16d5186c3b54de4b4b1.jpeg,390,390,390,390,True,True,True,True,0.9989601089998009,0.9991005529902613,8.323051324382152e-05,True,150528,0,0
google-mobilenet-v2-1.0-224-quant,391/6cbd55031ceb9ac705e948dc394e95963ce0d475.jpeg,391,391,543,765,False,False,False,False,0.3589088338809563,0.20974621952669317,0.043537900664355686,True,150528,0,0
google-mobilenet-v2-1.0-224-quant,392/a3a35cabfda43e42b226ed47fd6600ecd3d06698.jpeg,392,392,392,392,True,True,True,True,0.7474631042725549,0.5706015078971843,0.03313900887599437,True,150528,0,0
google-mobilenet-v2-1.0-224-quant,393/338487a0cbb501c37dcb5f20fe6b11d902461f96.jpeg,393,393,973,973,False,False,True,True,0.539881395059345,0.8123276652487104,0.06092765130040606,True,150528,0,0
google-mobilenet-v2-1.0-224-quant,394/fe4495f17a70b6650f7b3d1a52dc027fb6fec2a2.jpeg,394,394,394,394,True,True,True,True,0.9993765907113902,0.9983374291114059,0.00015912825583886547,True,150528,0,0
google-mobilenet-v2-1.0-224-quant,395/2fd5321a4e1c935ed0ee1fe5ac703253781aaa65.jpeg,395,395,6,6,False,False,False,False,0.5792850259183447,0.36237408222656914,0.041596434398583376,True,150528,0,0
google-mobilenet-v2-1.0-224-quant,396/ff0ccf6c7ab3801b77b5eb77e32239ce1df47c30.jpeg,396,396,396,396,True,True,True,True,0.9997475381331116,0.9996353129912143,1.5872896064104352e-05,True,150528,0,0
google-mobilenet-v2-1.0-224-quant,397/fb0ed322b1f0da769f6c5eb51dca111a79e552cf.jpeg,397,397,124,124,False,False,False,False,0.3373611810585327,0.2545926127202997,0.13853461657585814,True,150528,0,0
google-mobilenet-v2-1.0-224-quant,398/cac7c0f479028814d453cb0beb253f49dd831592.jpeg,398,398,398,398,True,True,True,True,0.9981168295522935,0.9985898378531628,0.00018001770328382347,True,150528,0,0
google-mobilenet-v2-1.0-224-quant,399/3b2eb1d294ad4e08aae9929526890131946ebed1.jpeg,399,399,887,399,False,True,True,True,0.3302221956891329,0.3697610747840137,0.043261445126526646,True,150528,0,0
google-mobilenet-v2-1.0-224-quant,4/f74b45796a4c05038dea5df3575825db3af6c176.jpeg,4,4,4,4,True,True,True,True,0.8874593645195809,0.8047003066262571,0.025329413937951545,True,150528,0,0
google-mobilenet-v2-1.0-224-quant,40/3b2d1312dcb24a4d1411c638addab13f160cf75a.jpeg,40,40,40,46,True,False,True,True,0.5235265094301378,0.5228789005307289,0.00133724108783412,True,150528,0,0
google-mobilenet-v2-1.0-224-quant,400/01578018be123502018d82f380283a4d1eb59ad6.jpeg,400,400,400,400,True,True,True,True,0.36561868822442706,0.2025772737519389,0.09388827313684618,True,150528,0,0
google-mobilenet-v2-1.0-224-quant,401/3792616692e2376b28b297726dbf633e0cee5256.jpeg,401,401,401,401,True,True,True,True,0.48428816312145156,0.16638711208100868,0.11939526121828828,True,150528,0,0
google-mobilenet-v2-1.0-224-quant,402/580abea94b4a293a6f67f1824094c3444b9f412f.jpeg,402,402,402,402,True,True,True,True,0.9991854369852587,0.9987510403071748,8.48729770089791e-05,True,150528,0,0
google-mobilenet-v2-1.0-224-quant,403/00904b204b0e62658c493bea202a2df07be8a511.jpeg,403,403,403,403,True,True,True,True,0.887590607677772,0.8313205856193893,0.006789015493740466,True,150528,0,0
google-mobilenet-v2-1.0-224-quant,404/30de4c0bafbd07dec136093600c24c43e5cbe1da.jpeg,404,404,404,404,True,True,True,True,0.9729132806080006,0.9825440457071851,0.0005864567847613479,True,150528,0,0
google-mobilenet-v2-1.0-224-quant,405/027b52600465be5610352ffb423976075e55d858.jpeg,405,405,6,6,False,False,False,False,0.3611808851728737,0.44804970497518765,0.05413688155538777,True,150528,0,0
google-mobilenet-v2-1.0-224-quant,406/8030e8765b4a09edcc5e7cbd59382e0db16ff68b.jpeg,406,406,863,708,False,False,False,False,0.5688331417791602,0.3249600631635427,0.07987993311892619,True,150528,0,0
google-mobilenet-v2-1.0-224-quant,407/989ac539020d0d1274d29ab12c6c42c255325872.jpeg,407,407,670,670,False,False,False,False,0.30456704478983515,0.2285546073202373,0.020288899571873555,True,150528,0,0
google-mobilenet-v2-1.0-224-quant,408/7114f83997fca93f37d48e9c3da6273425dfabe5.jpeg,408,408,833,833,False,False,True,True,0.9249656346804594,0.8471789141851814,0.02162150974290562,True,150528,0,0
google-mobilenet-v2-1.0-224-quant,409/c012714fa78863ce22ac7ede253c4e70ce0fb1a6.jpeg,409,409,409,409,True,True,True,True,0.7601614868015281,0.5845909381792174,0.019784947047673973,True,150528,0,0
google-mobilenet-v2-1.0-224-quant,41/6d5a7b2b17fbcb79505f4595e426fe5c48f01fda.jpeg,41,41,65,65,False,False,True,False,0.24301279200929932,0.8483536058275796,0.26513937330119486,True,150528,0,0
google-mobilenet-v2-1.0-224-quant,410/bc4eb5cdd67f76bff9d35cce00297b9ceafd47d0.jpeg,410,410,410,410,True,True,True,True,0.9376660646712269,0.8386093157582479,0.013028781828698183,True,150528,0,0
google-mobilenet-v2-1.0-224-quant,411/ceb9693aaa6b4620db0f06872a0cab05b8ed61d8.jpeg,411,411,885,735,False,False,False,False,0.3535940661537376,0.5009954107794303,0.07402103255084078,True,150528,0,0
google-mobilenet-v2-1.0-224-quant,412/c7e7e029031e3361a75d20f90af5e167d203943a.jpeg,412,412,463,463,False,False,True,True,0.39383215774833735,0.4157101133250854,0.012871546011693179,True,150528,0,0
google-mobilenet-v2-1.0-224-quant,413/b51cf193dee258593d6f8c807287306d7c2c6cab.jpeg,413,413,413,830,True,False,True,True,0.1866006937730043,0.1208508678424964,0.06905592458128015,True,150528,0,0
google-mobilenet-v2-1.0-224-quant,414/4fffbf272fbf4cab6741588741a328d0b6564fb8.jpeg,414,414,597,597,False,False,False,True,0.8909621490518377,0.6549193254120266,0.05486490710181745,True,150528,0,0
google-mobilenet-v2-1.0-224-quant,415/272f6a5bfcb0241974d2c3185b753de57b528b4c.jpeg,415,415,442,442,False,False,True,True,0.21812128041630563,0.31347491330401667,0.05718067393574006,True,150528,0,0
google-mobilenet-v2-1.0-224-quant,416/8b8da751d92698b4233fd7b1ef60526720f268f6.jpeg,416,416,416,416,True,True,True,True,0.9808342733171042,0.9745371992426548,0.0006374645138905589,True,150528,0,0
google-mobilenet-v2-1.0-224-quant,417/3c1a87dbccd51c3fbb0d7d0581837468f5900605.jpeg,417,417,417,417,True,True,True,True,0.9996137503554554,0.9997629228088959,1.9830868479519642e-05,True,150528,0,0
google-mobilenet-v2-1.0-224-quant,418/e811cf9a948a5dda6a51f7ad56e787d4e519102f.jpeg,418,418,613,613,False,False,False,False,0.1937217210908895,0.2444146905877664,0.05876677498866767,True,150528,0,0
google-mobilenet-v2-1.0-224-quant,419/f091e654b7d9a16e5ba0355e70f667d971cdceba.jpeg,419,419,419,419,True,True,True,True,0.9553679981818577,0.9098962793676966,0.00601897136335423,True,150528,0,0
google-mobilenet-v2-1.0-224-quant,42/87f0ff4329336da758b4bd3675019ab40fbff6a1.jpeg,42,42,42,42,True,True,True,True,0.9938893373262601,0.9607716537588681,0.007409336727041636,True,150528,0,0
google-mobilenet-v2-1.0-224-quant,420/34ce7688f718f2fc3c1db336f2139c6172c86da9.jpeg,420,420,420,420,True,True,True,True,0.9690419161553713,0.9662032672491327,0.001324396659833884,True,150528,0,0
google-mobilenet-v2-1.0-224-quant,421/01b7d5f4badb87fc3dd3edb0a86c03e7a78f10b7.jpeg,421,421,564,708,False,False,True,True,0.19302034540540547,0.3313307857249,0.04857906581679632,True,150528,0,0
google-mobilenet-v2-1.0-224-quant,422/be741add74e91927c23f6e70850f59b870f3f813.jpeg,422,422,805,420,False,False,True,True,0.1064228475102512,0.12843620687215423,0.05631532767295565,True,150528,0,0
google-mobilenet-v2-1.0-224-quant,423/de7c0c78f51a15d4d7a2afb4547eed246448fa71.jpeg,423,423,424,424,False,False,True,True,0.526000860968008,0.7119662315967348,0.029642744877543502,True,150528,0,0
google-mobilenet-v2-1.0-224-quant,424/71242bc725b138cf7fb1f35a16125debb22132e3.jpeg,424,424,762,415,False,False,True,True,0.2747784510614964,0.2726513185384011,0.044241221388248465,True,150528,0,0
google-mobilenet-v2-1.0-224-quant,425/fc72ce1d34c36d4e0e2fba2fec5bce895cf64c40.jpeg,425,425,410,410,False,False,False,False,0.35368044423117445,0.15447409330957895,0.07889599734600566,True,150528,0,0
google-mobilenet-v2-1.0-224-quant,426/e790ddf653b1d585a673d22c8b1d03707ec95bbd.jpeg,426,426,426,426,True,True,True,True,0.9986893460145484,0.9986441513346552,3.7473484312929386e-05,True,150528,0,0
google-mobilenet-v2-1.0-224-quant,427/de9acd4274ad787d52fc56b3d06a8991c54a152e.jpeg,427,427,427,427,True,True,True,True,0.9945510695975954,0.9951757971326414,0.00027942303797174277,True,150528,0,0
google-mobilenet-v2-1.0-224-quant,428/e0d7dc8e444d568d3103cce4fa6d18763fa0384a.jpeg,428,428,428,428,True,True,True,True,0.7585875154369642,0.931101265821684,0.03367738499631143,True,150528,0,0
google-mobilenet-v2-1.0-224-quant,429/8847cddf4373d1a2c5e26ecb678549673d523f9c.jpeg,429,429,429,429,True,True,True,True,0.9999229142022936,0.9999090101117954,5.656226250578737e-06,True,150528,0,0
google-mobilenet-v2-1.0-224-quant,43/3b882109ed4c730be330a2dbd0881ec5685003a1.jpeg,43,43,62,43,False,True,True,True,0.20791484073757688,0.23456588823534552,0.03611090229093954,True,150528,0,0
google-mobilenet-v2-1.0-224-quant,430/ecd8cf027c7f97c198d4fb5cb04c1bdca910d489.jpeg,430,430,430,430,True,True,True,True,0.6166736373207288,0.43521363049929007,0.06417272563078197,True,150528,0,0
google-mobilenet-v2-1.0-224-quant,431/2e75ed4fa0618f52ab23f8bc2ddc6e083b829f37.jpeg,431,431,516,516,False,False,True,True,0.3363374371795651,0.36345483249206473,0.07514683830663568,True,150528,0,0
google-mobilenet-v2-1.0-224-quant,432/5b71d56bae461d60481001a02a1739fea4c3c32f.jpeg,432,432,705,705,False,False,False,False,0.10451570469713437,0.21696837402348138,0.06001478782454965,True,150528,0,0
google-mobilenet-v2-1.0-224-quant,433/f6bba9237a3768ba449f4ff22a5b100698480434.jpeg,433,433,903,903,False,False,False,False,0.2901154923876822,0.1267085124056245,0.08868639486339468,True,150528,0,0
google-mobilenet-v2-1.0-224-quant,434/7e143de953ae97aaa137f5f0ac01927929175132.jpeg,434,434,529,529,False,False,True,True,0.48761777590774463,0.7658166195536096,0.06145688318166146,True,150528,0,0
google-mobilenet-v2-1.0-224-quant,435/d6b0ea5befaeca86f126d623cae8dbedb64c4843.jpeg,435,435,697,697,False,False,True,True,0.3875224086187851,0.7451508731862122,0.08477767367766001,True,150528,0,0
google-mobilenet-v2-1.0-224-quant,436/1d226f08a071c85dab68e451c0a2334c74bfdb6f.jpeg,436,436,609,609,False,False,True,True,0.6838847315652206,0.8289511790197582,0.024621033705381254,True,150528,0,0
google-mobilenet-v2-1.0-224-quant,437/805cccf3e4b1737a89c824f4eebb408de9fa5d1f.jpeg,437,437,437,437,True,True,True,True,0.9871262073546617,0.9917520023074581,0.000472084565776449,True,150528,0,0
google-mobilenet-v2-1.0-224-quant,438/635f1475a490076a001f89fe6cd2eefbb21acd64.jpeg,438,438,438,438,True,True,True,True,0.9601404451503829,0.9751957157448516,0.0015646285245129688,True,150528,0,0
google-mobilenet-v2-1.0-224-quant,439/9b6a26be7bb2be66144e85fbeca00b9118b94008.jpeg,439,439,439,439,True,True,True,True,0.9992713580088998,0.9983550830973908,0.0002799502422551549,True,150528,0,0
google-mobilenet-v2-1.0-224-quant,44/1c5070ae173ffcf92778481d66d2961400bce55e.jpeg,44,44,44,44,True,True,True,True,0.7395067535390027,0.803002921389368,0.008616999209114625,True,150528,0,0
google-mobilenet-v2-1.0-224-quant,440/02e335a4c77d46cf341d97f58277a60c283eb296.jpeg,440,440,440,440,True,True,True,True,0.5400710247177888,0.3877660377399461,0.037963521615265394,True,150528,0,0
google-mobilenet-v2-1.0-224-quant,441/282d6ffeaff7f153d9da07e8328519d4f91e4981.jpeg,441,441,967,967,False,False,False,False,0.9713956340968247,0.9298507615042243,0.0052547724920403716,True,150528,0,0
google-mobilenet-v2-1.0-224-quant,442/f684bf23a939fc63a5e55ef1e2896ea025a089c5.jpeg,442,442,497,497,False,False,True,True,0.8432283658605849,0.7693926951893667,0.014525207441725904,True,150528,0,0
google-mobilenet-v2-1.0-224-quant,443/ca8884aaa74681ac1268b465e80f59ebb9accd38.jpeg,443,443,443,443,True,True,True,True,0.6283540513191318,0.6087896027808946,0.0013807545809570321,True,150528,0,0
google-mobilenet-v2-1.0-224-quant,444/ff0338400b3ce213238aa1516e2a32e5ba9159c9.jpeg,444,444,444,444,True,True,True,True,0.7086982827321057,0.6196343785777642,0.007314762855378635,True,150528,0,0
google-mobilenet-v2-1.0-224-quant,445/89532bf632a0c46cebc8a9504c932189f0c8f51e.jpeg,445,445,430,416,False,False,False,False,0.23680357028717983,0.6294515937665889,0.21007231054502684,True,150528,0,0
google-mobilenet-v2-1.0-224-quant,446/148b7571a4d2967d2c81eef3e160c66632a856c0.jpeg,446,446,446,446,True,True,True,True,0.9991832606941449,0.996130581199924,0.0007008655931460946,True,150528,0,0
google-mobilenet-v2-1.0-224-quant,447/c153f11e252d4ef1f7655de19fec33b7d9a2b81e.jpeg,447,447,447,447,True,True,True,True,0.9797996218704871,0.9335557622696461,0.008477120606122074,True,150528,0,0
google-mobilenet-v2-1.0-224-quant,448/fdcd5deffbfe7780b4d9a1ee0b006d35e8892611.jpeg,448,448,448,448,True,True,True,True,0.9592646112367889,0.9927589879951213,0.0071734706176553534,True,150528,0,0
google-mobilenet-v2-1.0-224-quant,449/1d2f3daf877794148276b87428e26df91360ce8e.jpeg,449,449,437,437,False,False,True,True,0.3202522843479701,0.3090741986041985,0.024703485047785564,True,150528,0,0
google-mobilenet-v2-1.0-224-quant,45/237c87c2c67ee4936568f9382ff2914b1584a9a0.jpeg,45,45,45,45,True,True,True,True,0.9915571957124337,0.9743549978427705,0.0037407541970968187,True,150528,0,0
google-mobilenet-v2-1.0-224-quant,450/a4dc5b1948943c0c958450871d4d98635e37446e.jpeg,450,450,450,450,True,True,True,True,0.9961330714327684,0.9988962766597906,0.0004398853909689021,True,150528,0,0
google-mobilenet-v2-1.0-224-quant,451/2312d5785d54887028fd5c124f919dee3c29a14d.jpeg,451,451,451,451,True,True,True,True,0.9944514934446081,0.9642738490626731,0.0077044783504319194,True,150528,0,0
google-mobilenet-v2-1.0-224-quant,452/fb944c8f1d0e0f8078188ace022b52d15a77a44c.jpeg,452,452,689,452,False,True,True,True,0.44047163809002027,0.6199778642236531,0.03640538441562693,True,150528,0,0
google-mobilenet-v2-1.0-224-quant,453/c433d7953016983ec275dd8c16818b73579bfbc0.jpeg,453,453,549,894,False,False,True,True,0.2811222823272755,0.14776975809345513,0.11360015297743584,True,150528,0,0
google-mobilenet-v2-1.0-224-quant,454/b52c76c404015c551433d057da4b0133b262e167.jpeg,454,454,415,415,False,False,False,True,0.27641695174329106,0.2230233796845147,0.05527973522960172,True,150528,0,0
google-mobilenet-v2-1.0-224-quant,455/23726925ad6ff90706c5c2ab26200e76fa8ab3e0.jpeg,455,455,455,455,True,True,True,True,0.8734168494214352,0.509129600922157,0.12458712592673071,True,150528,0,0
google-mobilenet-v2-1.0-224-quant,456/90d4874ef46ba073c8c83572cdb1f15914125387.jpeg,456,456,456,421,True,False,True,True,0.2253753834541939,0.17317444658513545,0.08116237780386085,True,150528,0,0
google-mobilenet-v2-1.0-224-quant,457/a272eaab495678a0ef456bb91e4e930b5d5a7a2c.jpeg,457,457,808,921,False,False,False,False,0.2542793281995644,0.24778535390208917,0.1174603646958322,True,150528,0,0
google-mobilenet-v2-1.0-224-quant,458/7051a1ea0cbdfc5f5c6538518d3ed9db6e1aff89.jpeg,458,458,458,458,True,True,True,True,0.9990256276916458,0.9975393938041904,0.00018943866468167797,True,150528,0,0
google-mobilenet-v2-1.0-224-quant,459/6fe9f8fa05d612b1648e88be12ca6f3e8ff62e8b.jpeg,459,459,453,453,False,False,False,False,0.33617275365786636,0.40376273964129017,0.021434513094887073,True,150528,0,0
google-mobilenet-v2-1.0-224-quant,46/fa40bf3a3f8dbf4c6deb726077d20dd0a6946d4e.jpeg,46,46,44,44,False,False,False,False,0.5648962016745078,0.4616349482630224,0.015199275740895857,True,150528,0,0
google-mobilenet-v2-1.0-224-quant,460/029d27fc5942cfcb8523cbc8ec23001f61e46c4d.jpeg,460,460,646,646,False,False,False,True,0.3974186551353131,0.5548324198572542,0.05683214642879205,True,150528,0,0
google-mobilenet-v2-1.0-224-quant,461/b8591f59f554effc2e708426d0459fbfcce75a7e.jpeg,461,461,461,461,True,True,True,True,0.5472246502024962,0.5670970574336457,0.001377132181951131,True,150528,0,0
google-mobilenet-v2-1.0-224-quant,462/6b6b48c94a485ab65a5b278331725d6828e688e4.jpeg,462,462,601,601,False,False,True,True,0.34128183744423213,0.5424260808831258,0.1178083091326522,True,150528,0,0
google-mobilenet-v2-1.0-224-quant,463/6df03026414b648a20ac2e63da9a91a28531ba7e.jpeg,463,463,738,738,False,False,False,True,0.38979661081276745,0.7874083645841552,0.12047271620527965,True,150528,0,0
google-mobilenet-v2-1.0-224-quant,464/e0050b67c0028eaae91ed94f75b7c767ee0cca5f.jpeg,464,464,710,710,False,False,False,False,0.320575011411773,0.41436178539211804,0.0441611491607646,True,150528,0,0
google-mobilenet-v2-1.0-224-quant,465/65ddcf06a11cf346770c65885287ec90f9b5a795.jpeg,465,465,465,465,True,True,True,True,0.9090587529681837,0.7244583510458761,0.03706082374377362,True,150528,0,0
google-mobilenet-v2-1.0-224-quant,466/fed2bb28a58fde3ad4658594fd9146e2f1677d4c.jpeg,466,466,466,466,True,True,True,True,0.9859681618422388,0.996825121846541,0.0025015559084406586,True,150528,0,0
google-mobilenet-v2-1.0-224-quant,467/045420b9af5a129d5cb6add37cab3c17a9cb0d7e.jpeg,467,467,934,934,False,False,False,False,0.6013675214954625,0.6046494947698945,0.003312669786867495,True,150528,0,0
google-mobilenet-v2-1.0-224-quant,468/2a8efc3e8a1cda8fc813f30ae1068a5d7c65aa67.jpeg,468,468,468,468,True,True,True,True,0.998019671100784,0.9980149307499911,0.00011325303295251017,True,150528,0,0
google-mobilenet-v2-1.0-224-quant,469/131cdf75c41054e9fe5be119df28b8f340c9cab3.jpeg,469,469,469,469,True,True,True,True,0.7191884312086686,0.8455445477000297,0.027269336176067263,True,150528,0,0
google-mobilenet-v2-1.0-224-quant,47/6066b6ef7f8c107baa0fca475b9ecf1ccfcd7611.jpeg,47,47,40,40,False,False,True,True,0.45891301997782513,0.35886231626701465,0.031336462073563984,True,150528,0,0
google-mobilenet-v2-1.0-224-quant,470/67b3448aaa53f0e7200ce4129633ac173bc2a665.jpeg,470,470,470,470,True,True,True,True,0.9387585094232145,0.8136606685202047,0.022431690245771112,True,150528,0,0
google-mobilenet-v2-1.0-224-quant,471/0425fe497fd13c6fb2dbb4b5b9ac1cef5f5cbfac.jpeg,471,471,471,471,True,True,True,True,0.9792898409070104,0.9894869891663137,0.0016238697878893516,True,150528,0,0
google-mobilenet-v2-1.0-224-quant,472/b1513e7887d67503a5bfaf0e6e1fedc73f89745c.jpeg,472,472,693,693,False,False,True,True,0.6415680784639031,0.32954130326292425,0.09472519930569673,True,150528,0,0
google-mobilenet-v2-1.0-224-quant,473/37339e01eb4231db11855fa0b8b81e3b4ac1687f.jpeg,473,473,477,477,False,False,False,False,0.45325608366172176,0.17384439743762717,0.1319438340095658,True,150528,0,0
google-mobilenet-v2-1.0-224-quant,474/464e45cff3380e4044e659000148ae8b9eafddfe.jpeg,474,474,474,474,True,True,True,True,0.974640624046186,0.9712945973194703,0.00137619796406919,True,150528,0,0
google-mobilenet-v2-1.0-224-quant,475/6cd5e39a894e8ea2fad1da2a793a81692ecf17e4.jpeg,475,475,475,475,True,True,True,True,0.8986765329933419,0.8647451312326009,0.00818762832752866,True,150528,0,0
google-mobilenet-v2-1.0-224-quant,476/99fa8a98b835dbc5a29c4b76933caba1db26f5cc.jpeg,476,476,476,476,True,True,True,True,0.9950732476359548,0.989445091798859,0.0012059861795729538,True,150528,0,0
google-mobilenet-v2-1.0-224-quant,477/bee8af87fa5ccca3c71dd7d0084c2f5c79377209.jpeg,477,477,971,747,False,False,False,False,0.06856234516845357,0.06582727703496846,0.05552883402334978,True,150528,0,0
google-mobilenet-v2-1.0-224-quant,478/ffd1ddec2bea7744b7a71dcb5c514af3823843b9.jpeg,478,478,422,739,False,False,False,False,0.07942705050316225,0.12246509379217226,0.04364696518835276,True,150528,0,0
google-mobilenet-v2-1.0-224-quant,479/08923d3615134bdb15950834e1bc6c5b9d1540d3.jpeg,479,479,436,817,False,False,True,False,0.2636157701723919,0.3356829456629122,0.03329694451361604,True,150528,0,0
google-mobilenet-v2-1.0-224-quant,48/b7883a53ab70a381b3a061bb1c009613d926f22b.jpeg,48,48,48,48,True,True,True,True,0.6057976087669577,0.6999176143912289,0.023465741246069573,True,150528,0,0
google-mobilenet-v2-1.0-224-quant,480/1a5cebbdd65a718257847312a5a8f9a6dc114918.jpeg,480,480,480,480,True,True,True,True,0.9807488741851003,0.9909961645707758,0.001405366987307263,True,150528,0,0
google-mobilenet-v2-1.0-224-quant,481/624610f50159b1facbf81a3e1fc76398e95b91ee.jpeg,481,481,761,688,False,False,False,False,0.6348127501272898,0.42086561979640996,0.17684170880653685,True,150528,0,0
google-mobilenet-v2-1.0-224-quant,482/ae8507fe9503f5f432f5908ac7695f91af1e06a1.jpeg,482,482,654,654,False,False,False,False,0.2248567302443511,0.19348629842625611,0.01740371083795323,True,150528,0,0
google-mobilenet-v2-1.0-224-quant,483/0f51aa107f73d063b5c9663cf3a9441a36b72495.jpeg,483,483,483,483,True,True,True,True,0.809738068442919,0.8106110946083847,0.007414341744523677,True,150528,0,0
google-mobilenet-v2-1.0-224-quant,484/3a5fd70d08a68697a7492508946bf1cb0a3feaf8.jpeg,484,484,871,871,False,False,True,True,0.46925025040666357,0.3579386768209286,0.026805269118304095,True,150528,0,0
google-mobilenet-v2-1.0-224-quant,485/6f61f87d37228c8617fe2045de90cf3761e736e5.jpeg,485,485,485,485,True,True,True,True,0.7041145313545811,0.7181306272617002,0.016031322077923443,True,150528,0,0
google-mobilenet-v2-1.0-224-quant,486/ed818f6d20c56884e275c93d10b8655a07c13bb4.jpeg,486,486,486,486,True,True,True,True,0.6328066171609842,0.675727981410951,0.007862639994346858,True,150528,0,0
google-mobilenet-v2-1.0-224-quant,487/19c63cf0d08936ab01350726fefb7d496ca8e81d.jpeg,487,487,487,487,True,True,True,True,0.9160738668957061,0.7236743777521506,0.03750049572946513,True,150528,0,0
google-mobilenet-v2-1.0-224-quant,488/17646eb92a7e450233265aed98e9cd7ec4c840d8.jpeg,488,488,743,743,False,False,True,False,0.22642326425645806,0.17039569832232931,0.08328400605843153,True,150528,0,0
google-mobilenet-v2-1.0-224-quant,489/465248b29b8a2c3d442d82e0b74cd32b220b737f.jpeg,489,489,489,489,True,True,True,True,0.4816076654398901,0.9420828666516596,0.15502762066893008,True,150528,0,0
google-mobilenet-v2-1.0-224-quant,49/f9e4d8d2456b35f1e7b01410aefcf0b61cb37994.jpeg,49,49,49,49,True,True,True,True,0.9134664929143631,0.9577041420757736,0.007138716613203328,True,150528,0,0
google-mobilenet-v2-1.0-224-quant,490/f1bc9bd47433a63665548d938e3643d23185b6f8.jpeg,490,490,887,887,False,False,True,True,0.9697716179497176,0.9783813064328616,0.002627578277701958,True,150528,0,0
google-mobilenet-v2-1.0-224-quant,491/5059a3031188551f24953b7e9ff5133f695d5468.jpeg,491,491,734,407,False,False,False,False,0.19404067186941243,0.16407972121424533,0.06238644323706384,True,150528,0,0
google-mobilenet-v2-1.0-224-quant,492/12c87afa9705797582683c693b51a7df35d5e9f3.jpeg,492,492,562,562,False,False,False,False,0.5653969731695561,0.4561004666216595,0.05277797237579092,True,150528,0,0
google-mobilenet-v2-1.0-224-quant,493/0676d2fbdfa91433c60350ebb93e1eed99c4f9fd.jpeg,493,493,493,493,True,True,True,True,0.9961620442251783,0.9919280369974041,0.00040234552380644074,True,150528,0,0
google-mobilenet-v2-1.0-224-quant,494/2cfab1f3d501bfb49ca6afa57b49a0cce938a973.jpeg,494,494,762,762,False,False,True,False,0.18372563754168916,0.1805336118667134,0.07427669708450355,True,150528,0,0
google-mobilenet-v2-1.0-224-quant,495/8ee58c722bd894a5291832a94d077c7df2683a4e.jpeg,495,495,495,495,True,True,True,True,0.8143299766096701,0.9428060591108628,0.022906696822517475,True,150528,0,0
google-mobilenet-v2-1.0-224-quant,496/458358075f5697f03c617acde42e2a32a9dc895e.jpeg,496,496,496,496,True,True,True,True,0.9881468581998741,0.9727029122750998,0.002836398442014967,True,150528,0,0
google-mobilenet-v2-1.0-224-quant,497/9c25597da9d214cd4923a752e18e1f66aeaf4af8.jpeg,497,497,442,442,False,False,True,True,0.6913274725100899,0.7500346725320693,0.01173923849676857,True,150528,0,0
google-mobilenet-v2-1.0-224-quant,498/5115dab3fd714d834d09fbfc1d6c7f32542bc092.jpeg,498,498,498,498,True,True,True,True,0.8004997957222932,0.845981003773184,0.011788296958703861,True,150528,0,0
google-mobilenet-v2-1.0-224-quant,499/b75f601b279948b44e86ec516efb1f19bead7b75.jpeg,499,499,733,919,False,False,True,False,0.14268476349204015,0.17927140731824226,0.06559470553238037,True,150528,0,0
google-mobilenet-v2-1.0-224-quant,5/9e38c40ec47499517cf6bdfd365b5e87d3586516.jpeg,5,5,6,6,False,False,True,True,0.8695177502356847,0.8343814619866715,0.004120686663851314,True,150528,0,0
google-mobilenet-v2-1.0-224-quant,50/4e508bfbd5818d5cffbd224d917e741192b0148d.jpeg,50,50,50,49,True,False,True,True,0.5236466391232626,0.5679638466120028,0.006323680134076366,True,150528,0,0
google-mobilenet-v2-1.0-224-quant,500/72d1140d48a86a4c57e01bf9a607aca3f7d5f4b8.jpeg,500,500,500,500,True,True,True,True,0.8368226593770953,0.6563883024346475,0.022630264868072264,True,150528,0,0
google-mobilenet-v2-1.0-224-quant,501/131f541e96a91d2f7b95049deb141813311af2eb.jpeg,501,501,525,562,False,False,False,False,0.22125590056621725,0.27594688320743926,0.05061383685144959,True,150528,0,0
google-mobilenet-v2-1.0-224-quant,502/dde29537671513aa32e174ff8f7f04e5a5c61ce5.jpeg,502,502,774,774,False,False,True,True,0.9806085719222251,0.9576005286349784,0.00345353248148749,True,150528,0,0
google-mobilenet-v2-1.0-224-quant,503/3b60ac1f0773ca96f340486dc4a6711aab3b637f.jpeg,503,503,966,503,False,True,True,True,0.7359461749175653,0.7521952847606473,0.13764350280279428,True,150528,0,0
google-mobilenet-v2-1.0-224-quant,504/a891ce00461765d0e7842d471fa0d80c0cb53e27.jpeg,504,504,504,504,True,True,True,True,0.562389237320901,0.5946778414620888,0.012894580440698824,True,150528,0,0
google-mobilenet-v2-1.0-224-quant,505/b1ec0d0b77d650b06c1f37bbb04fa03c238492f7.jpeg,505,505,725,725,False,False,True,True,0.6150569089192686,0.5557383965820735,0.0027211952033877225,True,150528,0,0
google-mobilenet-v2-1.0-224-quant,506/a232f4056f73fb3368c08c4eef76acede7438b9f.jpeg,506,506,813,813,False,False,True,False,0.4919920966646683,0.9519725783763385,0.15913621764886202,True,150528,0,0
google-mobilenet-v2-1.0-224-quant,507/4aa4bf68d8d22cf6d872d4f128d44b3428ce2adb.jpeg,507,507,507,593,True,False,True,True,0.2145732637574724,0.26408498571793987,0.055093949876661996,True,150528,0,0
google-mobilenet-v2-1.0-224-quant,508/750016568065a11f3574f069aa619f5f1c48c411.jpeg,508,508,810,810,False,False,True,False,0.6104836147495601,0.7792268970274978,0.06155357979029938,True,150528,0,0
google-mobilenet-v2-1.0-224-quant,509/16d089b1ffefd61aa8020c907f8c36629ad78cf7.jpeg,509,509,509,509,True,True,True,True,0.444800711069284,0.5957455871532739,0.06638203937202265,True,150528,0,0
google-mobilenet-v2-1.0-224-quant,51/9f418c4d4245cbaf1ccef92424158149fbf3c83c.jpeg,51,51,417,417,False,False,False,False,0.40828211715653406,0.3452926546352642,0.02811691739723549,True,150528,0,0
google-mobilenet-v2-1.0-224-quant,510/3e6e4930a34111400fc692dd93e9854cf81dcbde.jpeg,510,510,536,536,False,False,True,True,0.8588382118436659,0.6458055136585882,0.034949068368606034,True,150528,0,0
google-mobilenet-v2-1.0-224-quant,511/6cbdaa9e5da6a4950d7e1f8dfd3ac1d9676bcb9f.jpeg,511,511,751,751,False,False,False,False,0.6842624439381678,0.8098706014245278,0.031195020188268304,True,150528,0,0
google-mobilenet-v2-1.0-224-quant,512/e7600342cb688cd55662abfc4846566a32fcdc0f.jpeg,512,512,512,512,True,True,True,True,0.8608153811173246,0.7833298562047303,0.008408080382951825,True,150528,0,0
google-mobilenet-v2-1.0-224-quant,513/ea4e1172e7097aff13a7d416b68787fba10043ac.jpeg,513,513,558,558,False,False,True,True,0.2434857632348117,0.41418017856224476,0.0890610472351256,True,150528,0,0
google-mobilenet-v2-1.0-224-quant,514/11d980a9fcfd663189cffc2b15b8b00121a55e77.jpeg,514,514,514,514,True,True,True,True,0.9995213195372743,0.9989239724887687,9.467765259811039e-05,True,150528,0,0
google-mobilenet-v2-1.0-224-quant,515/20e688e2c1eea6f63a3edccdba148bf3cb75dbb0.jpeg,515,515,515,515,True,True,True,True,0.7700714816236531,0.6978952009854679,0.034458912818151624,True,150528,0,0
google-mobilenet-v2-1.0-224-quant,516/e73bc4240dcc26e61ca92a2633a2bd0c672dce56.jpeg,516,516,431,431,False,False,True,True,0.5973875899609749,0.8324107327698892,0.03902902966387806,True,150528,0,0
google-mobilenet-v2-1.0-224-quant,517/1f4392d778f0a67b69b4ea0072412bd1c5da7244.jpeg,517,517,517,517,True,True,True,True,0.3060820054937923,0.2968823731921302,0.049845239752506855,True,150528,0,0
google-mobilenet-v2-1.0-224-quant,518/9b4efa96277b768e6a41bc8459e83abc0f858f26.jpeg,518,518,573,450,False,False,True,True,0.3964124071853644,0.2813838902398702,0.0905541900518395,True,150528,0,0
google-mobilenet-v2-1.0-224-quant,519/c32481fed793a50e8ba3e76d64650d26e127f115.jpeg,519,519,624,668,False,False,False,False,0.08984748065658008,0.1785868601643603,0.04391486146221017,True,150528,0,0
google-mobilenet-v2-1.0-224-quant,52/b0dd2e54bc3511a316585011750d5265aea1b626.jpeg,52,52,52,52,True,True,True,True,0.995765532840209,0.9951626029922074,0.0001279804693766553,True,150528,0,0
google-mobilenet-v2-1.0-224-quant,520/1b50198b55777d87846a02ae06912527421e8c03.jpeg,520,520,520,520,True,True,True,True,0.997938493557725,0.9968435141056935,0.00010799131357410092,True,150528,0,0
google-mobilenet-v2-1.0-224-quant,521/2703075303d1f614a5216de9c917c4fa6a2d95b0.jpeg,521,521,521,521,True,True,True,True,0.9942855932520523,0.9952771623560172,0.0003784231140042276,True,150528,0,0
google-mobilenet-v2-1.0-224-quant,522/6d6158649b228e5f80a5fbcf6bf9c5df2ddccc36.jpeg,522,522,522,522,True,True,True,True,0.8653650314826477,0.7326286825514543,0.037916939491878736,True,150528,0,0
google-mobilenet-v2-1.0-224-quant,523/12afcb036558e1009476f3e07fe7583f7e7d3f60.jpeg,523,523,842,842,False,False,False,False,0.509854777607152,0.4924460788809014,0.009504517253864971,True,150528,0,0
google-mobilenet-v2-1.0-224-quant,524/762dd1937d2980f1c6bde0731a0d8ed46c641b4b.jpeg,524,524,514,865,False,False,False,False,0.2016643540590419,0.22235398481806604,0.07449815367156712,True,150528,0,0
google-mobilenet-v2-1.0-224-quant,525/ccbab8ded68316407542fbb9696d6275c1882132.jpeg,525,525,975,975,False,False,False,False,0.4085032204405805,0.3225802579814855,0.02418738964026562,True,150528,0,0
google-mobilenet-v2-1.0-224-quant,526/05c7941e498b1e947ffed98d8f4b910a6abf96cd.jpeg,526,526,526,526,True,True,True,True,0.3571621139709336,0.3801896193615239,0.028389245228543948,True,150528,0,0
google-mobilenet-v2-1.0-224-quant,527/aca007524624cd087ddc602a6444d8332a0c0647.jpeg,527,527,742,742,False,False,True,True,0.3996707314542168,0.6630606796345957,0.06943107476784942,True,150528,0,0
google-mobilenet-v2-1.0-224-quant,528/e405966b5ce7542217f9110aecdf18dd9bc229ab.jpeg,528,528,528,528,True,True,True,True,0.9933521791620089,0.9883958262769904,0.0006694582754685088,True,150528,0,0
google-mobilenet-v2-1.0-224-quant,529/698f0c2e61d5015a337162a7a395912bb7d0f0f3.jpeg,529,529,624,624,False,False,True,True,0.3505025887249192,0.2674686448451963,0.036184333381953204,True,150528,0,0
google-mobilenet-v2-1.0-224-quant,53/63f13e04ebb35fabce223f3c8cd3f36c0c6f2499.jpeg,53,53,53,53,True,True,True,True,0.9854189124243685,0.9664104642510885,0.0020547214717196987,True,150528,0,0
google-mobilenet-v2-1.0-224-quant,530/46795d5c05ef9d0c72fdb87e524e0cc82b1554a7.jpeg,530,530,745,745,False,False,False,False,0.342377648132123,0.13825021604352106,0.05976553570419989,True,150528,0,0
google-mobilenet-v2-1.0-224-quant,531/fa038c273bb53376c8dfc80f4deae133f5d5f500.jpeg,531,531,635,892,False,False,True,True,0.237088644672648,0.2781243201429251,0.09977584586874574,True,150528,0,0
google-mobilenet-v2-1.0-224-quant,532/59e3b9aba9f997823250d713f69861100041dc7d.jpeg,532,532,762,762,False,False,True,True,0.6639400481110648,0.5439193382290397,0.008030173160909315,True,150528,0,0
google-mobilenet-v2-1.0-224-quant,533/33df98a02c21d1e8b0efd755d79007f36aff4f98.jpeg,533,533,708,533,False,True,True,True,0.17473742448888402,0.2158773910689992,0.07414227939219187,True,150528,0,0
google-mobilenet-v2-1.0-224-quant,534/36fae4ba039174fe73fbe99c2b0df0c1df18f200.jpeg,534,534,534,534,True,True,True,True,0.9945811180761625,0.9912554664684715,0.0008060256376477869,True,150528,0,0
google-mobilenet-v2-1.0-224-quant,535/4210fdb2f71d241713bf145b40eefd19e6842ea9.jpeg,535,535,535,535,True,True,True,True,0.9328629244694949,0.945977329523632,0.002291330627367104,True,150528,0,0
google-mobilenet-v2-1.0-224-quant,536/87f7a1f47c59b733d0bcead913249f12de57c6c8.jpeg,536,536,510,510,False,False,True,True,0.6828877405355789,0.800133304764911,0.013289632184839759,True,150528,0,0
google-mobilenet-v2-1.0-224-quant,537/51af9512a3286f083546afa3d87dffcc74ff1d34.jpeg,537,537,537,537,True,True,True,True,0.99530817685401,0.9959618023212232,8.557159452571293e-05,True,150528,0,0
google-mobilenet-v2-1.0-224-quant,538/509ba17816ddcb239001efd0050046b372b6ad52.jpeg,538,538,668,668,False,False,True,True,0.9991298944559083,0.9983987863749076,0.00010980870598282029,True,150528,0,0
google-mobilenet-v2-1.0-224-quant,539/82bc49a8d845365478634ced5c1b7bd1abb1caa5.jpeg,539,539,539,539,True,True,True,True,0.8798240346741892,0.8669148192221832,0.01569931087845881,True,150528,0,0
google-mobilenet-v2-1.0-224-quant,54/e7fc6e7d797d2291b57502bb964098cfb124f9ad.jpeg,54,54,60,60,False,False,True,False,0.5043505605731836,0.4198125311553165,0.021948868785091592,True,150528,0,0
google-mobilenet-v2-1.0-224-quant,540/64c3ce38eb98f7c58cb3afdffb8ce9f0a7bd988f.jpeg,540,540,517,517,False,False,True,True,0.5130682772260096,0.6568639065082847,0.019385116207300976,True,150528,0,0
google-mobilenet-v2-1.0-224-quant,541/b802d598e9e9ac6a7e0a11e61e16f8bf042b7c25.jpeg,541,541,567,532,False,False,True,True,0.14837447242950752,0.3212448924320503,0.13881397045496868,True,150528,0,0
google-mobilenet-v2-1.0-224-quant,542/1b3ac0b2cd64a53a7f9af5c964cfe1281beaf6c0.jpeg,542,542,542,542,True,True,True,True,0.7926561972082932,0.5568762368712256,0.09505280477068456,True,150528,0,0
google-mobilenet-v2-1.0-224-quant,543/999e12cda14fe44107f7f41579d6155980838dce.jpeg,543,543,612,612,False,False,False,False,0.16019665725755625,0.1101615036637554,0.03262023814844104,True,150528,0,0
google-mobilenet-v2-1.0-224-quant,544/e32da9e1a3c0f3f94bc53114d9b86faf0b2197c6.jpeg,544,544,544,544,True,True,True,True,0.9066410487478302,0.7943919543086513,0.01483542902417932,True,150528,0,0
google-mobilenet-v2-1.0-224-quant,545/4cfe2a53a9be9640e5bce79e08a3b22f544f19a8.jpeg,545,545,677,971,False,False,False,False,0.09394913165669865,0.6376485386970174,0.23203512442703528,True,150528,0,0
google-mobilenet-v2-1.0-224-quant,546/0c03c708a9089d132313d870d9c562c1b7255488.jpeg,546,546,788,860,False,False,False,False,0.24174496134731246,0.18208926207004064,0.02043359006813539,True,150528,0,0
google-mobilenet-v2-1.0-224-quant,547/afc31b5266a0eedc3a2605e623740448543c5abb.jpeg,547,547,547,547,True,True,True,True,0.742852746301003,0.8534116118521246,0.017290939276958763,True,150528,0,0
google-mobilenet-v2-1.0-224-quant,548/f23d8d16c44d3fb9e0713615f78098fa18adb934.jpeg,548,548,598,598,False,False,True,True,0.6443763702729861,0.6674962385102717,0.002376439432715394,True,150528,0,0
google-mobilenet-v2-1.0-224-quant,549/4c501a908612799a97c5fb13d29918afde855cab.jpeg,549,549,549,549,True,True,True,True,0.9702414598733222,0.9551659849033733,0.0030364842233930297,True,150528,0,0
google-mobilenet-v2-1.0-224-quant,55/88e557c52c68ec8dfe6e385c67b5695a8e45f894.jpeg,55,55,46,46,False,False,True,True,0.5199301361908493,0.6023397567159965,0.051237282071200735,True,150528,0,0
google-mobilenet-v2-1.0-224-quant,550/465fe90a9ae4c72a1814e71109fd67bf4fbf3990.jpeg,550,550,505,505,False,False,True,True,0.8300390316570087,0.8759437943640066,0.0027817121186539395,True,150528,0,0
google-mobilenet-v2-1.0-224-quant,551/864a5345bd33224e0f55c9577b9c0f8ef9fc7e92.jpeg,551,551,551,551,True,True,True,True,0.9995631457588232,0.9996943998266792,5.033323024774978e-05,True,150528,0,0
google-mobilenet-v2-1.0-224-quant,552/7f1f776983c50237060a4a8a4ddc9490ed92ca1a.jpeg,552,552,552,552,True,True,True,True,0.8999497951292916,0.9839666188948999,0.01920929414911852,True,150528,0,0
google-mobilenet-v2-1.0-224-quant,553/05667646af2c8ddcee8de83b79313ae2e0f14f11.jpeg,553,553,553,553,True,True,True,True,0.8073745383113553,0.7047348580091047,0.012000584207282044,True,150528,0,0
google-mobilenet-v2-1.0-224-quant,554/f3d0f73b10a8115cbb71855753936f9f6344b925.jpeg,554,554,554,554,True,True,True,True,0.9990003467500936,0.9952592344780421,0.0007243506313419523,True,150528,0,0
google-mobilenet-v2-1.0-224-quant,555/f56282c0857249eb828fc9439540ff0f916aaf92.jpeg,555,555,555,555,True,True,True,True,0.5807567240308487,0.42769087192266103,0.025673002079503543,True,150528,0,0
google-mobilenet-v2-1.0-224-quant,556/123c6268a968c64ab8606b2db8c2ffbb8bcd03e4.jpeg,556,556,556,556,True,True,True,True,0.49271208438750314,0.855503981082453,0.08789477204924664,True,150528,0,0
google-mobilenet-v2-1.0-224-quant,557/553c4cfb554394f4d9be81fe42b58b32039b5895.jpeg,557,557,497,497,False,False,False,False,0.9305586650504347,0.8829111227280408,0.005657622562685954,True,150528,0,0
google-mobilenet-v2-1.0-224-quant,558/ab4116173fdb5a6e978033c405d666f07dc4d955.jpeg,558,558,432,432,False,False,True,True,0.19761280281640858,0.2870420460657156,0.047146403721466494,True,150528,0,0
google-mobilenet-v2-1.0-224-quant,559/ad03bdc2aae6b75a8615dd0ac292dbe74f4b6b0e.jpeg,559,559,112,447,False,False,False,False,0.3327471397940783,0.14901604111971106,0.0699085261725841,True,150528,0,0
google-mobilenet-v2-1.0-224-quant,56/fb01da5af28e2420c61ddec4ce2793a4b708f02f.jpeg,56,56,56,56,True,True,True,True,0.9903642460307858,0.9853092969125818,0.0009576837418889396,True,150528,0,0
google-mobilenet-v2-1.0-224-quant,560/93e7cedf1332a9db3d2ec2ce57db687819faff42.jpeg,560,560,560,560,True,True,True,True,0.9781039140998276,0.8654822684053263,0.02486184145521638,True,150528,0,0
google-mobilenet-v2-1.0-224-quant,561/d4ea02f1bd7349245f116656a6fd91e1acea082b.jpeg,561,561,595,561,False,True,True,True,0.48151835611403104,0.4341237025701034,0.025957940526238073,True,150528,0,0
google-mobilenet-v2-1.0-224-quant,562/23137a3e36e27ee279c2985e1a3d9b49d6942d40.jpeg,562,562,698,698,False,False,True,True,0.4410186469672065,0.6055072262239307,0.049486952309776906,True,150528,0,0
google-mobilenet-v2-1.0-224-quant,563/81ec7471dbe22ddeed22efec2383ebdcb6d996fa.jpeg,563,563,563,563,True,True,True,True,0.984298505446758,0.9696056742065684,0.0033565370104679214,True,150528,0,0
google-mobilenet-v2-1.0-224-quant,564/fe583eb103ae4b9c10c1a2a8292e92e1d3bfaab8.jpeg,564,564,564,564,True,True,True,True,0.8389648720757813,0.7814477914658176,0.0032185602241143747,True,150528,0,0
google-mobilenet-v2-1.0-224-quant,565/e6deafc0a6268318077a565c5fffe0d18e568f53.jpeg,565,565,547,547,False,False,True,True,0.8881024594755965,0.9380652875377912,0.004800558366264583,True,150528,0,0
google-mobilenet-v2-1.0-224-quant,566/7274100dd2ff6112b9782dae1eabe07d8aa4d237.jpeg,566,566,566,566,True,True,True,True,0.9819461187651921,0.9720448704593455,0.0008224280358460464,True,150528,0,0
google-mobilenet-v2-1.0-224-quant,567/a5f6e3b41fc8296a254d1887da865b075a84b0ff.jpeg,567,567,567,567,True,True,True,True,0.8580306059379269,0.7388846364648999,0.028004746390701562,True,150528,0,0
google-mobilenet-v2-1.0-224-quant,568/d5530ce23f0867ff0d40999f945bf044c0ff4073.jpeg,568,568,568,568,True,True,True,True,0.49859211749871357,0.4639576708143904,0.0038928201282183365,True,150528,0,0
google-mobilenet-v2-1.0-224-quant,569/23f378f199fd726132d887a8c4e5dae756b1fc84.jpeg,569,569,569,569,True,True,True,True,0.9965675842780483,0.9938301004664163,0.00034807084292092877,True,150528,0,0
google-mobilenet-v2-1.0-224-quant,57/3eb952bdbda782e413069ab5c7b3bda3d84fca93.jpeg,57,57,59,59,False,False,True,True,0.8428595478556332,0.7669685166198245,0.05102526803653004,True,150528,0,0
google-mobilenet-v2-1.0-224-quant,570/0d93cf02ab5fb63e1c40cfeb35f5854e0981d9f0.jpeg,570,570,570,570,True,True,True,True,0.8357015087677222,0.7407715484746852,0.007143145435742555,True,150528,0,0
google-mobilenet-v2-1.0-224-quant,571/722b0a8006b5fee8806acab2a28d00f8fd3449a0.jpeg,571,571,670,466,False,False,False,False,0.15196258475454563,0.2556115774415631,0.10346457733268472,True,150528,0,0
google-mobilenet-v2-1.0-224-quant,572/c7c7228f5f89e4fb01a6682b66b703693c49da60.jpeg,572,572,907,907,False,False,False,False,0.7661791109649033,0.7474962910859836,0.004700336585933487,True,150528,0,0
google-mobilenet-v2-1.0-224-quant,573/f0158e914f2e0d812c7b283f9dcb8d691eeb69ae.jpeg,573,573,819,664,False,False,False,False,0.39643793008804723,0.5252416820162494,0.13681695484881112,True,150528,0,0
google-mobilenet-v2-1.0-224-quant,574/f2f5e0f652a881e2a441d12c06cc7633cfa7cc49.jpeg,574,574,574,574,True,True,True,True,0.9772578102754321,0.9877119294876975,0.002273080050306427,True,150528,0,0
google-mobilenet-v2-1.0-224-quant,575/c1bcd0a27d816830192fc1948a2e9e75d5cd84c6.jpeg,575,575,575,575,True,True,True,True,0.8837972264883445,0.8458661852189089,0.0033349573766254803,True,150528,0,0
google-mobilenet-v2-1.0-224-quant,576/fc867ca14ebcaf380b013ed99db875fa8c2fa220.jpeg,576,576,576,576,True,True,True,True,0.9987262644701118,0.9579622416395538,0.012644355845667258,True,150528,0,0
google-mobilenet-v2-1.0-224-quant,577/44aac912e5ea74fb5446c3223bfe24e23b0c1b27.jpeg,577,577,577,577,True,True,True,True,0.9049785044376776,0.8570442094331653,0.004960150384686337,True,150528,0,0
google-mobilenet-v2-1.0-224-quant,578/32023ec96297087b79e04e56d158960aa7c20a06.jpeg,578,578,775,775,False,False,True,True,0.3953281928171422,0.42223271572178206,0.0043072983001473135,True,150528,0,0
google-mobilenet-v2-1.0-224-quant,579/95d08f5f44a465ef938429f77bc64971957144a8.jpeg,579,579,579,579,True,True,True,True,0.9973753417775634,0.9977830386756399,6.641269924123773e-05,True,150528,0,0
google-mobilenet-v2-1.0-224-quant,58/7b05e124da368152708679dd81457ac02ffe37ed.jpeg,58,58,979,975,False,False,False,False,0.18803608743171613,0.15928135898350185,0.015548098131156873,True,150528,0,0
google-mobilenet-v2-1.0-224-quant,580/ab175c6d3bbec11c6425e2442aa0dc5462d6afab.jpeg,580,580,580,580,True,True,True,True,0.3886691331111009,0.31764522666050005,0.04926706993562288,True,150528,0,0
google-mobilenet-v2-1.0-224-quant,581/cbbb5155103fe4659a59864894495e1b93bb9c88.jpeg,581,581,581,485,True,False,True,True,0.5774969467469195,0.3021150052474316,0.15691495236742223,True,150528,0,0
google-mobilenet-v2-1.0-224-quant,582/8e3859a8c5dcb031854fe4ee922282676337537c.jpeg,582,582,454,454,False,False,True,False,0.3106826841495065,0.40926676093093456,0.041755568301059406,True,150528,0,0
google-mobilenet-v2-1.0-224-quant,583/d324325a82133d95d98a47ac590ed3a9215a41ec.jpeg,583,583,583,583,True,True,True,True,0.9766892930608556,0.9878948317864256,0.0019100270835707585,True,150528,0,0
google-mobilenet-v2-1.0-224-quant,584/6c9001c37f58b4e31434beb063b4537cde3ad5eb.jpeg,584,584,584,584,True,True,True,True,0.6466188258807289,0.6715847701717045,0.024634965593386925,True,150528,0,0
google-mobilenet-v2-1.0-224-quant,585/2691059245772419be3014823f7d6e3d982d4a4c.jpeg,585,585,838,838,False,False,True,True,0.35024838791382146,0.4983758466581813,0.023266318204238988,True,150528,0,0
google-mobilenet-v2-1.0-224-quant,586/61a4d6c7c80d33e3510b212e878d5730657d010a.jpeg,586,586,586,586,True,True,True,True,0.9188500893768784,0.8858410602293366,0.0018112952092832154,True,150528,0,0
google-mobilenet-v2-1.0-224-quant,587/0f6a948274b0a46d2218641eee6a5a83dc1b7bea.jpeg,587,587,587,587,True,True,True,True,0.9377923327315474,0.8834134127494404,0.01292817662973704,True,150528,0,0
google-mobilenet-v2-1.0-224-quant,588/34e7d8947edb8ee7e08717bdeabd9df0b1af013f.jpeg,588,588,588,588,True,True,True,True,0.7535657403774483,0.8222109768635915,0.016751351674599554,True,150528,0,0
google-mobilenet-v2-1.0-224-quant,589/f7c50dfeb65172165450f58c1534a8cecf570c36.jpeg,589,589,589,528,True,False,True,True,0.6652381784621839,0.43297464707277517,0.04254626386324034,True,150528,0,0
google-mobilenet-v2-1.0-224-quant,59/c7caaa37e5303fdc8dac45a854f2ed634c47a807.jpeg,59,59,52,52,False,False,True,True,0.46144300041995123,0.223405852191222,0.10303234916834281,True,150528,0,0
google-mobilenet-v2-1.0-224-quant,590/94e7f8df52c39c14a57e2a110ee5c954ed17be09.jpeg,590,590,487,487,False,False,False,False,0.4187024551788726,0.1687731236623184,0.16677828855440022,True,150528,0,0
google-mobilenet-v2-1.0-224-quant,591/588977b7a0776942f5b6738ab99577edcf0f7690.jpeg,591,591,251,731,False,False,False,False,0.38586537188960784,0.08387911257538463,0.13139498308005865,True,150528,0,0
google-mobilenet-v2-1.0-224-quant,592/14e92c1ad98c83d27f295e003e0f64fe35649780.jpeg,592,592,592,592,True,True,True,True,0.8811664889834876,0.39368818757957297,0.15264640639407723,True,150528,0,0
google-mobilenet-v2-1.0-224-quant,593/e72ce4f39869dc7cc5bbe5f5b48d4e8075018b40.jpeg,593,593,593,696,True,False,True,False,0.6402672621792077,0.039755951127313685,0.31741946690640377,True,150528,0,0
google-mobilenet-v2-1.0-224-quant,594/3d6a55a69260fc893ce392123799b0718bcb486c.jpeg,594,594,594,594,True,True,True,True,0.9991511932712432,0.9995911113937499,4.626928379425631e-05,True,150528,0,0
google-mobilenet-v2-1.0-224-quant,595/bf4e2d633aea51f7d6f983e1ba79e0c90ec8af9a.jpeg,595,595,595,595,True,True,True,True,0.9477743238714564,0.9604713009660073,0.0010262565530965192,True,150528,0,0
google-mobilenet-v2-1.0-224-quant,596/8af6bd8a5a687276e230555ab9d96a94b10b4d3b.jpeg,596,596,939,906,False,False,False,False,0.34736085765784225,0.10035480170789919,0.13410226351338703,True,150528,0,0
google-mobilenet-v2-1.0-224-quant,597/607df399d126e5148482ad73601a0fcd4ca6530c.jpeg,597,597,597,597,True,True,True,True,0.9095350316630431,0.9316541903333557,0.004183931703069367,True,150528,0,0
google-mobilenet-v2-1.0-224-quant,598/d076ba9bf687c274a76c7fdd8c2f3f12f46b69ac.jpeg,598,598,598,598,True,True,True,True,0.7289756148996567,0.6571120608714848,0.008796753895190423,True,150528,0,0
google-mobilenet-v2-1.0-224-quant,599/ec676f10f0c04066f125a7743352f114664728b1.jpeg,599,599,410,599,False,True,True,True,0.5488713776389885,0.642767957013937,0.019244218442167345,True,150528,0,0
google-mobilenet-v2-1.0-224-quant,6/f5bc92b3e594b3f0cb9929fc10490c640dd71c4e.jpeg,6,6,3,3,False,False,True,True,0.5752213106491014,0.7731630758044103,0.039509156851538246,True,150528,0,0
google-mobilenet-v2-1.0-224-quant,60/c245de73af679217ce5e35b66700d095f0e10891.jpeg,60,60,68,68,False,False,False,False,0.6716000973332954,0.5767146561153131,0.012683601521673752,True,150528,0,0
google-mobilenet-v2-1.0-224-quant,600/a3cf9acba8c38aaa105fef78f0324de52c80005f.jpeg,600,600,44,600,False,True,True,True,0.2255670445029756,0.6077007132109125,0.14178408809980025,True,150528,0,0
google-mobilenet-v2-1.0-224-quant,601/dfd6d356f8db2b0b765bed8073fe20358e6517e3.jpeg,601,601,246,660,False,False,False,False,0.40054089078744054,0.1539643591329769,0.09078482270334426,True,150528,0,0
google-mobilenet-v2-1.0-224-quant,602/29400569ca54c79f66958951ffffc567f04c314f.jpeg,602,602,416,416,False,False,True,True,0.8362698544858993,0.7596850996211603,0.007597824314117478,True,150528,0,0
google-mobilenet-v2-1.0-224-quant,603/a1dace697b2644ccad5da6642248c9ad45f50d8f.jpeg,603,603,603,603,True,True,True,True,0.7975047829401284,0.8585917792865243,0.006864938547197908,True,150528,0,0
google-mobilenet-v2-1.0-224-quant,604/58bba5a3457192234b6797f78b74358345ebd822.jpeg,604,604,604,604,True,True,True,True,0.4738876170754472,0.9007533131666667,0.11718787916170811,True,150528,0,0
google-mobilenet-v2-1.0-224-quant,605/36471710d2038cd8e927c00f7e233f8eeefd4a76.jpeg,605,605,508,508,False,False,False,False,0.25885537677579945,0.5384618565374176,0.059913697882655256,True,150528,0,0
google-mobilenet-v2-1.0-224-quant,606/b2d72c1b3f237f37ba5f1df8ac93ecc1d8967182.jpeg,606,606,606,520,True,False,True,True,0.3930149275562155,0.43835470892150696,0.19350897384203636,True,150528,0,0
google-mobilenet-v2-1.0-224-quant,607/0f5da211434914be6c3f1191b594aa21befc0acc.jpeg,607,607,491,491,False,False,False,False,0.4374677238889175,0.2604582029783278,0.062391353684482884,True,150528,0,0
google-mobilenet-v2-1.0-224-quant,608/44a25946d4088b7322d42b0338295f17d07d62c3.jpeg,608,608,608,608,True,True,True,True,0.6334572659833143,0.43059905883722127,0.04598092171087405,True,150528,0,0
google-mobilenet-v2-1.0-224-quant,609/130ce6cd87e57a6e086fede52215200d83829c9d.jpeg,609,609,609,609,True,True,True,True,0.99841209600514,0.9990195167035729,9.675673958565287e-05,True,150528,0,0
google-mobilenet-v2-1.0-224-quant,61/027095f2411ffe4e2d56abf2e3198f3e7efdd4b9.jpeg,61,61,62,62,False,False,True,True,0.6895566134493196,0.5947198121376923,0.0060207323066241115,True,150528,0,0
google-mobilenet-v2-1.0-224-quant,610/93a948b0b45927b7299c43fbf27d545328b53d65.jpeg,610,610,841,841,False,False,False,False,0.16358036505205595,0.08821091490635795,0.052758783729996234,True,150528,0,0
google-mobilenet-v2-1.0-224-quant,611/30457effc84bcf6ee385898f7f1dd31dbdb501c9.jpeg,611,611,767,419,False,False,False,False,0.07655523490751213,0.11386014352019372,0.08390132079835362,True,150528,0,0
google-mobilenet-v2-1.0-224-quant,612/c9b74a8c75ef7662e4c776393e4c28ec10366397.jpeg,612,612,612,612,True,True,True,True,0.22751747702335787,0.08496790898436582,0.055628151459117196,True,150528,0,0
google-mobilenet-v2-1.0-224-quant,613/dd9455df0855b8b3fcddbdbebab57541ce785747.jpeg,613,613,613,613,True,True,True,True,0.828429090147562,0.9691883695684097,0.0327672440510184,True,150528,0,0
google-mobilenet-v2-1.0-224-quant,614/04f4f5920a73edd85d0e2b9ff8064ec285611ec8.jpeg,614,614,614,614,True,True,True,True,0.9558032852853522,0.8600042997997235,0.016842705265001395,True,150528,0,0
google-mobilenet-v2-1.0-224-quant,615/7c17957077b4715d5731fc98ff830d2098616edc.jpeg,615,615,671,671,False,False,False,False,0.9581120703157322,0.9540969114946929,0.0010916496724400987,True,150528,0,0
google-mobilenet-v2-1.0-224-quant,616/ce4f41d13716c17e3fdc3588c07e45ccc860779f.jpeg,616,616,616,616,True,True,True,True,0.9525367763216819,0.9272660785665807,0.004842039815815588,True,150528,0,0
google-mobilenet-v2-1.0-224-quant,617/8d5064d6fcd4c87e659042f0d371531d9797788a.jpeg,617,617,631,922,False,False,False,False,0.48123555680742774,0.371872034604178,0.038688197334997274,True,150528,0,0
google-mobilenet-v2-1.0-224-quant,618/4e2d84f7cae1565d203c74a0243ad0250bdcc878.jpeg,618,618,618,618,True,True,True,True,0.9153748245315558,0.8289029153852833,0.020670376605224614,True,150528,0,0
google-mobilenet-v2-1.0-224-quant,619/6846e365025052f9325008571f7309ddd752160d.jpeg,619,619,642,739,False,False,False,False,0.3398407325742006,0.32529132606530525,0.10264795243385239,True,150528,0,0
google-mobilenet-v2-1.0-224-quant,62/2ee178275ae7207c77217b2c40afddb2d7f292e7.jpeg,62,62,62,44,True,False,True,True,0.6090259772256129,0.7589621621788305,0.07937266279179558,True,150528,0,0
google-mobilenet-v2-1.0-224-quant,620/0925ed60ba37a728faa69e7b148ca4ff00209c20.jpeg,620,620,681,681,False,False,True,True,0.6687181541437083,0.6579822288318891,0.0020682957403864756,True,150528,0,0
google-mobilenet-v2-1.0-224-quant,621/253568c98b4892c81849390e74ebad5702278f73.jpeg,621,621,621,621,True,True,True,True,0.8955132891032022,0.7840395475584224,0.018745350397724646,True,150528,0,0
google-mobilenet-v2-1.0-224-quant,622/0b66f2bb024dd4580155988183f3c1e554474581.jpeg,622,622,622,622,True,True,True,True,0.43848625350476206,0.13954732688434382,0.12081726435643053,True,150528,0,0
google-mobilenet-v2-1.0-224-quant,623/3c6358304749f9bad9cb0e6858e90e3a2e71a817.jpeg,623,623,709,709,False,False,True,False,0.4320354689772834,0.4006684602290063,0.04752175912386781,True,150528,0,0
google-mobilenet-v2-1.0-224-quant,624/7ef905f87086d2e2b88ee90fb81ae850b10183ab.jpeg,624,624,624,624,True,True,True,True,0.843957918928661,0.6929839116088884,0.016506942925709447,True,150528,0,0
google-mobilenet-v2-1.0-224-quant,625/d3bdd00c5c61ef6e60d801def80bfe277b545993.jpeg,625,625,625,625,True,True,True,True,0.8641330986702513,0.9792723629803146,0.028652514605976183,True,150528,0,0
google-mobilenet-v2-1.0-224-quant,626/3f8bf145908c3f851a2b0c9b5086a3d619ce9162.jpeg,626,626,674,674,False,False,True,True,0.98893274249664,0.988883213430074,0.0012911813919492948,True,150528,0,0
google-mobilenet-v2-1.0-224-quant,627/c4d545d4854ff8fedeb820ff896e77e2c6c774f8.jpeg,627,627,779,779,False,False,True,True,0.5246716518367445,0.711547806624004,0.020007549609924895,True,150528,0,0
google-mobilenet-v2-1.0-224-quant,628/3b0bb920c4f42897ca3def831b73ee6b19c990be.jpeg,628,628,628,628,True,True,True,True,0.9866211101805052,0.9944245674751692,0.0016541916820370713,True,150528,0,0
google-mobilenet-v2-1.0-224-quant,629/2771839b408ee9fccea24e5c0e49da9bdcb46bfa.jpeg,629,629,629,629,True,True,True,True,0.9506662244932129,0.9391892530137106,0.001899995455893646,True,150528,0,0
google-mobilenet-v2-1.0-224-quant,63/a220fd8c2f21f24fa429a51548eee9e44e59cd79.jpeg,63,63,63,63,True,True,True,True,0.9808453385126107,0.9951233309604356,0.0024185000856615704,True,150528,0,0
google-mobilenet-v2-1.0-224-quant,630/9b37a054607405566aaf5f1c7b2b1486c3b3609d.jpeg,630,630,630,770,True,False,True,True,0.31992740840988715,0.3300911568578269,0.053062454416384665,True,150528,0,0
google-mobilenet-v2-1.0-224-quant,631/419fc08770f892eac21f52bc1770dce7d6759ad0.jpeg,631,631,711,711,False,False,False,False,0.9239332345311747,0.8435202646215997,0.01959323636185321,True,150528,0,0
google-mobilenet-v2-1.0-224-quant,632/f9be5df4c12b0461edfed33c59c3044bc07268c2.jpeg,632,632,618,618,False,False,False,False,0.15785860096920398,0.22906229918697707,0.03547359550627924,True,150528,0,0
google-mobilenet-v2-1.0-224-quant,633/ca9863567bd29877dba43eca224a297a0f40d966.jpeg,633,633,655,655,False,False,False,False,0.32729510457208283,0.19411204101065527,0.03006703183782513,True,150528,0,0
google-mobilenet-v2-1.0-224-quant,634/63fd9a213f41f8fda588393bebbf2a9d82d36f5c.jpeg,634,634,660,660,False,False,True,True,0.44763972306157407,0.27062200957586036,0.0989051793070721,True,150528,0,0
google-mobilenet-v2-1.0-224-quant,635/38693c47d3534b10294f568a4abf82eba10f6209.jpeg,635,635,535,535,False,False,False,False,0.43108438764871576,0.3312068823699154,0.030531338948640775,True,150528,0,0
google-mobilenet-v2-1.0-224-quant,636/ea2e9b972f73c521797495f1435aba66774860e8.jpeg,636,636,636,636,True,True,True,True,0.8664555464532789,0.8924508347391168,0.009476330522869466,True,150528,0,0
google-mobilenet-v2-1.0-224-quant,637/73bd3bf38c2e02459a9a6afbd192247e0054ca9d.jpeg,637,637,863,863,False,False,True,True,0.20243120550809846,0.3078686262590641,0.053372589237575756,True,150528,0,0
google-mobilenet-v2-1.0-224-quant,638/d3578b1d60bec410d9cddc4dfc5697a95b037735.jpeg,638,638,680,655,False,False,False,False,0.04205583022753583,0.07382310077600514,0.05636989068329008,True,150528,0,0
google-mobilenet-v2-1.0-224-quant,639/ce72209b69b4174f8eafbcba976ebd6132874f14.jpeg,639,639,639,639,True,True,True,True,0.5834380996573234,0.4888735199447568,0.025222422451232268,True,150528,0,0
google-mobilenet-v2-1.0-224-quant,64/769efbae9cdf7f555f6d97340feecee927c479a9.jpeg,64,64,64,64,True,True,True,True,0.5629095037317617,0.4210408474079706,0.023049176877807,True,150528,0,0
google-mobilenet-v2-1.0-224-quant,640/72d06e1dfa99c844bf6c4c83d86e2ea836c1836d.jpeg,640,640,640,640,True,True,True,True,0.9910173480835318,0.9951136376468672,0.00044503195899769823,True,150528,0,0
google-mobilenet-v2-1.0-224-quant,641/4ff413332eb9d15fd3541a37b13bfa629d4abd29.jpeg,641,641,641,641,True,True,True,True,0.9998806053948809,0.999757453094968,1.6801481783615522e-05,True,150528,0,0
google-mobilenet-v2-1.0-224-quant,642/372d3e17a01768706c41472cebd74e5c981e5753.jpeg,642,642,642,642,True,True,True,True,0.9990051963775564,0.9957418738215164,0.0006564892691660348,True,150528,0,0
google-mobilenet-v2-1.0-224-quant,643/7ced1be7be3e6e1c6257ef6d6d274edbe239330c.jpeg,643,643,461,461,False,False,False,False,0.347813907166218,0.4806763744009083,0.032233871632969355,True,150528,0,0
google-mobilenet-v2-1.0-224-quant,644/c44863d154db67294671bc71a0526d70c72f968d.jpeg,644,644,443,443,False,False,True,True,0.9839398361160911,0.9821841435166206,0.0004891461414059272,True,150528,0,0
google-mobilenet-v2-1.0-224-quant,645/c6f0b876f51610f2883dfbec8f6efedd2393fc64.jpeg,645,645,645,645,True,True,True,True,0.9905292251576328,0.9955100046933928,0.0006093422491870474,True,150528,0,0
google-mobilenet-v2-1.0-224-quant,646/be5bc46fed5e613632c63a15ca3ebd8e77e6b48c.jpeg,646,646,646,646,True,True,True,True,0.985549849644231,0.9927531412097007,0.0008393057872165001,True,150528,0,0
google-mobilenet-v2-1.0-224-quant,647/2a1d21c8af092e75e3b124b1d1e653bc9aff0a51.jpeg,647,647,924,949,False,False,False,False,0.1799078216766352,0.12192623088879723,0.037678921951813396,True,150528,0,0
google-mobilenet-v2-1.0-224-quant,648/65b4c2993f4bf7b5df55a8b94dc130aca4e0544c.jpeg,648,648,794,669,False,False,False,False,0.5883487911019835,0.42923212753886175,0.11149915019318754,True,150528,0,0
google-mobilenet-v2-1.0-224-quant,649/f85238faaedabd8aab2e3d2c9a927f4af6aff56d.jpeg,649,649,649,649,True,True,True,True,0.9991366732401576,0.9975635319769756,0.0003100117553077105,True,150528,0,0
google-mobilenet-v2-1.0-224-quant,65/df6875e0a6464e810b7a5a10b764f29ef71aa1d2.jpeg,65,65,65,65,True,True,True,True,0.9950833062829675,0.9846306349047379,0.0018746381766280977,True,150528,0,0
google-mobilenet-v2-1.0-224-quant,650/c4131a7ec5fc2d29ef37f4f821422237544ec8d9.jpeg,650,650,890,752,False,False,False,False,0.1513153969500839,0.25843590545456036,0.03867386081401114,True,150528,0,0
google-mobilenet-v2-1.0-224-quant,651/0613c75a36356e141ebff4464a6c86b5ba0589dd.jpeg,651,651,493,493,False,False,False,False,0.4625683300764001,0.5085742969497784,0.004910914418230449,True,150528,0,0
google-mobilenet-v2-1.0-224-quant,652/743f6a7ff78f13deca3f163395e21a5119819d90.jpeg,652,652,652,887,True,False,True,True,0.5716388498624453,0.3839248620900355,0.10699796703708864,True,150528,0,0
google-mobilenet-v2-1.0-224-quant,653/5ecabcfde52b331489df88c0d131fd9483b1671e.jpeg,653,653,653,653,True,True,True,True,0.9148064513312985,0.9361043317562122,0.006253380540350879,True,150528,0,0
google-mobilenet-v2-1.0-224-quant,654/117d49d278892f6f23c2bc21ec92edbf38b23335.jpeg,654,654,654,654,True,True,True,True,0.9768262127338984,0.945901325531959,0.0038180741436797364,True,150528,0,0
google-mobilenet-v2-1.0-224-quant,655/24d1d276515cfce06aa6471865382e19d138c495.jpeg,655,655,561,655,False,True,True,True,0.1969867073579306,0.2983856100809738,0.058229099125673534,True,150528,0,0
google-mobilenet-v2-1.0-224-quant,656/a7099e8d158375a05c0c805600a7e2808aa31638.jpeg,656,656,656,656,True,True,True,True,0.827277692656282,0.8232557139773019,0.0066841080948077235,True,150528,0,0
google-mobilenet-v2-1.0-224-quant,657/13d78f306af11f2210348da32d2d48a9ddc82abe.jpeg,657,657,733,731,False,False,False,False,0.14012383623912442,0.14996157578671127,0.05143591586155635,True,150528,0,0
google-mobilenet-v2-1.0-224-quant,658/fb5bc7531825f135cb4f8f97ee1c860a8aa60191.jpeg,658,658,658,496,True,False,True,True,0.25270851264647126,0.3578256936772736,0.04082704247300628,True,150528,0,0
google-mobilenet-v2-1.0-224-quant,659/10446881e68baa13b6ba54ff587b4c915a6cd3be.jpeg,659,659,659,659,True,True,True,True,0.5991099237680966,0.502701544323052,0.014023998153515752,True,150528,0,0
google-mobilenet-v2-1.0-224-quant,66/ccfaf3d616cc2d0c03213c84f266afb7c710e596.jpeg,66,66,66,66,True,True,True,True,0.5357197432475189,0.4929667057189654,0.019862373404525957,True,150528,0,0
google-mobilenet-v2-1.0-224-quant,660/67a1d4d234fbe602894afef673a7e0a7f11c9ccb.jpeg,660,660,660,660,True,True,True,True,0.9959039828477919,0.9953481490881406,0.0002715976013242794,True,150528,0,0
google-mobilenet-v2-1.0-224-quant,661/83d5f206a845e9900518145be0764b115649bb6b.jpeg,661,661,661,661,True,True,True,True,0.9948323213717882,0.9733950819151332,0.004363690314602382,True,150528,0,0
google-mobilenet-v2-1.0-224-quant,662/d4f3d623357deb51c2ca113c448e5bb28ae05364.jpeg,662,662,692,868,False,False,False,True,0.11143015360620914,0.08882134813089512,0.09827146983365587,True,150528,0,0
google-mobilenet-v2-1.0-224-quant,663/0d5b7ba43e40daad83d8dea9fdb73f88b6505993.jpeg,663,663,497,497,False,False,True,True,0.7847976458426422,0.6259964706707791,0.018052993451668137,True,150528,0,0
google-mobilenet-v2-1.0-224-quant,664/78d62bafefec8a9ec7b04f2643cb27a2b79f5eff.jpeg,664,664,851,480,False,False,True,False,0.3837449134842616,0.258792781044317,0.11814978190922913,True,150528,0,0
google-mobilenet-v2-1.0-224-quant,665/f9bf33cc66d5e1c91d7e8b233472f65008fc2d99.jpeg,665,665,665,665,True,True,True,True,0.5298139446420677,0.24702319822800906,0.08717135944962567,True,150528,0,0
google-mobilenet-v2-1.0-224-quant,666/5c1e0e3ba72a49bb01eb81816b6d297e44a8ead2.jpeg,666,666,666,666,True,True,True,True,0.972913399361449,0.9106615553725945,0.012182379682516214,True,150528,0,0
google-mobilenet-v2-1.0-224-quant,667/0ba5bc0f3d3917d80190339eeffbed1bf1425c8b.jpeg,667,667,752,752,False,False,True,False,0.20908244992663963,0.2159129938303709,0.03652348948046236,True,150528,0,0
google-mobilenet-v2-1.0-224-quant,668/835e9d13bc327c75bda95a3aaffdc775ffdbf487.jpeg,668,668,668,668,True,True,True,True,0.998101447868709,0.9976055092008163,5.440389717893362e-05,True,150528,0,0
google-mobilenet-v2-1.0-224-quant,669/c9495fda008b852f334e5c4c856d6f2994db0187.jpeg,669,669,669,669,True,True,True,True,0.8480404163198478,0.8975168987376453,0.01076552461524595,True,150528,0,0
google-mobilenet-v2-1.0-224-quant,67/a9f64a26c88ae71bd6da2d99fdfc751741e5297b.jpeg,67,67,67,67,True,True,True,True,0.45843572030085994,0.8659076829750073,0.10306113151683252,True,150528,0,0
google-mobilenet-v2-1.0-224-quant,670/a59f93986485d23ca1e6cb6b0a39da61b888d140.jpeg,670,670,870,621,False,False,False,False,0.326630387139974,0.33034524549349836,0.06721685595702909,True,150528,0,0
google-mobilenet-v2-1.0-224-quant,671/d06bddb9e37eb26cd4575fc85493ff0ba1e85e8a.jpeg,671,671,671,671,True,True,True,True,0.8045505956604796,0.9692376340204909,0.04175396159544687,True,150528,0,0
google-mobilenet-v2-1.0-224-quant,672/010516e349d0864d0a7694658a20f1cd726b0acd.jpeg,672,672,979,672,False,True,True,True,0.2530427376482703,0.23692085014719058,0.03350759032129989,True,150528,0,0
google-mobilenet-v2-1.0-224-quant,673/e5cee900293e9c00db1197219db9475612a6479a.jpeg,673,673,526,526,False,False,True,True,0.34055203379293264,0.36750409907274445,0.005549114059508652,True,150528,0,0
google-mobilenet-v2-1.0-224-quant,674/e1653fb64e536fcb83e30432fef714475312ace4.jpeg,674,674,626,674,False,True,True,True,0.159002487082439,0.5669632974193474,0.14464468891412255,True,150528,0,0
google-mobilenet-v2-1.0-224-quant,675/0d6e3c08680b22cfb4dabf84cf51914e2edb5e22.jpeg,675,675,867,867,False,False,True,True,0.6665564488638579,0.5338373576607536,0.033070435903792106,True,150528,0,0
google-mobilenet-v2-1.0-224-quant,676/c33bbdd29e6beaa357ec29f3ea02d7bb38c67754.jpeg,676,676,676,676,True,True,True,True,0.9985925849902748,0.9972792962614315,0.00021178377309711579,True,150528,0,0
google-mobilenet-v2-1.0-224-quant,677/bc14a426a466cc77349e053278460e1ae3b9dff7.jpeg,677,677,613,691,False,False,False,False,0.04614585525094342,0.041740626166283906,0.04800071243414749,True,150528,0,0
google-mobilenet-v2-1.0-224-quant,678/7c99384c006a6624dc800d82f45c86a342c239b4.jpeg,678,678,678,678,True,True,True,True,0.5142685767871,0.3224021061798995,0.030155617776587113,True,150528,0,0
google-mobilenet-v2-1.0-224-quant,679/da317cb4b5eb047a670f0d60fb6cf32ee3906bf6.jpeg,679,679,501,869,False,False,False,False,0.3008608564510358,0.29296125075174084,0.02546646651033603,True,150528,0,0
google-mobilenet-v2-1.0-224-quant,68/7d17b1af0223dd03d73bbc7ca8da9486b61454b4.jpeg,68,68,988,988,False,False,False,False,0.5223160920125209,0.5544283801861895,0.02874373665259153,True,150528,0,0
google-mobilenet-v2-1.0-224-quant,680/f2f5ac2f8ac734400f2d2d796f87f1b890b3b6d5.jpeg,680,680,648,720,False,False,False,False,0.14996734790964547,0.1816460302952247,0.12349740320897878,True,150528,0,0
google-mobilenet-v2-1.0-224-quant,681/809b8d6bfed9a3abe360eaf12de48349bdb2877e.jpeg,681,681,681,681,True,True,True,True,0.6067959623503623,0.5685362266794861,0.011154115632324652,True,150528,0,0
google-mobilenet-v2-1.0-224-quant,682/4cd4f0b15585337dba07ac12cff1c1913ea87f8a.jpeg,682,682,884,884,False,False,False,False,0.263265995794898,0.3621492745945889,0.03998264016635389,True,150528,0,0
google-mobilenet-v2-1.0-224-quant,683/a7726232d87f711d7a6f050da70596ce7e2abbdf.jpeg,683,683,432,432,False,False,True,True,0.6272261869217153,0.7414772188108448,0.008908690178848981,True,150528,0,0
google-mobilenet-v2-1.0-224-quant,684/290955d3bb555281cd5efef2fe059ce102065a9c.jpeg,684,684,684,684,True,True,True,True,0.9990907309487406,0.9950849651553231,0.0008136408872399145,True,150528,0,0
google-mobilenet-v2-1.0-224-quant,685/8ac6a8177f4dc3c3578d153b144858964af2e714.jpeg,685,685,685,685,True,True,True,True,0.9990511966960035,0.99801026399572,0.00013068820615124788,True,150528,0,0
google-mobilenet-v2-1.0-224-quant,686/744bae91b29b444237bd58b4c138aa74e6505949.jpeg,686,686,686,686,True,True,True,True,0.707468096811849,0.5604728715834796,0.03363965192784574,True,150528,0,0
google-mobilenet-v2-1.0-224-quant,687/974e3081f53f869edf2b934c0ef177bc591efa3a.jpeg,687,687,698,698,False,False,False,False,0.4341670417875265,0.5423859318333489,0.012092126268435012,True,150528,0,0
google-mobilenet-v2-1.0-224-quant,688/5a4bb4a4dc2b5f26148ff26de86e9d479977aeda.jpeg,688,688,688,688,True,True,True,True,0.990346403395632,0.9926003781011415,0.00015033499273455782,True,150528,0,0
google-mobilenet-v2-1.0-224-quant,689/768d7dca67858b4e549298319bdb3dfb45cd6ed1.jpeg,689,689,689,689,True,True,True,True,0.6288567437491569,0.5478664598759366,0.009321171530504309,True,150528,0,0
google-mobilenet-v2-1.0-224-quant,69/5a4701af19ec2b89b69b78d2a906d3f35ea9a6a4.jpeg,69,69,79,79,False,False,False,False,0.47571614833454745,0.1814602155973521,0.1257550920652882,True,150528,0,0
google-mobilenet-v2-1.0-224-quant,690/1ce22ce425c47a300c7245756d40aa859e2da5b6.jpeg,690,690,730,730,False,False,False,False,0.629744050882027,0.6062918883391702,0.01488231162788244,True,150528,0,0
google-mobilenet-v2-1.0-224-quant,691/a505fcc4e088e870cb4e91956a1d7579fde98528.jpeg,691,691,823,617,False,False,True,True,0.4975174697748765,0.4169360009326211,0.018788315289862956,True,150528,0,0
google-mobilenet-v2-1.0-224-quant,692/7aaa1721e31547410063e214f147de46ffc5216c.jpeg,692,692,478,478,False,False,False,False,0.29640256192842346,0.4200953764880409,0.0479389184393047,True,150528,0,0
google-mobilenet-v2-1.0-224-quant,693/3a0e534bf628f4d98baad18bc6ee983c2a90936b.jpeg,693,693,693,693,True,True,True,True,0.5741820020662989,0.758976494572359,0.02336960515750266,True,150528,0,0
google-mobilenet-v2-1.0-224-quant,694/303d75046b866cfccd35b192c8fe1803d7020790.jpeg,694,694,694,694,True,True,True,True,0.9577231173360192,0.937247287303156,0.002651748626549743,True,150528,0,0
google-mobilenet-v2-1.0-224-quant,695/0532a7c3dc1a9148b1d5229b8a7e2949f0531246.jpeg,695,695,772,611,False,False,False,False,0.723375087616898,0.5203544653731405,0.269466597371118,True,150528,0,0
google-mobilenet-v2-1.0-224-quant,696/7a12c66ac3928929e0373f7121734e179e1e839c.jpeg,696,696,985,985,False,False,False,False,0.9936861602332433,0.9915239768049126,0.0004894444253159948,True,150528,0,0
google-mobilenet-v2-1.0-224-quant,697/9d23aff3a7e3ac85d32e3edb88c415e70e46ec52.jpeg,697,697,697,697,True,True,True,True,0.8942468748310823,0.9457233413045936,0.006605654257486783,True,150528,0,0
google-mobilenet-v2-1.0-224-quant,698/af79db5f867bdb972f918c1416a8e526873746bc.jpeg,698,698,483,483,False,False,True,True,0.984685096236209,0.9631382363929986,0.0028778217361317042,True,150528,0,0
google-mobilenet-v2-1.0-224-quant,699/19dbe4be7c1617b468221f2a62d2226f34392129.jpeg,699,699,699,699,True,True,True,True,0.9997507630838063,0.9995663301711729,2.2882384797653216e-05,True,150528,0,0
google-mobilenet-v2-1.0-224-quant,7/5cddf9847b9f2dcf12264e57b3857940559f4dd9.jpeg,7,7,427,427,False,False,False,False,0.2147725014311798,0.4330791870441152,0.05846337911086205,True,150528,0,0
google-mobilenet-v2-1.0-224-quant,70/6ce96c39c6038d00117b0e27739a410feb140258.jpeg,70,70,70,70,True,True,True,True,0.9993719938935521,0.9975753024182845,0.00032685427167780776,True,150528,0,0
google-mobilenet-v2-1.0-224-quant,700/9169980633b1f3eaabd49d8bc57b76254e188b7d.jpeg,700,700,585,631,False,False,True,False,0.17867436677375925,0.15484617665179728,0.09607911954739581,True,150528,0,0
google-mobilenet-v2-1.0-224-quant,701/29d195d15a9b7648a066f3c7d5111dac32e05e41.jpeg,701,701,701,701,True,True,True,True,0.8982980466756575,0.9622385202883827,0.012120495325880075,True,150528,0,0
google-mobilenet-v2-1.0-224-quant,702/ad27a0cfdbe800f562051d8973f455af0cbc9a02.jpeg,702,702,851,702,False,True,True,True,0.11884911275079911,0.17479117025076457,0.07045507177649538,True,150528,0,0
google-mobilenet-v2-1.0-224-quant,703/90b2f674a59f0df6f095e90f562238a2d8d507b9.jpeg,703,703,444,444,False,False,False,False,0.25520612804800114,0.21676624343339546,0.06193688703447168,True,150528,0,0
google-mobilenet-v2-1.0-224-quant,704/8899b4d824d1a2de543a72d5b24be8b635cc092e.jpeg,704,704,762,762,False,False,False,False,0.269259376294203,0.3115925659577811,0.05217689603599653,True,150528,0,0
google-mobilenet-v2-1.0-224-quant,705/7d22e458172815b6c6cc51a01f02fbbe956a16e8.jpeg,705,705,466,466,False,False,True,True,0.5460434668833037,0.3172483378979521,0.05224100107889318,True,150528,0,0
google-mobilenet-v2-1.0-224-quant,706/d356c23fa6c8c80956401cd9d66a9c1fb345355d.jpeg,706,706,706,706,True,True,True,True,0.2845989776466679,0.36748940011237946,0.015627990620867102,True,150528,0,0
google-mobilenet-v2-1.0-224-quant,707/89e69a86b3d590ec44b82d8f30fb98dbb58c0096.jpeg,707,707,707,707,True,True,True,True,0.9851573997244691,0.98055008394262,0.0008402865536063198,True,150528,0,0
google-mobilenet-v2-1.0-224-quant,708/fae8e1c4a5844fe31ac0ea48a36c85c8e450e1d7.jpeg,708,708,562,668,False,False,True,True,0.1918173754413655,0.31435289606995,0.06442233880431678,True,150528,0,0
google-mobilenet-v2-1.0-224-quant,709/e15bc499ed6cab84222f47b774abe4e5508d9f87.jpeg,709,709,824,591,False,False,False,False,0.07312318637354977,0.13683761649108103,0.11915175301948838,True,150528,0,0
google-mobilenet-v2-1.0-224-quant,71/fa055957491b171fe9e840cfcf719f438b8c143a.jpeg,71,71,122,122,False,False,False,False,0.17410466907639657,0.9238365018257257,0.369559790389008,True,150528,0,0
google-mobilenet-v2-1.0-224-quant,710/a062a8929f91464254c1e15155be4ec5fc9b43a2.jpeg,710,710,710,482,True,False,True,True,0.31549650494930986,0.28091596100678584,0.1279661214103529,True,150528,0,0
google-mobilenet-v2-1.0-224-quant,711/a39673dc3270503cd2f9142dd21550595c92b928.jpeg,711,711,711,711,True,True,True,True,0.5271251476372844,0.5369859816828929,0.020841122095668636,True,150528,0,0
google-mobilenet-v2-1.0-224-quant,712/03f597d70b0950c4779f1733baf39147baa8700e.jpeg,712,712,823,861,False,False,False,False,0.2418587444640862,0.11488237087168718,0.10951396503175112,True,150528,0,0
google-mobilenet-v2-1.0-224-quant,713/b232e5fe21bdec77f1060aef3343b2bf5b7dbd4f.jpeg,713,713,480,480,False,False,True,True,0.8444865008029866,0.8291088237120715,0.004321441288073215,True,150528,0,0
google-mobilenet-v2-1.0-224-quant,714/98c915a2dbb5472d0e0d6d8e13c52a2bba811ebd.jpeg,714,714,714,714,True,True,True,True,0.999551865901034,0.9993281158349996,3.180349881988797e-05,True,150528,0,0
google-mobilenet-v2-1.0-224-quant,715/846f454669c763b211f025f9d9c275b2561536aa.jpeg,715,715,915,915,False,False,False,False,0.16719661856794105,0.33074600387976344,0.12745002760943944,True,150528,0,0
google-mobilenet-v2-1.0-224-quant,716/5a4369d9a46220bce17deb9dae60c688bfe26d69.jpeg,716,716,716,716,True,True,True,True,0.9722766273620269,0.9803459769623036,0.00301152063886954,True,150528,0,0
google-mobilenet-v2-1.0-224-quant,717/57c1930928dec6e1e6b5837a3db36e50da3725e7.jpeg,717,717,717,717,True,True,True,True,0.848682776860553,0.8130467795851549,0.0035119831305479923,True,150528,0,0
google-mobilenet-v2-1.0-224-quant,718/712bb329f7af9887d531103afd3286a0a0b96aef.jpeg,718,718,718,718,True,True,True,True,0.9682927680772175,0.9454980358459942,0.0017361232087445633,True,150528,0,0
google-mobilenet-v2-1.0-224-quant,719/d782f01fd198d237b070de02c31a4d2efd6ff115.jpeg,719,719,719,719,True,True,True,True,0.3822843537101448,0.261042821752814,0.022175390631789867,True,150528,0,0
google-mobilenet-v2-1.0-224-quant,72/3f69e6090d3dd14cda3aef7e4332dde05d9fd95b.jpeg,72,72,72,72,True,True,True,True,0.9129951486596964,0.894978060137289,0.001217369849430009,True,150528,0,0
google-mobilenet-v2-1.0-224-quant,720/f06e320cec7391d16abfab826a5e327175a93395.jpeg,720,720,720,720,True,True,True,True,0.9274797073964286,0.8678875002676855,0.009291494276813517,True,150528,0,0
google-mobilenet-v2-1.0-224-quant,721/bab6bf9846c65938243320206b3f21152cf66a16.jpeg,721,721,831,831,False,False,False,False,0.2973122226578613,0.16507844646437997,0.05701191304841309,True,150528,0,0
google-mobilenet-v2-1.0-224-quant,722/5e23dbd2e79aed61972dc3fa55331e2a59aa8324.jpeg,722,722,722,722,True,True,True,True,0.705281122827792,0.7790010456734313,0.010770923138873886,True,150528,0,0
google-mobilenet-v2-1.0-224-quant,723/96980fe1a686f67c4c4554062f4eba3fd1a1a689.jpeg,723,723,723,723,True,True,True,True,0.9995055996395216,0.9995664593354111,3.2553905348429795e-05,True,150528,0,0
google-mobilenet-v2-1.0-224-quant,724/441ea9326107cca1108e9bf78ee492f35096566f.jpeg,724,724,724,724,True,True,True,True,0.5957186442205712,0.24172033359299597,0.09578531569639248,True,150528,0,0
google-mobilenet-v2-1.0-224-quant,725/4fb1d5b96167eb761b1ff4f0d7ec37c4d541f15b.jpeg,725,725,883,883,False,False,False,False,0.5652763184107555,0.7417975950292379,0.022777762127693037,True,150528,0,0
google-mobilenet-v2-1.0-224-quant,726/c2cbe3b22e1f7181d1030e8a2c332f9c5709849b.jpeg,726,726,726,726,True,True,True,True,0.9999605546783871,0.999909847047443,7.572152033600723e-06,True,150528,0,0
google-mobilenet-v2-1.0-224-quant,727/65e87715edf3e14ae0bb44822e4cd6827121913e.jpeg,727,727,727,727,True,True,True,True,0.6322353861866566,0.8158091982076087,0.022793351583914347,True,150528,0,0
google-mobilenet-v2-1.0-224-quant,728/45d3ec8b500af6f1d1875a35c6a8acfc17258189.jpeg,728,728,410,410,False,False,False,False,0.9745202806008312,0.9793099620010737,0.0017742402405205642,True,150528,0,0
google-mobilenet-v2-1.0-224-quant,729/d912facf8350b16c6ad5264c25bb6dd26fa45c44.jpeg,729,729,968,729,False,True,True,True,0.06139564342123279,0.10050919959297491,0.052738596277234734,True,150528,0,0
google-mobilenet-v2-1.0-224-quant,73/8fddd9763bc2ce834748da203c6b0828b4e4c2e7.jpeg,73,73,73,73,True,True,True,True,0.8825964552441689,0.8591214065353967,0.0040066750003851705,True,150528,0,0
google-mobilenet-v2-1.0-224-quant,730/9a5f583261e45ccb1cbb02c3f389059929d6be52.jpeg,730,730,730,730,True,True,True,True,0.8579476514882189,0.8061333328806131,0.023460498142596653,True,150528,0,0
google-mobilenet-v2-1.0-224-quant,731/90d9b4f1c5dae4cb2ed4b124ff58e32c425b501f.jpeg,731,731,618,618,False,False,False,False,0.3788001089102854,0.2993443135485051,0.041110922881417204,True,150528,0,0
google-mobilenet-v2-1.0-224-quant,732/0a3f4c624ada6f790f85b6a705f9f49fcc688445.jpeg,732,732,759,759,False,False,True,True,0.8010940315416751,0.9219779858778132,0.017409965051273398,True,150528,0,0
google-mobilenet-v2-1.0-224-quant,733/7c375ec4271d68004a142cb63f56d15bf666c71a.jpeg,733,733,183,733,False,True,False,True,0.20928273664589822,0.16730735833096902,0.1635499934132031,True,150528,0,0
google-mobilenet-v2-1.0-224-quant,734/33d2d50510aaae27b320ea30447eb462d11546fa.jpeg,734,734,817,817,False,False,False,False,0.6597967369696324,0.5015569061905079,0.015466249649995094,True,150528,0,0
google-mobilenet-v2-1.0-224-quant,735/770927ed1f414b2eeeaf25b7d7a21f66b2ec1778.jpeg,735,735,735,667,True,False,True,True,0.3545067262429905,0.40859500958013373,0.03108920391038549,True,150528,0,0
google-mobilenet-v2-1.0-224-quant,736/899d54e7d3f7c249b506e76873eb2aaab60df3c7.jpeg,736,736,736,736,True,True,True,True,0.947851053310006,0.8707657489813029,0.01001798130762739,True,150528,0,0
google-mobilenet-v2-1.0-224-quant,737/71185094524ef23c520aeae420d72b1ea9ab5966.jpeg,737,737,907,737,False,True,True,True,0.3115348534547432,0.4189952514709289,0.09118776222417509,True,150528,0,0
google-mobilenet-v2-1.0-224-quant,738/e77bf43f855c69808aaa14e92ea97cc3ef9522c9.jpeg,738,738,756,756,False,False,True,True,0.40293136830743814,0.3521459514033515,0.015879507676758685,True,150528,0,0
google-mobilenet-v2-1.0-224-quant,739/269da30a09d6ad123aa026d1400e0fedebcc8c26.jpeg,739,739,739,739,True,True,True,True,0.9710198227600318,0.9852352522938204,0.0014347823332475544,True,150528,0,0
google-mobilenet-v2-1.0-224-quant,74/1d325c2b49420e6b2fe61de3ed139b4ad20f7d37.jpeg,74,74,72,72,False,False,True,True,0.5875081185257082,0.4812808364585046,0.010617180405578536,True,150528,0,0
google-mobilenet-v2-1.0-224-quant,740/0e01f7105c6818f859f598734a5246de153b986c.jpeg,740,740,740,740,True,True,True,True,0.4071159852928018,0.41278665116909447,0.034280558639301836,True,150528,0,0
google-mobilenet-v2-1.0-224-quant,741/d0ee74a2d04dc7f00d5ecb5b38fba98d889ead73.jpeg,741,741,741,741,True,True,True,True,0.9815732343453836,0.9191995123168843,0.011998413937875967,True,150528,0,0
google-mobilenet-v2-1.0-224-quant,742/37829291c26e258f6d2ac74a6f0af9f7a6a45a2b.jpeg,742,742,526,526,False,False,False,False,0.17044590189420394,0.20660166923530163,0.026935607936115467,True,150528,0,0
google-mobilenet-v2-1.0-224-quant,743/18478f888b94fc98f6479d29a2a077a1e99ec2fb.jpeg,743,743,743,743,True,True,True,True,0.9924599288053657,0.9941634110987939,0.00015341392386573373,True,150528,0,0
google-mobilenet-v2-1.0-224-quant,744/2a30a513cbedc9b9830a0f0b7d482e8c62e2baaf.jpeg,744,744,744,744,True,True,True,True,0.7412042540586504,0.6431865741348619,0.010025446645088809,True,150528,0,0
google-mobilenet-v2-1.0-224-quant,745/8799385e883a820159460b9123f8e9a0d720b265.jpeg,745,745,745,745,True,True,True,True,0.3155906359576774,0.31120599267553845,0.06472187584731955,True,150528,0,0
google-mobilenet-v2-1.0-224-quant,746/ace81de18167db10be511af86cd5bcfd8f995578.jpeg,746,746,746,746,True,True,True,True,0.9980803807329511,0.9947679788379044,0.000540645860130242,True,150528,0,0
google-mobilenet-v2-1.0-224-quant,747/4ca9fa61ba9055a6a9c3c7252633eba797f04358.jpeg,747,747,641,433,False,False,True,True,0.4059624483569607,0.37895010152443165,0.08184793036226659,True,150528,0,0
google-mobilenet-v2-1.0-224-quant,748/2856c65394e736c71fc1e2eef6b98c511369af20.jpeg,748,748,476,476,False,False,False,False,0.41068484946768574,0.44781147190769066,0.03934526611497802,True,150528,0,0
google-mobilenet-v2-1.0-224-quant,749/620c067de272629dc67f337bd57cd32dae74a2f4.jpeg,749,749,532,532,False,False,True,True,0.6931583577178334,0.6099646343703452,0.027676753463511887,True,150528,0,0
google-mobilenet-v2-1.0-224-quant,75/e5f30c81a80093e83ecc78253c39c1e2a2287c74.jpeg,75,75,75,75,True,True,True,True,0.9991296090890799,0.9929612601861144,0.0017034950836076013,True,150528,0,0
google-mobilenet-v2-1.0-224-quant,750/c0253e58ccf561518138cd9988af0ff9a4a31a9f.jpeg,750,750,750,750,True,True,True,True,0.9430448222790833,0.9644643225367536,0.006761880767837623,True,150528,0,0
google-mobilenet-v2-1.0-224-quant,751/dc206cc036f1540df4a509d6cc894f2a83da086b.jpeg,751,751,609,569,False,False,False,False,0.1263252962065252,0.259279233068835,0.05922660843855587,True,150528,0,0
google-mobilenet-v2-1.0-224-quant,752/e90d13a760cf072e0f208cd11af3803486371bdb.jpeg,752,752,752,752,True,True,True,True,0.9841984353614708,0.9755784447821283,0.0010195865072324334,True,150528,0,0
google-mobilenet-v2-1.0-224-quant,753/21913ee738dc3a48c513eb24953af29de4c09417.jpeg,753,753,753,753,True,True,True,True,0.9808695131995955,0.9793657472348514,0.002256182137273497,True,150528,0,0
google-mobilenet-v2-1.0-224-quant,754/01e2e5a3f7e4c7403c0971b1f4932aaed1d9c2f7.jpeg,754,754,482,482,False,False,True,True,0.43642801700250106,0.2831050534688147,0.02589454580315589,True,150528,0,0
google-mobilenet-v2-1.0-224-quant,755/b08d684d7e490e4857bcdbe1d09a6c41cc9e304b.jpeg,755,755,538,538,False,False,True,True,0.913662522446856,0.7719992858297837,0.03665639222348462,True,150528,0,0
google-mobilenet-v2-1.0-224-quant,756/4bcdb0c825c4a089b3465abe2ad030a823362aa3.jpeg,756,756,756,756,True,True,True,True,0.8517616204434475,0.7931410658386879,0.0031559360327625945,True,150528,0,0
google-mobilenet-v2-1.0-224-quant,757/a71fddd123bed45d8356dffbc46257d0d7edcfb6.jpeg,757,757,757,908,True,False,True,True,0.14260767855423423,0.12980380498787572,0.08861920153556051,True,150528,0,0
google-mobilenet-v2-1.0-224-quant,758/dcb2d56cb49f4220ae91a471b12f0dd20a2c6ac5.jpeg,758,758,758,758,True,True,True,True,0.9997956863444386,0.9998628758125772,7.041587379360656e-06,True,150528,0,0
google-mobilenet-v2-1.0-224-quant,759/45e127f88a685461d0df89cb87b67369cf639abe.jpeg,759,759,759,759,True,True,True,True,0.9617621668174815,0.7851121316635525,0.04472828692089348,True,150528,0,0
google-mobilenet-v2-1.0-224-quant,76/ac7a78883d8ae958177429612eaf8680e5c028c0.jpeg,76,76,76,76,True,True,True,True,0.9993946941649056,0.9993723642802579,1.1736814636347577e-05,True,150528,0,0
google-mobilenet-v2-1.0-224-quant,760/ce572b4d78081f7b42cbcfb0813226c02794b81f.jpeg,760,760,480,760,False,True,True,True,0.267032962691052,0.17853033887327588,0.05438282501434902,True,150528,0,0
google-mobilenet-v2-1.0-224-quant,761/b8f471a99888a1417dfd7ee1d9b2ff77255427fe.jpeg,761,761,487,487,False,False,True,True,0.8983896005957739,0.8699534805326813,0.005675021665806261,True,150528,0,0
google-mobilenet-v2-1.0-224-quant,762/240c5d35b379f43369bae792330857ebd2bdd9ab.jpeg,762,762,923,923,False,False,False,False,0.7388222619492189,0.7955513728740329,0.01344818460754213,True,150528,0,0
google-mobilenet-v2-1.0-224-quant,763/31360a9fcb6e208c99963dfe71f57bcdde445814.jpeg,763,763,763,764,True,False,True,True,0.5349624164783027,0.4760092728969982,0.06112343829280427,True,150528,0,0
google-mobilenet-v2-1.0-224-quant,764/02c665049619f96a382ddd3c9032df68d0773f19.jpeg,764,764,613,882,False,False,False,False,0.17869177294737904,0.21208976418063868,0.03813221102031125,True,150528,0,0
google-mobilenet-v2-1.0-224-quant,765/e31c7245ae19060de06451d66852827352b6c1b5.jpeg,765,765,790,677,False,False,False,False,0.14467834208410496,0.06052221764520007,0.12358984825119038,True,150528,0,0
google-mobilenet-v2-1.0-224-quant,766/83add81f944c68c79a58b6bcdf65f83b6868b05c.jpeg,766,766,766,766,True,True,True,True,0.9986349876776822,0.9990969251376661,3.336717533672863e-05,True,150528,0,0
google-mobilenet-v2-1.0-224-quant,767/6307caafc92f598d2074cc82e10ba5b519092b22.jpeg,767,767,767,767,True,True,True,True,0.6806713569248768,0.6048232970550369,0.04072939306576501,True,150528,0,0
google-mobilenet-v2-1.0-224-quant,768/7e7e04b81483ecab6508fc165213d7bedd9d64d1.jpeg,768,768,768,768,True,True,True,True,0.81936438439506,0.8567940529504869,0.0022302225245451187,True,150528,0,0
google-mobilenet-v2-1.0-224-quant,769/d5d18cfab3ef739f0769aac15d94d3cd41f70be2.jpeg,769,769,792,723,False,False,False,False,0.15930019596681474,0.09065415041892125,0.049648215581109045,True,150528,0,0
google-mobilenet-v2-1.0-224-quant,77/b35c853152ab7c76a6846ddd67a4430311ce207e.jpeg,77,77,77,77,True,True,True,True,0.41545283877053424,0.7168725785874764,0.062402824113562225,True,150528,0,0
google-mobilenet-v2-1.0-224-quant,770/f27994af3e40133edc9480401ae805694ac456be.jpeg,770,770,770,770,True,True,True,True,0.9877108063895669,0.8052138248555066,0.056518673366678915,True,150528,0,0
google-mobilenet-v2-1.0-224-quant,771/ef56f55748aec9a39b3c171cb2679d9c65ebaf5b.jpeg,771,771,771,771,True,True,True,True,0.9813389086286003,0.9846831489459906,0.001337384229598587,True,150528,0,0
google-mobilenet-v2-1.0-224-quant,772/e77b620ddccef66c80e45454870c39120a43ce28.jpeg,772,772,420,420,False,False,False,False,0.32519347229844536,0.5455711746542077,0.10393409187404523,True,150528,0,0
google-mobilenet-v2-1.0-224-quant,773/17fb6aec2f665ddaab6666cfa3d6323b2fd3a601.jpeg,773,773,773,773,True,True,True,True,0.9536718882783809,0.9068451592776079,0.007275668968694978,True,150528,0,0
google-mobilenet-v2-1.0-224-quant,774/98acfa48a613385c604d09361c367a80d393ed18.jpeg,774,774,539,539,False,False,False,False,0.6439345479638497,0.5775594109905542,0.05156247837438242,True,150528,0,0
google-mobilenet-v2-1.0-224-quant,775/86d0e8d9322791f34fa5f325f71d70092e511f4f.jpeg,775,775,775,775,True,True,True,True,0.5817495920240441,0.4983826236658399,0.0314093703504182,True,150528,0,0
google-mobilenet-v2-1.0-224-quant,776/0114dde59b832ec8f4783813d1f84856b9cc473b.jpeg,776,776,420,420,False,False,False,False,0.5674809712212259,0.9595703661417109,0.12784313698810879,True,150528,0,0
google-mobilenet-v2-1.0-224-quant,777/bbaf96739c3c92b5efb62c3edb5ade4fbe422cd5.jpeg,777,777,777,777,True,True,True,True,0.3567497912952715,0.34333488372300863,0.037529976508991605,True,150528,0,0
google-mobilenet-v2-1.0-224-quant,778/c028b4b6ce6f78852a7ec07f966ffc2b9bf91185.jpeg,778,778,494,778,False,True,True,True,0.3020606916819861,0.32921196281237053,0.11052950535616314,True,150528,0,0
google-mobilenet-v2-1.0-224-quant,779/a6e5f3c5b2dfa4782509d0108ac38007949c344a.jpeg,779,779,779,779,True,True,True,True,0.9998282624085087,0.9997771795828033,7.701136076971946e-06,True,150528,0,0
google-mobilenet-v2-1.0-224-quant,78/e844141b9a0c712c139124be68c70315622563ea.jpeg,78,78,309,309,False,False,False,False,0.7275859830320521,0.5850318795839902,0.03926694947076577,True,150528,0,0
google-mobilenet-v2-1.0-224-quant,780/f4081743eff6bff4ae84e0e39e38f4ac0d36ea85.jpeg,780,780,724,830,False,False,False,False,0.09097632961970276,0.11888775543280819,0.06577762568888071,True,150528,0,0
google-mobilenet-v2-1.0-224-quant,781/4dd8a4423bfb4eda5be11f11f4d631201bf60041.jpeg,781,781,916,916,False,False,True,True,0.36576261671074656,0.5339914572736445,0.04654826991939182,True,150528,0,0
google-mobilenet-v2-1.0-224-quant,782/ed08dc96015c0d98f249f55cd6a4789fcdf1c36c.jpeg,782,782,851,782,False,True,True,True,0.5733778070092351,0.5986629275350148,0.0485066630778067,True,150528,0,0
google-mobilenet-v2-1.0-224-quant,783/e2035f7f6fccf6900a188b25f81dffb555736ab5.jpeg,783,783,783,783,True,True,True,True,0.9751188655020923,0.9367196245255128,0.00462484295037299,True,150528,0,0
google-mobilenet-v2-1.0-224-quant,784/80270424c154ebb1d17cb6149b760a86a9cac1b9.jpeg,784,784,504,504,False,False,False,False,0.8007401472697674,0.7530538689175456,0.014774590164990567,True,150528,0,0
google-mobilenet-v2-1.0-224-quant,785/4c114272cbbf742732852bfc8c2cd14c438dc7c9.jpeg,785,785,518,518,False,False,True,False,0.3384328702302101,0.26329939621393494,0.03720602816157084,True,150528,0,0
google-mobilenet-v2-1.0-224-quant,786/994bfe07cd6392bbfdaf07b18e1c32f7dd8f333f.jpeg,786,786,786,786,True,True,True,True,0.980770484837242,0.8984845747144979,0.01736040043185722,True,150528,0,0
google-mobilenet-v2-1.0-224-quant,787/6563719505463e5334174aa9c4fab41ec85542de.jpeg,787,787,787,787,True,True,True,True,0.949533654577223,0.6485067940976657,0.09405347017959582,True,150528,0,0
google-mobilenet-v2-1.0-224-quant,788/8af838bc32dfc46433d191cb70953f30bae36e21.jpeg,788,788,562,415,False,False,False,False,0.26536761042766144,0.17654797947151515,0.13442113766927144,True,150528,0,0
google-mobilenet-v2-1.0-224-quant,789/3f401164e4262efb81397a90d463bc5e9a9e0924.jpeg,789,789,789,789,True,True,True,True,0.9957935728429448,0.9918261433856209,0.0005010167516446932,True,150528,0,0
google-mobilenet-v2-1.0-224-quant,79/8d7dbd21a1b4e7f776072615814696ef45fcacbc.jpeg,79,79,79,79,True,True,True,True,0.7749983882477496,0.8020524414436032,0.015801665600026778,True,150528,0,0
google-mobilenet-v2-1.0-224-quant,790/0203766fdbe5736114a4f952fac2febff1ca39f5.jpeg,790,790,748,748,False,False,True,True,0.8977139814852381,0.9253526617450657,0.004265846902201349,True,150528,0,0
google-mobilenet-v2-1.0-224-quant,791/d5596523aea284b98e77e09ddc935341cfb7aaeb.jpeg,791,791,703,703,False,False,False,False,0.993965770572366,0.9650083399117103,0.006119079425412057,True,150528,0,0
google-mobilenet-v2-1.0-224-quant,792/f939923e8f382fb2b29bbb9a76a09e54809cb6a5.jpeg,792,792,462,462,False,False,True,True,0.44559397288239383,0.48081512960383543,0.010650125421116303,True,150528,0,0
google-mobilenet-v2-1.0-224-quant,793/088c112c985d6b40e4046fa2ddf1b4e2fbd80886.jpeg,793,793,793,793,True,True,True,True,0.7893566298637287,0.757412496479352,0.009544677358967898,True,150528,0,0
google-mobilenet-v2-1.0-224-quant,794/01507e861926eda47821aaca9d2eb01472aa04dc.jpeg,794,794,794,794,True,True,True,True,0.9203010467140824,0.969716929074775,0.007546815413556569,True,150528,0,0
google-mobilenet-v2-1.0-224-quant,795/3bf71be010f2a3d8d8f934ad1d0a3ececeb70d78.jpeg,795,795,795,795,True,True,True,True,0.9790298160976795,0.9279433987690916,0.011053187872363552,True,150528,0,0
google-mobilenet-v2-1.0-224-quant,796/6939196123e8428ff26c82c84ca3a66b1bc94dcc.jpeg,796,796,568,652,False,False,False,True,0.2659541063682874,0.11353035485003576,0.08178535787451027,True,150528,0,0
google-mobilenet-v2-1.0-224-quant,797/5690b647cfc06beae8788255e063984a8f9073f6.jpeg,797,797,797,797,True,True,True,True,0.9813732441581876,0.9464620038042237,0.007282100439348568,True,150528,0,0
google-mobilenet-v2-1.0-224-quant,798/f74f10f1a8b4e3f1b611f8e56236050295eea31e.jpeg,798,798,798,798,True,True,True,True,0.9998438203451138,0.9996876845961626,1.3910042756963e-05,True,150528,0,0
google-mobilenet-v2-1.0-224-quant,799/309b67d5851e50dc2015171ebab3e8e6b7afcc20.jpeg,799,799,799,799,True,True,True,True,0.28268560117186575,0.262580972151081,0.037591150402977454,True,150528,0,0
google-mobilenet-v2-1.0-224-quant,8/4cb95ebd1843cd16ae6beb54d5af5bd41ae6ee7d.jpeg,8,8,8,8,True,True,True,True,0.9958919924584739,0.9835811158412409,0.002104407005036164,True,150528,0,0
google-mobilenet-v2-1.0-224-quant,80/1adc2b6966ed105d4475d9943588c76cfaa31ac2.jpeg,80,80,80,80,True,True,True,True,0.9998404763250703,0.9999148575186714,9.814558131599437e-06,True,150528,0,0
google-mobilenet-v2-1.0-224-quant,800/11181185e861b494f037bd9931d6db21ae37897f.jpeg,800,800,800,800,True,True,True,True,0.9851197668810694,0.9811565921852029,0.000827565666688223,True,150528,0,0
google-mobilenet-v2-1.0-224-quant,801/0003b329c6c44d401beaf36c0170cde7dfbb1fc1.jpeg,801,801,801,433,True,False,True,True,0.6166665586833391,0.44045267371070923,0.13934852699291364,True,150528,0,0
google-mobilenet-v2-1.0-224-quant,802/22b5e641f11cfd311ccd3703f3b4d0f755439741.jpeg,802,802,802,802,True,True,True,True,0.9686749578378825,0.9718886200921592,0.0006803229045697441,True,150528,0,0
google-mobilenet-v2-1.0-224-quant,803/5251a5f72f813a6f60ff942ecf72870a3789c7a7.jpeg,803,803,803,803,True,True,True,True,0.9990185737630161,0.998494946868305,5.4206884447431216e-05,True,150528,0,0
google-mobilenet-v2-1.0-224-quant,804/6ec019729cfabb56359f6d1f73e0f2028ec97b65.jpeg,804,804,804,804,True,True,True,True,0.9923554050050469,0.9965649758586183,0.0006623988578239613,True,150528,0,0
google-mobilenet-v2-1.0-224-quant,805/59a2d69655ced24241b5919b7df3c2d321bf9475.jpeg,805,805,805,805,True,True,True,True,0.9597286296101641,0.9658366180558132,0.0019028423027235841,True,150528,0,0
google-mobilenet-v2-1.0-224-quant,806/493aecf776a7517a1413f9dd6bf92db1706df410.jpeg,806,806,806,806,True,True,True,True,0.6741692357375545,0.37547491431022384,0.05686054064084321,True,150528,0,0
google-mobilenet-v2-1.0-224-quant,807/d2a071ad67144ac823fa632df8b231380e35bfb5.jpeg,807,807,449,975,False,False,False,True,0.152250984604845,0.2961923412437277,0.040456056352382724,True,150528,0,0
google-mobilenet-v2-1.0-224-quant,808/349ec75acaee73528d0fbf501655cb232c7affdc.jpeg,808,808,733,733,False,False,False,False,0.13885034923980327,0.12035251532962912,0.04059735222583395,True,150528,0,0
google-mobilenet-v2-1.0-224-quant,809/8642a7b077a23fadfe7f90ce7679f18b8d22c34f.jpeg,809,809,959,959,False,False,True,True,0.4462090555790107,0.546757571787186,0.020031922514886766,True,150528,0,0
google-mobilenet-v2-1.0-224-quant,81/aafff3d0f075880bd97c45b7d54d8d7f602ffd2e.jpeg,81,81,825,825,False,False,True,True,0.914188955448424,0.6602524042720573,0.05644421609192433,True,150528,0,0
google-mobilenet-v2-1.0-224-quant,810/93cb602015a0a6b1750d91fb93aedd0bd56c2bb6.jpeg,810,810,673,673,False,False,True,True,0.6421451507712175,0.7861771501541241,0.020285248880771538,True,150528,0,0
google-mobilenet-v2-1.0-224-quant,811/49530de84630a22556a9367ea2ddd33bb797a6b0.jpeg,811,811,811,811,True,True,True,True,0.9923899679120699,0.9926410690334816,0.00029811652647310807,True,150528,0,0
google-mobilenet-v2-1.0-224-quant,812/f8656f94ea7df33157d51ee220b793c1038ccad0.jpeg,812,812,812,812,True,True,True,True,0.8409510497247561,0.7571618251315472,0.015870267120037893,True,150528,0,0
google-mobilenet-v2-1.0-224-quant,813/f93e45de1cf09092d77042b28daf244350a1a373.jpeg,813,813,737,696,False,False,False,False,0.20138023544067438,0.1486102064253321,0.037546358814132125,True,150528,0,0
google-mobilenet-v2-1.0-224-quant,814/81a4045da2c0e61aefe18e796d94290e59b41791.jpeg,814,814,814,814,True,True,True,True,0.7098278340410191,0.5973717837977317,0.03409737753851419,True,150528,0,0
google-mobilenet-v2-1.0-224-quant,815/c067f06914577b81070ca9043f8a41645e255c2a.jpeg,815,815,815,815,True,True,True,True,0.9832985642047269,0.9469880326012168,0.00620549113102818,True,150528,0,0
google-mobilenet-v2-1.0-224-quant,816/15564d0229cec55c2a7aec5c7ff3a973ae07e3b2.jpeg,816,816,816,816,True,True,True,True,0.917822065645407,0.7735712757605445,0.02370754109551041,True,150528,0,0
google-mobilenet-v2-1.0-224-quant,817/851ae62865796b6f266791abd5ec04658c68db68.jpeg,817,817,817,817,True,True,True,True,0.8777179971079737,0.8511433821923649,0.0022308914901583436,True,150528,0,0
google-mobilenet-v2-1.0-224-quant,818/a4125b45c92217db9984946e99e3fe207d6b565d.jpeg,818,818,498,920,False,False,False,False,0.10763995672898806,0.13436178878054425,0.03369795616021428,True,150528,0,0
google-mobilenet-v2-1.0-224-quant,819/925a1e4a9ad9b5fee5fab8a29f96cb2c11e2eb87.jpeg,819,819,546,819,False,True,True,True,0.3602307892175102,0.4527195026887812,0.06058004808906922,True,150528,0,0
google-mobilenet-v2-1.0-224-quant,82/274ae66b667873d10da2307bb132c179bb01be48.jpeg,82,82,82,82,True,True,True,True,0.6046544420375082,0.7540706062796746,0.02184348632681677,True,150528,0,0
google-mobilenet-v2-1.0-224-quant,820/071f3c22d4db733fac6be3f025da0038b77e5b15.jpeg,820,820,820,820,True,True,True,True,0.9796992791010268,0.9626134985483196,0.0019892063396962237,True,150528,0,0
google-mobilenet-v2-1.0-224-quant,821/b7d4bcdba1174b094c67911c17f0584bc046d135.jpeg,821,821,821,718,True,False,True,True,0.5324600559519495,0.5092052534068944,0.02552772275368075,True,150528,0,0
google-mobilenet-v2-1.0-224-quant,822/58cb5f01fbb406be4355858baf1c709cd73382cb.jpeg,822,822,822,822,True,True,True,True,0.9803421267131989,0.8311746508558077,0.04216167544146669,True,150528,0,0
google-mobilenet-v2-1.0-224-quant,823/30db77d6964aeae1aa35a13cf646de1e3bd5675f.jpeg,823,823,823,617,True,False,True,True,0.6358829136298475,0.5433199883067473,0.08487654537018874,True,150528,0,0
google-mobilenet-v2-1.0-224-quant,824/ab5fc6ee9f8d018ba34cfca6eb482153ffd244fc.jpeg,824,824,857,834,False,False,False,False,0.5198444429834056,0.25427135534073386,0.12983844480978401,True,150528,0,0
google-mobilenet-v2-1.0-224-quant,825/7d18f1d39b2f32242482bda71252f6711761f867.jpeg,825,825,497,663,False,False,False,False,0.3806514243485451,0.27146991310511837,0.06964828655102133,True,150528,0,0
google-mobilenet-v2-1.0-224-quant,826/11d32f42d62cca63e755efe59bb7990caaa49675.jpeg,826,826,447,826,False,True,True,True,0.2780167487151986,0.26470181344977767,0.08608342508839095,True,150528,0,0
google-mobilenet-v2-1.0-224-quant,827/2884a9d2595c4e8a602124a83fd5578283be754d.jpeg,827,827,859,859,False,False,True,False,0.2731420016304459,0.46288540188418775,0.10365382234916096,True,150528,0,0
google-mobilenet-v2-1.0-224-quant,828/ec705a828b5142bf949fb6ea0da1b2483b163b4c.jpeg,828,828,957,957,False,False,False,False,0.5407841108723455,0.5121762632619021,0.013367997788559781,True,150528,0,0
google-mobilenet-v2-1.0-224-quant,829/3dcf931d9d58bda155085e6812c01856c050d528.jpeg,829,829,829,829,True,True,True,True,0.9946823389778499,0.9936896282092486,7.485535200574015e-05,True,150528,0,0
google-mobilenet-v2-1.0-224-quant,83/b03219079e847c5763740f4b4d28094ab58acb7c.jpeg,83,83,83,83,True,True,True,True,0.9983089156849346,0.9970865480342438,0.000129218382066279,True,150528,0,0
google-mobilenet-v2-1.0-224-quant,830/cd7ff101f3663afc597ffe8571122eb7fcd7e425.jpeg,830,830,702,702,False,False,True,False,0.5259339180415102,0.5400295740470717,0.02151402099145644,True,150528,0,0
google-mobilenet-v2-1.0-224-quant,831/39acdfee0b225fd1bc04fd9e76873c44416d88f2.jpeg,831,831,831,831,True,True,True,True,0.7109557471325787,0.6685438548572126,0.018247299658594944,True,150528,0,0
google-mobilenet-v2-1.0-224-quant,832/273099beed4447f328425cbb9041639e27310343.jpeg,832,832,442,832,False,True,True,True,0.5062280019230065,0.5448332507847313,0.04079312771178851,True,150528,0,0
google-mobilenet-v2-1.0-224-quant,833/f7cd87ddfb03c1f7d0fcb7e434c104bd37d9a319.jpeg,833,833,833,525,True,False,True,True,0.335242819824627,0.3915886338326332,0.11526051496768058,True,150528,0,0
google-mobilenet-v2-1.0-224-quant,834/1574f6288ef89f9b611f984f6ff580795776efd1.jpeg,834,834,808,627,False,False,True,True,0.13652520362783138,0.12364044890825222,0.06844860126304086,True,150528,0,0
google-mobilenet-v2-1.0-224-quant,835/f3ceccbddb8b85137dec4b63f851c66a75cd4aad.jpeg,835,835,835,835,True,True,True,True,0.7067801050546998,0.41446746165448484,0.06098066163111287,True,150528,0,0
google-mobilenet-v2-1.0-224-quant,836/498fdc234ffe21b855ccded3f3debe1d8033d5bd.jpeg,836,836,837,816,False,False,True,True,0.3245392962387347,0.38552244287095994,0.021947722029926186,True,150528,0,0
google-mobilenet-v2-1.0-224-quant,837/847cd9047224db906bd13d55e7b606e8a03f5c40.jpeg,837,837,581,717,False,False,False,False,0.5132910508230825,0.36595524396722373,0.03758511712536129,True,150528,0,0
google-mobilenet-v2-1.0-224-quant,838/155620c00f5c439b8fb61f992f64cce0a5f86e9e.jpeg,838,838,655,655,False,False,False,False,0.4484364544034328,0.6535924455130371,0.060179702578631825,True,150528,0,0
google-mobilenet-v2-1.0-224-quant,839/874910b4a18a9ff12c8b4800fce5824dbb113a1f.jpeg,839,839,839,839,True,True,True,True,0.5402170766263942,0.6773056483030653,0.027644710504091854,True,150528,0,0
google-mobilenet-v2-1.0-224-quant,84/d97b190b929dfd93aba4ebe8ed79852f438520bb.jpeg,84,84,84,84,True,True,True,True,0.9902982704933508,0.9602549619286372,0.005487544121554319,True,150528,0,0
google-mobilenet-v2-1.0-224-quant,840/0e3cc04896c95663ddbf6f56c44de100d5aad513.jpeg,840,840,880,880,False,False,False,False,0.30708731219108365,0.19551466346384322,0.06853388334925876,True,150528,0,0
google-mobilenet-v2-1.0-224-quant,841/8852f0a56d0e6b81c1d7455c6b887f077b63c4e4.jpeg,841,841,841,841,True,True,True,True,0.6878797570993065,0.8125994682448191,0.015034313745655063,True,150528,0,0
google-mobilenet-v2-1.0-224-quant,842/abe0a194cb8ce93a450a434855288e23b68217f5.jpeg,842,842,515,433,False,False,True,False,0.4777163338279599,0.44875838200560814,0.04077193381266821,True,150528,0,0
google-mobilenet-v2-1.0-224-quant,843/ee08e1e8365cff644cd867c78a60ee1f0e9f5ce1.jpeg,843,843,476,476,False,False,False,False,0.9414205612380518,0.4981174251003057,0.13934040032962736,True,150528,0,0
google-mobilenet-v2-1.0-224-quant,844/9d062c128866885274f0763aad525e7e4700db74.jpeg,844,844,771,844,False,True,True,True,0.4169162797442044,0.4241841776475732,0.01862572010787006,True,150528,0,0
google-mobilenet-v2-1.0-224-quant,845/a3a7032407412b9313ac33d940401519f4d2e1be.jpeg,845,845,529,529,False,False,False,False,0.9528983434548317,0.889398194416697,0.01069366909396395,True,150528,0,0
google-mobilenet-v2-1.0-224-quant,846/afb22179609ac655cd5fd4ddd5c7df90ce4bcbd7.jpeg,846,846,532,532,False,False,True,True,0.4928222937603679,0.5066966121632962,0.0035664203738809503,True,150528,0,0
google-mobilenet-v2-1.0-224-quant,847/5fa1d926640563f0461a11e7116a50dba556806d.jpeg,847,847,586,586,False,False,True,True,0.8265293878726486,0.9210603071545973,0.010609146154048666,True,150528,0,0
google-mobilenet-v2-1.0-224-quant,848/1f59aff2a0c6c7f4eb02331c6c9f0fb64bebdb3b.jpeg,848,848,481,481,False,False,False,False,0.335013004077393,0.38488841406506885,0.012863446278882492,True,150528,0,0
google-mobilenet-v2-1.0-224-quant,849/62000373feed76c626419486ca1ca69943bcfa36.jpeg,849,849,723,723,False,False,True,True,0.6285635476184109,0.5768501558507021,0.014276386683965516,True,150528,0,0
google-mobilenet-v2-1.0-224-quant,85/578c27edf361ee8219d0cc8eb7959bc5ef5fac31.jpeg,85,85,85,85,True,True,True,True,0.9996449835255822,0.9996415505160311,9.925619371580058e-06,True,150528,0,0
google-mobilenet-v2-1.0-224-quant,850/599e9e2646cbd1979bea3d6aa93ac78aef3bb9da.jpeg,850,850,850,850,True,True,True,True,0.7928248853165156,0.7603318092508017,0.004989830391301568,True,150528,0,0
google-mobilenet-v2-1.0-224-quant,851/ff83223fc23eb96ad0ff5587f991fe061fddd0e1.jpeg,851,851,851,848,True,False,True,True,0.14962411065082318,0.39953442799032324,0.1030453189227819,True,150528,0,0
google-mobilenet-v2-1.0-224-quant,852/8fbc49fbdcb70fed9730f2c2f2d6a936c8aee439.jpeg,852,852,852,852,True,True,True,True,0.9995263207012383,0.9985987050028537,0.0001278655165886506,True,150528,0,0
google-mobilenet-v2-1.0-224-quant,853/480c1a3ff2f1272958e11a9d830fa44d86e55810.jpeg,853,853,853,853,True,True,True,True,0.8990394777082673,0.8300524485512578,0.006743401615231473,True,150528,0,0
google-mobilenet-v2-1.0-224-quant,854/97054c191a70c44e2450595c9ab444c08780a773.jpeg,854,854,498,498,False,False,True,True,0.4189374083231686,0.2684857057063757,0.030438433689694747,True,150528,0,0
google-mobilenet-v2-1.0-224-quant,855/dcf96d64f36a93bac4acb0a2271e5ed891ed807c.jpeg,855,855,855,855,True,True,True,True,0.9882402099557098,0.9898107465215796,0.0008490436266159391,True,150528,0,0
google-mobilenet-v2-1.0-224-quant,856/231425c3db793fe2c7c1e4ee015db2cf52930990.jpeg,856,856,637,637,False,False,False,False,0.22762356650811572,0.1500935772193868,0.027423881298215595,True,150528,0,0
google-mobilenet-v2-1.0-224-quant,857/0cd8de4fddce0aba4bf6325b5db4fd49a08d36a0.jpeg,857,857,843,843,False,False,False,False,0.2827082415132295,0.5968591621915661,0.06438070015844619,True,150528,0,0
google-mobilenet-v2-1.0-224-quant,858/8e1ef81986187d146668c972c8e7a66ca92bcf10.jpeg,858,858,858,858,True,True,True,True,0.9979699459346626,0.9940228986256033,0.0006913331784578873,True,150528,0,0
google-mobilenet-v2-1.0-224-quant,859/8d76a6d2f090df00b995441099f970a5a9070982.jpeg,859,859,482,482,False,False,False,False,0.5291932065284105,0.4468450753123488,0.0068558566163605585,True,150528,0,0
google-mobilenet-v2-1.0-224-quant,86/d42e01c14bae356b0581a415316cfadb8ec7bb94.jpeg,86,86,86,86,True,True,True,True,0.6805534388799135,0.7617660305429791,0.006079375757653998,True,150528,0,0
google-mobilenet-v2-1.0-224-quant,860/de187beaee9c3b9ab44f0e26aae2cf4d003ee05d.jpeg,860,860,454,454,False,False,True,True,0.29522325872005095,0.4904329739670195,0.03152510894372891,True,150528,0,0
google-mobilenet-v2-1.0-224-quant,861/a673cfdbd3e78d72f4c2c57e94c5fcc1d3deedad.jpeg,861,861,619,619,False,False,False,False,0.5781737334416458,0.7717915722944594,0.041010219666937894,True,150528,0,0
google-mobilenet-v2-1.0-224-quant,862/6b17f5510e64f1645e532c11d921cfb3fcc320c3.jpeg,862,862,862,862,True,True,True,True,0.9565960270672877,0.9703436018554781,0.00352462878764074,True,150528,0,0
google-mobilenet-v2-1.0-224-quant,863/8602e2835defb7dfb42356f1bb85e17a5f58c39d.jpeg,863,863,863,863,True,True,True,True,0.9219688242169392,0.9176326140462093,0.001431191710735797,True,150528,0,0
google-mobilenet-v2-1.0-224-quant,864/57a93b7b4b468860cf42003a331b44a2ba39e24a.jpeg,864,864,864,867,True,False,True,True,0.36970648275687584,0.4306669341243921,0.008457297593750999,True,150528,0,0
google-mobilenet-v2-1.0-224-quant,865/77d6d4ce0706065bcabeb400ab14ed39ec2e78ef.jpeg,865,865,773,710,False,False,False,False,0.15097730780801225,0.19049140990135446,0.054565372910992435,True,150528,0,0
google-mobilenet-v2-1.0-224-quant,866/10bc720d19e12ba94a018e8f3a471f6fc5ce7d8d.jpeg,866,866,609,609,False,False,True,True,0.28483887650910383,0.25950810023814297,0.020229922508270257,True,150528,0,0
google-mobilenet-v2-1.0-224-quant,867/f6e916ca2bd644eb164384521f2e9978a449f562.jpeg,867,867,864,864,False,False,True,True,0.9197538907326155,0.8317178105737568,0.013234962160387297,True,150528,0,0
google-mobilenet-v2-1.0-224-quant,868/6f3b6de173f7a7e0c42b95b344e041e66527e160.jpeg,868,868,415,415,False,False,False,False,0.7633253795562481,0.8328083932441142,0.014556101791160568,True,150528,0,0
google-mobilenet-v2-1.0-224-quant,869/f9d6b033e6db7f2609abf2320303560e4e72a8e8.jpeg,869,869,869,869,True,True,True,True,0.982039355857073,0.9940579525947112,0.0020464133446031164,True,150528,0,0
google-mobilenet-v2-1.0-224-quant,87/e1579a40203b8240b10e9443a189e5f249878adf.jpeg,87,87,87,87,True,True,True,True,0.8483049714545613,0.9837848331023903,0.0347154020528951,True,150528,0,0
google-mobilenet-v2-1.0-224-quant,870/d514e4e3e05bd4f863cf8e1fce0698e515882189.jpeg,870,870,870,870,True,True,True,True,0.7377934873520007,0.4829265523106005,0.04633069398050012,True,150528,0,0
google-mobilenet-v2-1.0-224-quant,871/9b328eb2b47d76ded9b17361bc42a8730b6caf9c.jpeg,871,871,484,484,False,False,True,True,0.7790487844411232,0.7895943809153788,0.00155510871407603,True,150528,0,0
google-mobilenet-v2-1.0-224-quant,872/a7090bda7407638017ce52bb7445e3ff88761ade.jpeg,872,872,872,745,True,False,True,True,0.3686161374452792,0.3565428049728843,0.11087178689835439,True,150528,0,0
google-mobilenet-v2-1.0-224-quant,873/7b1450ba2e7913262c0f059276f0af93474a7bd7.jpeg,873,873,873,873,True,True,True,True,0.9892792989909664,0.9932705700906764,0.00044824409761536565,True,150528,0,0
google-mobilenet-v2-1.0-224-quant,874/425f04670ab745b5f495b6a6fcdab212f618ca3a.jpeg,874,874,705,705,False,False,True,True,0.545910880238294,0.37775386936307587,0.030319323820211304,True,150528,0,0
google-mobilenet-v2-1.0-224-quant,875/1a4bc7be37c2b7aaaf201cf52e4d1973ef4749e6.jpeg,875,875,875,875,True,True,True,True,0.9598300343554479,0.7303659535193135,0.06522089045764974,True,150528,0,0
google-mobilenet-v2-1.0-224-quant,876/283b2e6af58c023b889982e739960b6f50840e9a.jpeg,876,876,876,876,True,True,True,True,0.7270960841450941,0.5535853724214993,0.03676420515250191,True,150528,0,0
google-mobilenet-v2-1.0-224-quant,877/a260cd47e212fa3540199091ed21681d61ad4eb2.jpeg,877,877,877,877,True,True,True,True,0.9339112110727904,0.8613353762405642,0.011991053634940511,True,150528,0,0
google-mobilenet-v2-1.0-224-quant,878/e631e6bc46da6b118ca83efcf22dd48fa447225d.jpeg,878,878,878,878,True,True,True,True,0.9891988855971366,0.9826433367171987,0.001211939504159671,True,150528,0,0
google-mobilenet-v2-1.0-224-quant,879/7c8348940e612ffed82d6d0474d23fdff3f5ce8d.jpeg,879,879,879,879,True,True,True,True,0.9704764197626814,0.9738404063708068,0.001107134529336229,True,150528,0,0
google-mobilenet-v2-1.0-224-quant,88/67c91673cba8235feeb791e0072f9d2d6713a9fb.jpeg,88,88,88,88,True,True,True,True,0.9997164248584798,0.9996823991280979,2.2637783549806737e-05,True,150528,0,0
google-mobilenet-v2-1.0-224-quant,880/85d05c3133aef3b4fc6378d9f59ac655a40b8467.jpeg,880,880,854,854,False,False,False,False,0.13248720109726028,0.12164052530743798,0.03727894189584441,True,150528,0,0
google-mobilenet-v2-1.0-224-quant,881/09c922e39ae46577cf5b85d4dbac7703a43abf38.jpeg,881,881,401,523,False,False,False,False,0.1370717213525298,0.12913288110509116,0.06822551848498616,True,150528,0,0
google-mobilenet-v2-1.0-224-quant,882/01b91799b0d7309a2bb38f928e5f77d13e421513.jpeg,882,882,423,665,False,False,False,False,0.05992503798684875,0.0817273932257825,0.04693343594074771,True,150528,0,0
google-mobilenet-v2-1.0-224-quant,883/77dc8c8b3d87f11ed82d39ec4574d57031a8756d.jpeg,883,883,424,424,False,False,False,False,0.5050565204598216,0.7386324035194083,0.05045415848577221,True,150528,0,0
google-mobilenet-v2-1.0-224-quant,884/bda573d2be55177f2df2b6d2824cd1ba5fbda723.jpeg,884,884,506,506,False,False,True,True,0.34918619189506384,0.5450674649574465,0.07432897667688584,True,150528,0,0
google-mobilenet-v2-1.0-224-quant,885/6b6609cf248c687d5ca945176575431d0b15da31.jpeg,885,885,885,719,True,False,True,True,0.12790066014180215,0.11050188141833528,0.06871611994725993,True,150528,0,0
google-mobilenet-v2-1.0-224-quant,886/dbca2fbefd522251c27cee3ab35c067ffae7f4c1.jpeg,886,886,886,886,True,True,True,True,0.8909445748498054,0.9174426555423852,0.006459368679012097,True,150528,0,0
google-mobilenet-v2-1.0-224-quant,887/3b54f5068f322a76281881a2b89be1fa911a2f80.jpeg,887,887,887,887,True,True,True,True,0.998217836024879,0.9915668158918349,0.00131508090219694,True,150528,0,0
google-mobilenet-v2-1.0-224-quant,888/2f8286cc642f8ee1109cebac7376b6e4aec5ca38.jpeg,888,888,888,979,True,False,True,True,0.22074732458582544,0.35629867564671475,0.09051123411418611,True,150528,0,0
google-mobilenet-v2-1.0-224-quant,889/7b0bbb596144503414132c9af85e4f23e3ecd0f5.jpeg,889,889,889,889,True,True,True,True,0.5637015254804142,0.6502432443322933,0.04107228673401751,True,150528,0,0
google-mobilenet-v2-1.0-224-quant,89/a23a4b93b5465426c4dfc33ef4937fed806d3cc5.jpeg,89,89,89,89,True,True,True,True,0.25023006819815635,0.13944063758677502,0.08485843249415997,True,150528,0,0
google-mobilenet-v2-1.0-224-quant,890/466055900ba62b97c9a7d72f247c6f8d38adb58c.jpeg,890,890,890,890,True,True,True,True,0.8168612660564164,0.9277775422805816,0.016685691731187655,True,150528,0,0
google-mobilenet-v2-1.0-224-quant,891/0b1b323b91dbfc481e301750fe8f7aeda7b6e244.jpeg,891,891,891,891,True,True,True,True,0.14702609736294586,0.29484709437025286,0.05949607778646822,True,150528,0,0
google-mobilenet-v2-1.0-224-quant,892/14515b1e645654476b14bdcc18fa6f566f27c22d.jpeg,892,892,844,844,False,False,False,False,0.7621684306723885,0.8250955518557768,0.011297645909978418,True,150528,0,0
google-mobilenet-v2-1.0-224-quant,893/17e589fb9e200d865c16e06631ac73d4c9ea5ea3.jpeg,893,893,662,662,False,False,True,True,0.36012089765804534,0.7230967060469212,0.11254690548109181,True,150528,0,0
google-mobilenet-v2-1.0-224-quant,894/896caec1bbe8bf7f130b13a80daa5b4de13e7933.jpeg,894,894,794,794,False,False,True,False,0.4409801321170761,0.5706662215228119,0.03067130818749861,True,150528,0,0
google-mobilenet-v2-1.0-224-quant,895/3d7a71005448dcb6dac84bbe8047505c53d77ff9.jpeg,895,895,895,895,True,True,True,True,0.8847461198414129,0.9382043543667775,0.00833739188028625,True,150528,0,0
google-mobilenet-v2-1.0-224-quant,896/25c611340c7a87efa8c611a45d640cfdf0b891bf.jpeg,896,896,896,896,True,True,True,True,0.29907361345363725,0.21206114223861447,0.025046420537692467,True,150528,0,0
google-mobilenet-v2-1.0-224-quant,897/f7fa539ff384256708d04e67dc8405029b11dbda.jpeg,897,897,804,804,False,False,False,False,0.44226969698449703,0.5361387953641837,0.031461613282886436,True,150528,0,0
google-mobilenet-v2-1.0-224-quant,898/f95a3f4881ca339ba3e45a9f622a6fef8aa19c5d.jpeg,898,898,737,737,False,False,True,True,0.8717047354876378,0.8713510240979159,0.001688102932257945,True,150528,0,0
google-mobilenet-v2-1.0-224-quant,899/54ef239dd0150c7ebde334c7ec10ef941004cb8d.jpeg,899,899,896,896,False,False,False,False,0.5898062952491512,0.6669058009649804,0.0053983153523395515,True,150528,0,0
google-mobilenet-v2-1.0-224-quant,9/b5271821ea279c9a60aec5069ce20bdbf74a55a5.jpeg,9,9,9,9,True,True,True,True,0.9999070993209879,0.9998370812934482,6.718800127438323e-06,True,150528,0,0
google-mobilenet-v2-1.0-224-quant,90/4544db7ba700acaaa217133fc75864acc46e759b.jpeg,90,90,90,90,True,True,True,True,0.9039205351605754,0.7340090456815758,0.03470004591049364,True,150528,0,0
google-mobilenet-v2-1.0-224-quant,900/f843fbcbec3923c50bd43049b12f7f952db4c29d.jpeg,900,900,900,900,True,True,True,True,0.9965805755774512,0.994836788554331,0.00013515564468738378,True,150528,0,0
google-mobilenet-v2-1.0-224-quant,901/604deb2614ae6de70dc04dba73803f1694fdcc95.jpeg,901,901,504,504,False,False,True,True,0.9052027798755508,0.813822327296877,0.017408578894147847,True,150528,0,0
google-mobilenet-v2-1.0-224-quant,902/c090250ed7a017fb75efcdbe23d7f862c7f06d60.jpeg,902,902,902,902,True,True,True,True,0.9700025621771362,0.9902877363272181,0.0037100592598338887,True,150528,0,0
google-mobilenet-v2-1.0-224-quant,903/39543bda2abcd510267d5ae15a293aae2c19e6a7.jpeg,903,903,903,903,True,True,True,True,0.9525800953249574,0.7459748885330733,0.05337591762160428,True,150528,0,0
google-mobilenet-v2-1.0-224-quant,904/234ae0ac1c916184115b24325d50e5a6100d70c0.jpeg,904,904,702,882,False,False,False,False,0.21206241215373958,0.17298487202054777,0.028056431281534858,True,150528,0,0
google-mobilenet-v2-1.0-224-quant,905/606411493c727dc4c2115fea3c11365c571e7443.jpeg,905,905,548,548,False,False,True,True,0.30224877627944136,0.2169883830281285,0.02636156268150647,True,150528,0,0
google-mobilenet-v2-1.0-224-quant,906/03f1a6e849f83f9207abdbd36f86dc99c9622664.jpeg,906,906,679,679,False,False,False,False,0.4131035522355372,0.24816121488501583,0.0798325599229075,True,150528,0,0
google-mobilenet-v2-1.0-224-quant,907/fb20144fe7f9846ab6a477f9ff16f1eeb36344f0.jpeg,907,907,907,907,True,True,True,True,0.2948885783199799,0.3230372138894315,0.029026041421879208,True,150528,0,0
google-mobilenet-v2-1.0-224-quant,908/f551db022d5dfcdba16ee8d45b439128d598254c.jpeg,908,908,908,908,True,True,True,True,0.989384562104849,0.9947873494551134,0.0007579137540517387,True,150528,0,0
google-mobilenet-v2-1.0-224-quant,909/0d50e813c5505f42b476c35500d65a94ba5bf4f5.jpeg,909,909,567,909,False,True,True,True,0.6133433779531834,0.6398635531837805,0.035944734141356516,True,150528,0,0
google-mobilenet-v2-1.0-224-quant,91/99b22bb08076142b640f19aaf54aac5fa428126a.jpeg,91,91,91,91,True,True,True,True,0.9523825238831685,0.9569193722774537,0.0013863544988737767,True,150528,0,0
google-mobilenet-v2-1.0-224-quant,910/02e71cd3fa4420c8788ea686b0bdbbc8d82f61db.jpeg,910,910,910,910,True,True,True,True,0.9809340408402482,0.9838262460054902,0.0006415075761122065,True,150528,0,0
google-mobilenet-v2-1.0-224-quant,911/c8efdf154bf05c57723ab29770d9c07b128f2f99.jpeg,911,911,709,709,False,False,False,False,0.553466038760443,0.4742291947286076,0.020602584447259452,True,150528,0,0
google-mobilenet-v2-1.0-224-quant,912/963dad0e1b212dafba6d74c2420b40b10adad9f0.jpeg,912,912,912,912,True,True,True,True,0.8492849573698676,0.6403575339748692,0.03746966904918709,True,150528,0,0
google-mobilenet-v2-1.0-224-quant,913/d82d4b9b630379a08ae26a3337e18214d54273e1.jpeg,913,913,913,913,True,True,True,True,0.9939376883899101,0.9911323994138236,0.000376952869038547,True,150528,0,0
google-mobilenet-v2-1.0-224-quant,914/291e34e63c5a6987f0c1f9ba880d514584875168.jpeg,914,914,780,914,False,True,True,True,0.28102652913749293,0.325656256549734,0.019825521447690213,True,150528,0,0
google-mobilenet-v2-1.0-224-quant,915/2a35f55ece709be4e90086754b4e5ae804645f0b.jpeg,915,915,915,915,True,True,True,True,0.9998160911452341,0.999789543278908,5.096531783136432e-06,True,150528,0,0
google-mobilenet-v2-1.0-224-quant,916/16f3b222534387f6749992757df43b9282307676.jpeg,916,916,692,728,False,False,False,True,0.5353452865881383,0.2469278966322332,0.11168443429629735,True,150528,0,0
google-mobilenet-v2-1.0-224-quant,917/4dd90bd5464c8c85046adb1b6315a3f50f28ec63.jpeg,917,917,917,917,True,True,True,True,0.9951528149781727,0.9759954135624133,0.0044736494858224896,True,150528,0,0
google-mobilenet-v2-1.0-224-quant,918/60f5143b7df0cfef61e195a1cec4bac7a5bbc885.jpeg,918,918,918,918,True,True,True,True,0.9950487818482898,0.9970636395940797,0.00021238019338768566,True,150528,0,0
google-mobilenet-v2-1.0-224-quant,919/936346c118b8a40463ab12e9c7c9bf75d72b08ac.jpeg,919,919,481,539,False,False,True,True,0.2900667654453067,0.14698360171539263,0.09878077997117515,True,150528,0,0
google-mobilenet-v2-1.0-224-quant,92/46fad387e2d908eb8b5640f8fe82e651f0ceb863.jpeg,92,92,92,92,True,True,True,True,0.999481600718342,0.9997297686457549,4.13320360401629e-05,True,150528,0,0
google-mobilenet-v2-1.0-224-quant,920/79ab92c4619016178935dc6b467827500b4cd0da.jpeg,920,920,920,920,True,True,True,True,0.8454373680218376,0.9893308029738204,0.044940896478402444,True,150528,0,0
google-mobilenet-v2-1.0-224-quant,921/1a34b22a20384a8f942a6d225b60e4823b83133d.jpeg,921,921,921,921,True,True,True,True,0.8624748591252793,0.7682911590879927,0.013443380369081829,True,150528,0,0
google-mobilenet-v2-1.0-224-quant,922/ea4be76e730495d82ed924016b366dbf34474a07.jpeg,922,922,922,922,True,True,True,True,0.9501532576403084,0.9555135651829985,0.0009370203345279675,True,150528,0,0
google-mobilenet-v2-1.0-224-quant,923/ba4536588d8da0ba4131dca8499eef183fa7946c.jpeg,923,923,923,923,True,True,True,True,0.7112611573974396,0.7694476290234276,0.01786223543989692,True,150528,0,0
google-mobilenet-v2-1.0-224-quant,924/5eebf89e993eecc04dec215083aaa696a20b790b.jpeg,924,924,924,924,True,True,True,True,0.6094722029306834,0.6140425064374565,0.005328280328467171,True,150528,0,0
google-mobilenet-v2-1.0-224-quant,925/c4a5e9dbf26fac1a2571d5e74e0d50c7ac49fb52.jpeg,925,925,967,967,False,False,True,True,0.7567885894759188,0.5183927021515291,0.03975239683929522,True,150528,0,0
google-mobilenet-v2-1.0-224-quant,926/bc9e63587be353b33b80b1a531bfb127db0edf37.jpeg,926,926,926,926,True,True,True,True,0.942300066580056,0.7547053382967629,0.050084402478311675,True,150528,0,0
google-mobilenet-v2-1.0-224-quant,927/56c2c77b10b309f86ba90f418eb7afc3d8bddf34.jpeg,927,927,927,927,True,True,True,True,0.979002381102465,0.9868162076632554,0.0006407811645585019,True,150528,0,0
google-mobilenet-v2-1.0-224-quant,928/40af968d6738656dd87e91849eb05bff64b39db9.jpeg,928,928,909,909,False,False,False,False,0.3295688786287447,0.19545730343551718,0.09265622483006278,True,150528,0,0
google-mobilenet-v2-1.0-224-quant,929/6b2213e3425588084d9af349c1244896799d5786.jpeg,929,929,638,639,False,False,False,False,0.07616032898533494,0.17459397558560413,0.06627332025723358,True,150528,0,0
google-mobilenet-v2-1.0-224-quant,93/2922b86e55ac35a215d1483065cb7f4b40a71a33.jpeg,93,93,93,93,True,True,True,True,0.9900241262160129,0.9841699180772405,0.0007251193899648868,True,150528,0,0
google-mobilenet-v2-1.0-224-quant,930/dd2fc7565a449295299ebacd0c5ea5d7ce39d037.jpeg,930,930,930,930,True,True,True,True,0.9745901855056394,0.889636229690826,0.017748002691483286,True,150528,0,0
google-mobilenet-v2-1.0-224-quant,931/3b88b3ff0e020601700e76b97983d127d740bfc8.jpeg,931,931,118,118,False,False,True,True,0.13347439604926725,0.24889679002384238,0.08796651028350334,True,150528,0,0
google-mobilenet-v2-1.0-224-quant,932/b42f20db8aa4ce15ccd876bd1c0f007535a783c6.jpeg,932,932,933,121,False,False,False,False,0.3392817075649649,0.648547459915413,0.09495399035894905,True,150528,0,0
google-mobilenet-v2-1.0-224-quant,933/fa8c6dee3de850f111878f1ed854fe33925e9233.jpeg,933,933,809,934,False,False,False,False,0.08658622636583739,0.10154560783021048,0.028149405153356406,True,150528,0,0
google-mobilenet-v2-1.0-224-quant,934/d8df886a470de27b4429ab76a051a7a5d425dc37.jpeg,934,934,934,934,True,True,True,True,0.8925109233874278,0.8301978776040172,0.010462499280457985,True,150528,0,0
google-mobilenet-v2-1.0-224-quant,935/8e566dbd2dad9823e18e06a938ac3f7f6fad6b82.jpeg,935,935,766,935,False,True,True,True,0.35007692554226877,0.33241438854255234,0.08851959063056264,True,150528,0,0
google-mobilenet-v2-1.0-224-quant,936/9ce7a9b9286d920800b3edd66469f25b39aa3e7a.jpeg,936,936,936,936,True,True,True,True,0.9961873432968533,0.9877446433553108,0.001456773545733836,True,150528,0,0
google-mobilenet-v2-1.0-224-quant,937/c720c77fe5b62f67a0a3a40f482a6a1d92c7b8d1.jpeg,937,937,924,924,False,False,True,False,0.34615406271043825,0.3264345719730486,0.02694579159201828,True,150528,0,0
google-mobilenet-v2-1.0-224-quant,938/48df652b4fe1d5dfa824f9150c81861d727231e9.jpeg,938,938,938,938,True,True,True,True,0.5129657012661512,0.7079790059725449,0.056482426444582665,True,150528,0,0
google-mobilenet-v2-1.0-224-quant,939/4f762a9f6bc3ccf8d2bafa49e51b5be7af5c9236.jpeg,939,939,941,941,False,False,True,True,0.1935222290101953,0.41652781976880787,0.05464363119706432,True,150528,0,0
google-mobilenet-v2-1.0-224-quant,94/8e4efafd371ddb1c4ea519bb38c5609261300546.jpeg,94,94,92,92,False,False,True,True,0.9970154013812305,0.9827246592548751,0.0035986000265427922,True,150528,0,0
google-mobilenet-v2-1.0-224-quant,940/a18aa7f2de9d0a51507aa3c3f48aaa9d04b205d1.jpeg,940,940,965,940,False,True,True,True,0.16849903764388227,0.23993832173555454,0.06626686016550562,True,150528,0,0
google-mobilenet-v2-1.0-224-quant,941/86cdf59df41df9f9d89bfe8fa27305d2b21ee42f.jpeg,941,941,941,941,True,True,True,True,0.9665369276290019,0.7184929698793397,0.07025118011041728,True,150528,0,0
google-mobilenet-v2-1.0-224-quant,942/019ccc4adf32fb0f49cdda41099c59916ec12d2c.jpeg,942,942,942,942,True,True,True,True,0.9931034439789741,0.9972495764404801,0.0007164966575974816,True,150528,0,0
google-mobilenet-v2-1.0-224-quant,943/4c4c7a059bda4dd6d692adc1d2add3bc5c139d37.jpeg,943,943,64,64,False,False,True,True,0.35649860435032704,0.2809142490689349,0.03763825570674556,True,150528,0,0
google-mobilenet-v2-1.0-224-quant,944/821eef7cacc89e72407b0db96f67abfc320f1bb3.jpeg,944,944,944,944,True,True,True,True,0.9994683780754428,0.9992702144461412,1.643437443938645e-05,True,150528,0,0
google-mobilenet-v2-1.0-224-quant,945/738754e6d4f20ad19d7f138685f77192f1c0bf82.jpeg,945,945,990,990,False,False,True,True,0.7011136297240136,0.36711279060349655,0.07578320279489366,True,150528,0,0
google-mobilenet-v2-1.0-224-quant,946/4772ec0e8bf6fe73a5c10e72976e1723cb952e63.jpeg,946,946,973,108,False,False,False,False,0.45624485802050324,0.34909606218273564,0.0658353576365548,True,150528,0,0
google-mobilenet-v2-1.0-224-quant,947/88028b3465332f75ecdafaa70a7e7080e5fe8942.jpeg,947,947,947,947,True,True,True,True,0.9869425564276952,0.9813053106339679,0.0008376750265239789,True,150528,0,0
google-mobilenet-v2-1.0-224-quant,948/d3f2df72dfe7502d15f565ec2d60d589ab7e8ad1.jpeg,948,948,948,948,True,True,True,True,0.9852759458293255,0.9286962877681646,0.012334984588203687,True,150528,0,0
google-mobilenet-v2-1.0-224-quant,949/cb751e12c064e26809abe5164fceefaf692cc0fb.jpeg,949,949,591,929,False,False,False,False,0.1793196762230501,0.16115797713262356,0.06967517692986173,True,150528,0,0
google-mobilenet-v2-1.0-224-quant,95/97e541abfffea927325b821bbe4465bc18d930c4.jpeg,95,95,95,95,True,True,True,True,0.9998058675356934,0.9997673419181934,2.109280089983403e-06,True,150528,0,0
google-mobilenet-v2-1.0-224-quant,950/31de9124c5faf2ac404ce5f3504389ef04431e53.jpeg,950,950,419,419,False,False,False,False,0.19016342169968378,0.6521930690245712,0.19672021311648977,True,150528,0,0
google-mobilenet-v2-1.0-224-quant,951/1a55843b089963e14a0326a3a4d38077f33fef21.jpeg,951,951,951,951,True,True,True,True,0.586073942746421,0.5697594776567132,0.0032810900403514873,True,150528,0,0
google-mobilenet-v2-1.0-224-quant,952/4974cb8524d9a5f1cce3d55daf1cac7e07005e69.jpeg,952,952,923,923,False,False,False,False,0.664197746024502,0.31518079443207975,0.11837442056234546,True,150528,0,0
google-mobilenet-v2-1.0-224-quant,953/624372abc51ffff7584923f74a59580fd084ca88.jpeg,953,953,445,445,False,False,False,False,0.4671379955541118,0.20591538009798518,0.09583805269708495,True,150528,0,0
google-mobilenet-v2-1.0-224-quant,954/05cdfe0a91571a4d6cbecba6799fe97801f792b0.jpeg,954,954,954,954,True,True,True,True,0.8864719637919654,0.5475531632346281,0.0831359826391189,True,150528,0,0
google-mobilenet-v2-1.0-224-quant,955/76ab28723b3cf516372c5c10e19cf1d63f5dd22f.jpeg,955,955,955,955,True,True,True,True,0.9855837675028589,0.9873486987221219,0.0006333255481137052,True,150528,0,0
google-mobilenet-v2-1.0-224-quant,956/3ae97cdfede5470db612f58363d281db6bbb6a87.jpeg,956,956,956,956,True,True,True,True,0.9958346572274538,0.9815419002919189,0.0031160065347008385,True,150528,0,0
google-mobilenet-v2-1.0-224-quant,957/f10d7fdd5bfe0cdc13f41e668370777242aca402.jpeg,957,957,957,957,True,True,True,True,0.9011556590282929,0.9499775959541135,0.005666911924371518,True,150528,0,0
google-mobilenet-v2-1.0-224-quant,958/4ef2ad49c2e48c9fb4db9c993ab93831e52b4052.jpeg,958,958,449,425,False,False,False,False,0.19734446274367196,0.19884214996566474,0.024825762233357446,True,150528,0,0
google-mobilenet-v2-1.0-224-quant,959/9a0b5523c17d1023980d4bb70c6dace75ef81bd7.jpeg,959,959,959,959,True,True,True,True,0.9765065718473467,0.8345326847568201,0.035569107000836854,True,150528,0,0
google-mobilenet-v2-1.0-224-quant,96/f32e370fa29c4e8cef3c030ae67e64d3f660dbac.jpeg,96,96,96,96,True,True,True,True,0.9995957039756275,0.9995916404681878,8.990970651274384e-06,True,150528,0,0
google-mobilenet-v2-1.0-224-quant,960/827a064a413be87279e4377969f6a62a59267cfc.jpeg,960,960,960,960,True,True,True,True,0.985900599211754,0.9823992756825084,0.0006179115437135482,True,150528,0,0
google-mobilenet-v2-1.0-224-quant,961/83c89d3309c021606e2c21105dc94a9c5e91ae39.jpeg,961,961,961,961,True,True,True,True,0.2503720248966968,0.6004348774322773,0.150541185835315,True,150528,0,0
google-mobilenet-v2-1.0-224-quant,962/c17c1cbfe70617de351a6c629e4f9b5acd7a15d1.jpeg,962,962,935,935,False,False,True,True,0.43515732126962275,0.5447364788007526,0.008370895449192402,True,150528,0,0
google-mobilenet-v2-1.0-224-quant,963/d2f1c369b8c9598d7d82db31b1c20f17a730054f.jpeg,963,963,963,963,True,True,True,True,0.9914874477331835,0.9211666462135771,0.017424125800108207,True,150528,0,0
google-mobilenet-v2-1.0-224-quant,964/ddfb26f2eb5d2f9d799fe77dd1836a9edaee2693.jpeg,964,964,964,964,True,True,True,True,0.9921056375653822,0.9884007083560159,0.0006994690294448413,True,150528,0,0
google-mobilenet-v2-1.0-224-quant,965/c86c25aecd76a39f7cf5cf640e29c0df74bf6e2a.jpeg,965,965,923,964,False,False,False,False,0.29479783142701577,0.31115724282971335,0.0616381129784309,True,150528,0,0
google-mobilenet-v2-1.0-224-quant,966/5ac94345581bc98644af22d7298211599f95ac4b.jpeg,966,966,966,966,True,True,True,True,0.6862166468446669,0.3653290507407475,0.08758110323715214,True,150528,0,0
google-mobilenet-v2-1.0-224-quant,967/76f6d21d59b1d8526a247ad8961496efa1f3cc5b.jpeg,967,967,925,925,False,False,True,True,0.724531208149245,0.9268147830960317,0.059307243569134,True,150528,0,0
google-mobilenet-v2-1.0-224-quant,968/dfac1c668515160a3edd85d7706e6d246d5f9af4.jpeg,968,968,504,504,False,False,True,True,0.5145227652079779,0.5626175679433123,0.0037195911300594016,True,150528,0,0
google-mobilenet-v2-1.0-224-quant,969/b04cb4968b773549793a5e0066f965cfd078116b.jpeg,969,969,969,969,True,True,True,True,0.8886379113353373,0.9172761272766737,0.00557347832217467,True,150528,0,0
google-mobilenet-v2-1.0-224-quant,97/92ee82f189774c862c180dca08ceeac8b25a2dfa.jpeg,97,97,98,98,False,False,True,True,0.8257162739410373,0.547786185848309,0.07107493447268201,True,150528,0,0
google-mobilenet-v2-1.0-224-quant,970/baf80e6d9fe41c75ea1fed3f9a8f1ce5eae988d9.jpeg,970,970,979,970,False,True,True,True,0.2554054366050477,0.3279893062861276,0.027809472381289155,True,150528,0,0
google-mobilenet-v2-1.0-224-quant,971/e5570a44e32492ac840cb335824bff9d67039c02.jpeg,971,971,719,719,False,False,False,False,0.23579636836664347,0.2906144441575102,0.05176899965652895,True,150528,0,0
google-mobilenet-v2-1.0-224-quant,972/185fa6b396d92bfe9c1c6fb5f9a1c1da13f6cc23.jpeg,972,972,972,972,True,True,True,True,0.8795987001597826,0.8892776703830109,0.0005631038098023473,True,150528,0,0
google-mobilenet-v2-1.0-224-quant,973/7f117ac29432441b65f690b02bff62db6a5a9e96.jpeg,973,973,973,973,True,True,True,True,0.6466796346238846,0.8080477738134882,0.03580537399328565,True,150528,0,0
google-mobilenet-v2-1.0-224-quant,974/2cc61b412e3d0914a7650ba2e08dcfbfc617c0dc.jpeg,974,974,974,974,True,True,True,True,0.9986043211294484,0.9974858257282984,0.00011902217046564414,True,150528,0,0
google-mobilenet-v2-1.0-224-quant,975/87f205994a6cda3c811ec31be76da938584da6e6.jpeg,975,975,144,132,False,False,False,True,0.2960422312728604,0.46868628054127776,0.07473933028394364,True,150528,0,0
google-mobilenet-v2-1.0-224-quant,976/48f9dd34d96b567a9aad6d8dbaa322d8e80234e9.jpeg,976,976,978,978,False,False,False,False,0.6796626677027521,0.526695043929234,0.019655729221785774,True,150528,0,0
google-mobilenet-v2-1.0-224-quant,977/101a23656818b6df597548719f7038940de7590f.jpeg,977,977,977,977,True,True,True,True,0.9709626183441722,0.9739711203905941,0.00029499501745246275,True,150528,0,0
google-mobilenet-v2-1.0-224-quant,978/eb8ab7ab6fc479a89e5ebc3751bd677e528be6ff.jpeg,978,978,975,975,False,False,True,True,0.61787340531238,0.5637922428633467,0.018194273539970808,True,150528,0,0
google-mobilenet-v2-1.0-224-quant,979/e545c01e6ef843620f5ceed420f73dc88a6ae793.jpeg,979,979,970,979,False,True,True,True,0.6960339057413366,0.4933897180723237,0.033519609210183085,True,150528,0,0
google-mobilenet-v2-1.0-224-quant,98/8d329a112a79c15daca28f6d2e584fd60ff3cfb8.jpeg,98,98,98,98,True,True,True,True,0.9224586520483798,0.9547626810251775,0.0031713819630293984,True,150528,0,0
google-mobilenet-v2-1.0-224-quant,980/1b7b08747c9e0d65983640c0f69ce055dd8ce281.jpeg,980,980,975,975,False,False,False,False,0.3141509603862154,0.3129175342012804,0.01341892971459381,True,150528,0,0
google-mobilenet-v2-1.0-224-quant,981/4bc9f28b370513f77851b867785553dce67e8f44.jpeg,981,981,981,981,True,True,True,True,0.9361203936198254,0.9642656569797426,0.004968049724903949,True,150528,0,0
google-mobilenet-v2-1.0-224-quant,982/b4be54f6ab74674f2048b62d80c20d7324be63f2.jpeg,982,982,511,511,False,False,False,False,0.38671856930787635,0.3351495478755534,0.04840322693667756,True,150528,0,0
google-mobilenet-v2-1.0-224-quant,983/f662c0d3a39b25352d210e1c0933c86c3192ee65.jpeg,983,983,983,983,True,True,True,True,0.6541594707236146,0.8907457129598654,0.045170789513213946,True,150528,0,0
google-mobilenet-v2-1.0-224-quant,984/8bb6bd95d9fb8ab6474ea99d126b8ae83cd7caf1.jpeg,984,984,984,984,True,True,True,True,0.986135887078849,0.9828430768829048,0.0005138217474083028,True,150528,0,0
google-mobilenet-v2-1.0-224-quant,985/140c44f584f70a7a1fdb667e4406a70eb2463d1e.jpeg,985,985,985,802,True,False,True,True,0.6012914205178054,0.22204225007270276,0.18526835857486343,True,150528,0,0
google-mobilenet-v2-1.0-224-quant,986/4a1ee54803dd1076f86f952388fdcedd4baaefab.jpeg,986,986,986,986,True,True,True,True,0.9998519899192748,0.9997294768676087,1.1206292025987875e-05,True,150528,0,0
google-mobilenet-v2-1.0-224-quant,987/94071cb95e349c9a9f64e5e76a27dadf92d36c83.jpeg,987,987,998,998,False,False,True,True,0.8854182201372488,0.8622160900075772,0.006929718402207935,True,150528,0,0
google-mobilenet-v2-1.0-224-quant,988/680e7d816be950709fa0581e872adc60dc6760c6.jpeg,988,988,990,990,False,False,True,True,0.9472300749594612,0.880227479261164,0.008622610067413442,True,150528,0,0
google-mobilenet-v2-1.0-224-quant,989/32adf554624d2d246e80803a5aea6a23eee752e2.jpeg,989,989,989,989,True,True,True,True,0.8260932737228031,0.8612126943039679,0.01148219720461771,True,150528,0,0
google-mobilenet-v2-1.0-224-quant,99/8e18cac880dcc87f1a3b1ab0249fd2efa9613f23.jpeg,99,99,99,537,True,False,True,True,0.16300150762700355,0.40443652913845957,0.12140274804125678,True,150528,0,0
google-mobilenet-v2-1.0-224-quant,990/7a8bf80e72b1b92db36c82834cd614dc8ef92f8b.jpeg,990,990,990,990,True,True,True,True,0.4001756946553737,0.5246174741888312,0.030740097939665225,True,150528,0,0
google-mobilenet-v2-1.0-224-quant,991/5736e61746b8d26362c21741523c64d167acc2ea.jpeg,991,991,996,996,False,False,True,True,0.5075610564210522,0.40998356134212954,0.03742075848410805,True,150528,0,0
google-mobilenet-v2-1.0-224-quant,992/3ed42ad6e2c5259ff04d94a80fcb0971f121c13a.jpeg,992,992,992,992,True,True,True,True,0.7567938085667514,0.656151135247733,0.014502404903199314,True,150528,0,0
google-mobilenet-v2-1.0-224-quant,993/affa5dc95277f8ba9d59ebc46621a7f7426a9113.jpeg,993,993,993,993,True,True,True,True,0.9959796582615622,0.9942807428513887,0.00034078927799269037,True,150528,0,0
google-mobilenet-v2-1.0-224-quant,994/5e26fddac643dd333b10854985e2687ab23f4558.jpeg,994,994,994,327,True,False,True,True,0.5426606245049507,0.7944237280797362,0.11354858192951567,True,150528,0,0
google-mobilenet-v2-1.0-224-quant,995/90c1083bb3b5f6e202120d876b2964b4459b988e.jpeg,995,995,995,995,True,True,True,True,0.9980651475891354,0.9873808126713993,0.002451092472387915,True,150528,0,0
google-mobilenet-v2-1.0-224-quant,996/61fb873a897fda98e85bfd2a0483fa18a2d0035b.jpeg,996,996,996,996,True,True,True,True,0.9982126463746569,0.9774927382132403,0.005719293429944906,True,150528,0,0
google-mobilenet-v2-1.0-224-quant,997/d09fc5249bbdc30ed659e947da9c1300d20e0923.jpeg,997,997,994,125,False,False,True,True,0.17704803071144026,0.2181496155346527,0.06403085817999239,True,150528,0,0
google-mobilenet-v2-1.0-224-quant,998/32099b3e0187f878916f18ec453b3076ee250a78.jpeg,998,998,998,998,True,True,True,True,0.910157478805001,0.9303527151794987,0.006203305119135255,True,150528,0,0
google-mobilenet-v2-1.0-224-quant,999/a22d21425ff46943606e0b510950e3cb1d33953a.jpeg,999,999,412,760,False,False,False,False,0.39090456355287917,0.39823179216067556,0.117425920461849,True,150528,0,0
mediapipe-efficientnet-lite0-int8,0/bcf8a5326180b5e9320642f5024096fbc8a5d454.jpeg,0,0,0,0,True,True,True,True,1.0,0.9795081967213115,0.007154951398018459,True,150528,20966,4384
mediapipe-efficientnet-lite0-int8,1/2fb7561b81c4e57499123d88ca1b3dfb90c12b04.jpeg,1,1,1,1,True,True,True,True,0.9863636363636363,0.9960159362549801,0.002099266415408584,True,150528,66994,1470
mediapipe-efficientnet-lite0-int8,10/0615b841d58ea66d72093e4d135a710fee1c0eb2.jpeg,10,10,10,10,True,True,True,True,0.8016194331983806,0.5186721991701245,0.05390236458661614,True,150528,3169,41575
mediapipe-efficientnet-lite0-int8,100/660dd14eb2a517fdbec75e044507d5bb051903ce.jpeg,100,100,100,100,True,True,True,True,0.9789029535864979,0.8958333333333334,0.02360134922899473,True,150528,20305,76
mediapipe-efficientnet-lite0-int8,101/aa2d6f636aaaa31aa8fe8e8b1bed43db42eae9ea.jpeg,101,101,101,101,True,True,True,True,0.8502024291497976,0.32460732984293195,0.23795332971291389,True,150528,21452,30795
mediapipe-efficientnet-lite0-int8,102/8f858f2614ea5e7931e0117e25e0f8a59596bd50.jpeg,102,102,334,334,False,False,True,True,0.6609442060085837,0.48523206751054854,0.058172742013534964,True,150528,37693,17754
mediapipe-efficientnet-lite0-int8,103/21da7640652edda9c48c86279693cc90fe358d85.jpeg,103,103,103,103,True,True,True,True,0.899581589958159,0.8148148148148148,0.043008134800359935,True,150528,1651,53672
mediapipe-efficientnet-lite0-int8,104/3703a47ff1a606a63b18f2c1acd0f71ce0279924.jpeg,104,104,104,104,True,True,True,True,0.7066115702479339,0.23036649214659685,0.28291121903341304,True,150528,13983,2375
mediapipe-efficientnet-lite0-int8,105/71a4d263bc5cf0f8cc065a4d74a159ca8bb9e117.jpeg,105,105,105,105,True,True,True,True,0.9665271966527197,0.8225108225108225,0.03678525012203623,True,150528,20973,8013
mediapipe-efficientnet-lite0-int8,106/7e07cd928de35c9333c10fd5bc5e6a23733d9ea5.jpeg,106,106,106,106,True,True,True,True,0.8232758620689655,0.925,0.0359213976534866,True,150528,13050,9660
mediapipe-efficientnet-lite0-int8,107/ed6f33c36d4ba77b7d5b73ad9f34604209993d73.jpeg,107,107,110,110,False,False,True,True,0.6666666666666666,0.37894736842105264,0.09468835242914853,True,150528,86,263
mediapipe-efficientnet-lite0-int8,108/b0888cd4f4257a2807bfb57a734331b728e593a9.jpeg,108,108,108,328,True,False,True,True,0.6153846153846154,0.5931372549019608,0.07437125841760767,True,150528,50596,6010
mediapipe-efficientnet-lite0-int8,109/fdfe7afe0057ad8b03d7d3e56e5c4f7829a4228e.jpeg,109,109,109,109,True,True,True,True,0.9836734693877551,0.9121338912133892,0.022484359016258178,True,150528,11218,36607
mediapipe-efficientnet-lite0-int8,11/38f322aad4d1caae048b5793edb6817317c8f50e.jpeg,11,11,376,375,False,False,False,False,0.3691588785046729,0.22429906542056074,0.16886205382955072,True,150528,49000,10038
mediapipe-efficientnet-lite0-int8,110/3c7687ae17faa2d4ffca9ae17876e4750e719d81.jpeg,110,110,70,74,False,False,False,False,0.1875,0.1683673469387755,0.2120075524838162,True,150528,13695,813
mediapipe-efficientnet-lite0-int8,111/29abbfe97bf7e12a1398bc5bfca0c03d4378daa5.jpeg,111,111,111,111,True,True,True,True,0.6173913043478261,0.6842105263157895,0.010092127355952355,True,150528,471,2238
mediapipe-efficientnet-lite0-int8,112/d98a0ae57f39748e700375001442a86012b86ff7.jpeg,112,112,112,643,True,False,True,True,0.7972972972972973,0.42424242424242425,0.5101682682854694,True,150528,27850,42154
mediapipe-efficientnet-lite0-int8,113/36392a7b2ac19b9e5d6b8bc1083304fef1f5e068.jpeg,113,113,113,113,True,True,True,True,0.9877551020408163,0.9659574468085106,0.0034463298940595015,True,150528,18945,3141
mediapipe-efficientnet-lite0-int8,114/0c4c4164e7624e4f565fbee0ebf7f5a3c71f5a22.jpeg,114,114,845,443,False,False,False,False,0.17277486910994763,0.12568306010928962,0.49484885862297456,True,150528,225,96331
mediapipe-efficientnet-lite0-int8,115/4df9d99ed64d3cd2f7e18a352ad608a2621fcd77.jpeg,115,115,116,116,False,False,False,False,0.47413793103448276,0.698744769874477,0.09589455045752752,True,150528,23743,9721
mediapipe-efficientnet-lite0-int8,116/8df838e91dbad44c0902a360054681f62e9af1ce.jpeg,116,116,116,116,True,True,True,True,0.771551724137931,0.6805555555555556,0.038452991335614355,True,150528,26116,8280
mediapipe-efficientnet-lite0-int8,117/a096275b9c45292717d52da690e20e8304bf3d03.jpeg,117,117,117,117,True,True,True,True,0.41530054644808745,0.48325358851674644,0.1574416966557251,True,150528,41591,23223
mediapipe-efficientnet-lite0-int8,118/20196e6499f6119783b31767189eb3dee06f05dc.jpeg,118,118,118,923,True,False,True,True,0.5,0.18025751072961374,0.12005461208653351,True,150528,38749,1403
mediapipe-efficientnet-lite0-int8,119/a8b4811459a1fe6a01f948f195f905e606de1c56.jpeg,119,119,120,119,False,True,True,True,0.4430379746835443,0.21226415094339623,0.2464186008864071,True,150528,12368,15
mediapipe-efficientnet-lite0-int8,12/546fed7428e81273b0d4b01ae835e492626c7f44.jpeg,12,12,12,12,True,True,True,True,0.9960159362549801,0.9920948616600791,0.004122416799614786,True,150528,11057,6278
mediapipe-efficientnet-lite0-int8,120/cd1b6e55775eeada1f1244ba70f7dbc5c8453c39.jpeg,120,120,120,120,True,True,True,True,0.9742489270386266,0.9563318777292577,0.00231401819378806,True,150528,2390,3414
mediapipe-efficientnet-lite0-int8,121/d12a61786c7dc7448751148ef9ec845641c084bd.jpeg,121,121,909,722,False,False,True,True,0.26495726495726496,0.7350427350427351,0.21302005310355876,True,150528,29777,6694
mediapipe-efficientnet-lite0-int8,122/2409c810f410a44e68a07f4539e99fa1de1fa008.jpeg,122,122,123,581,False,False,True,False,0.47435897435897434,0.11917098445595854,0.6743280282942441,True,150528,109681,424
mediapipe-efficientnet-lite0-int8,123/95098efda1796d215fd8b92f0cf355d0ad55517e.jpeg,123,123,123,123,True,True,True,True,0.96,0.9367088607594937,0.006338892124632604,True,150528,7458,350
mediapipe-efficientnet-lite0-int8,124/d0de1a657fabd2b2a3d87ab8ec5dcfb2860e7c86.jpeg,124,124,124,314,True,False,True,False,0.5344827586206896,0.3904761904761905,0.5436819705078164,True,150528,67394,3539
mediapipe-efficientnet-lite0-int8,125/2c01587c1eff66904d251f0e93fe071f900897a3.jpeg,125,125,77,616,False,False,False,False,0.046242774566473986,0.1092896174863388,0.3665584567015304,True,150528,56236,5
mediapipe-efficientnet-lite0-int8,126/1f93c964576ecdbd82a12143c847c0928060de27.jpeg,126,126,126,126,True,True,True,True,0.9921568627450981,0.7751004016064257,0.07478311808699817,True,150528,5174,91913
mediapipe-efficientnet-lite0-int8,127/b3b70882698594f5c2ebe51fe6eafa9d1b8666c8.jpeg,127,127,127,127,True,True,True,True,0.8431372549019608,0.6405529953917051,0.041941292654702624,True,150528,23777,23441
mediapipe-efficientnet-lite0-int8,128/1638edbe0310ffcb21f50c28b452c69c4b4f66ad.jpeg,128,128,128,128,True,True,True,True,0.8909090909090909,0.9707112970711297,0.01549523164589087,True,150528,4906,1639
mediapipe-efficientnet-lite0-int8,129/d47cb9dad8e48f028b552bc675e568da40696e6f.jpeg,129,129,129,129,True,True,True,True,0.9558232931726908,0.9469387755102041,0.0031042753634899895,True,150528,39316,1501
mediapipe-efficientnet-lite0-int8,13/946014b676e6f5dc1b0b3d581192da9bd368673e.jpeg,13,13,13,13,True,True,True,True,0.7798165137614679,0.7605633802816901,0.0048971908959654226,True,150528,4615,619
mediapipe-efficientnet-lite0-int8,130/28f90ae2dc3e68d5b1ae5119ba7ec5a593be50f9.jpeg,130,130,130,130,True,True,True,True,0.6162162162162163,0.7714285714285715,0.021693810019710765,True,150528,12594,18522
mediapipe-efficientnet-lite0-int8,131/ddb2b0ecd56138f8dab6657d3e7b1c457313fa74.jpeg,131,131,131,131,True,True,True,True,0.9346938775510204,0.8303571428571429,0.017873367386361864,True,150528,4348,36089
mediapipe-efficientnet-lite0-int8,132/31db0fa6f185274f931513e51e834e90ed796945.jpeg,132,132,99,99,False,False,False,False,0.6523809523809524,0.2602040816326531,0.17047054812323345,True,150528,1526,0
mediapipe-efficientnet-lite0-int8,133/dcd75c4970301dc043f0f888be3fb04ae41c9fb6.jpeg,133,133,21,21,False,False,False,True,0.3037383177570093,0.26291079812206575,0.08715636961326591,True,150528,26484,1044
mediapipe-efficientnet-lite0-int8,134/c5af3b5abb9f5c31944f5f39e38086bdbe8ef44d.jpeg,134,134,134,134,True,True,True,True,0.9713114754098361,0.991869918699187,0.006090345402137841,True,150528,16207,15301
mediapipe-efficientnet-lite0-int8,135/2ccf0f9665d1ad953fa0af58cf610c3c1cbc39ff.jpeg,135,135,22,144,False,False,False,False,0.13612565445026178,0.4292682926829268,0.1445675310488684,True,150528,22773,761
mediapipe-efficientnet-lite0-int8,136/7ed66c931d625bdbf7a788f70b03eb66e35fa8a9.jpeg,136,136,136,136,True,True,True,True,0.9449152542372882,0.9217391304347826,0.007397677332987488,True,150528,21118,11664
mediapipe-efficientnet-lite0-int8,137/70e777d984c77b821bd9d204739c04a98ccc8764.jpeg,137,137,137,137,True,True,True,True,0.9835390946502057,0.967741935483871,0.0024076582414136703,True,150528,9052,419
mediapipe-efficientnet-lite0-int8,138/7f58cf59e979effabeebc699413da89b937ae875.jpeg,138,138,138,138,True,True,True,True,0.9173553719008265,0.963265306122449,0.006335495399323395,True,150528,11560,918
mediapipe-efficientnet-lite0-int8,139/d32067e5329ea628f0ffe239c779a3bf0d4a1e7c.jpeg,139,139,139,139,True,True,True,True,1.0,1.0,0.0,True,150528,26356,592
mediapipe-efficientnet-lite0-int8,14/a9592ee1a685242768baba050e725e88e0cfcae2.jpeg,14,14,419,761,False,False,False,False,0.22685185185185186,0.2523809523809524,0.1672606604225338,True,150528,31553,17832
mediapipe-efficientnet-lite0-int8,140/6bf82b9275c08cf88d965947c3b59d8681b3ac8d.jpeg,140,140,137,137,False,False,True,True,0.6363636363636364,0.532,0.007995713759554369,True,150528,3916,265
mediapipe-efficientnet-lite0-int8,141/7a3f823122c44ab1b50dd61567f881ccf685d059.jpeg,141,141,141,141,True,True,True,True,0.7119341563786008,0.8755020080321285,0.05396285428532366,True,150528,385,124196
mediapipe-efficientnet-lite0-int8,142/707d094d8832d579f7138ab56300ae6603ccec88.jpeg,142,142,142,142,True,True,True,True,0.9105691056910569,0.45934959349593496,0.1796951527568741,True,150528,15152,13
mediapipe-efficientnet-lite0-int8,143/2ff33f4c524997c0f6394c366dcb4b7279da7d4d.jpeg,143,143,143,146,True,False,True,True,0.6381909547738693,0.4195121951219512,0.18137094529615078,True,150528,2745,2281
mediapipe-efficientnet-lite0-int8,144/a3632c5596046dd7350dd3bcc2407c17bfc3b722.jpeg,144,144,144,144,True,True,True,True,0.8461538461538461,0.9304347826086956,0.010307585591531925,True,150528,1305,2375
mediapipe-efficientnet-lite0-int8,145/1126d88701772ef7c2d2562eb9dec082b487e14a.jpeg,145,145,145,145,True,True,True,True,1.0,0.8038277511961722,0.07333227991997632,True,150528,48151,22404
mediapipe-efficientnet-lite0-int8,146/f0f3b5c2859acc9e057f490367a52509bacfd323.jpeg,146,146,146,146,True,True,True,True,1.0,0.9960629921259843,0.0013664042804985524,True,150528,6466,1709
mediapipe-efficientnet-lite0-int8,147/e9f87efa94177d023d2f700a60d94f7bad760312.jpeg,147,147,147,147,True,True,True,True,0.6147186147186147,0.39819004524886875,0.07215217814979005,True,150528,10665,10
mediapipe-efficientnet-lite0-int8,148/dee927dc5d568a0f5ef84e1bca65e5df4d67d729.jpeg,148,148,148,148,True,True,True,True,0.9878048780487805,0.8986784140969163,0.025690608227463135,True,150528,14402,0
mediapipe-efficientnet-lite0-int8,149/cdf72431e6d3d26c6802b7dcfe276eb36f3d1874.jpeg,149,149,149,149,True,True,True,True,0.9094827586206896,0.31343283582089554,0.23380756397608482,True,150528,38479,12622
mediapipe-efficientnet-lite0-int8,15/50c9fbd306bf245e0525bb4b630ad41b1d367bdd.jpeg,15,15,15,15,True,True,True,True,0.5885167464114832,0.2835820895522388,0.09396911082396185,True,150528,17706,4794
mediapipe-efficientnet-lite0-int8,150/c72ac3a454460fa1978f470858eeb4afd6708b7a.jpeg,150,150,2,3,False,False,True,True,0.4117647058823529,0.32978723404255317,0.11101416368513894,True,150528,41683,8475
mediapipe-efficientnet-lite0-int8,151/84ef9bbd0081428e5d4670724fff7605edf664cd.jpeg,151,151,151,151,True,True,True,True,0.9601593625498008,0.8174273858921162,0.039777573963891824,True,150528,67201,16953
mediapipe-efficientnet-lite0-int8,152/c108561312f348b39bfb98af5f83932cd66fe847.jpeg,152,152,155,155,False,False,True,True,0.6296296296296297,0.7162162162162162,0.03599923566276009,True,150528,47910,5287
mediapipe-efficientnet-lite0-int8,153/46c568fea961425ba8f834fc0d3a049a6209a2ad.jpeg,153,153,153,153,True,True,True,True,0.6403508771929824,0.6044444444444445,0.05860560488256382,True,150528,3103,57518
mediapipe-efficientnet-lite0-int8,154/592d63df6e347d5d65fc0cf6faaaf8eccb0eddaf.jpeg,154,154,157,157,False,False,True,False,0.3688888888888889,0.18518518518518517,0.3457336781464764,True,150528,95605,26110
mediapipe-efficientnet-lite0-int8,155/de77a652fda4e7e6364f385c67915d57cf52c443.jpeg,155,155,155,155,True,True,True,True,0.8087649402390438,0.8373015873015873,0.0007121376471628084,True,150528,63495,0
mediapipe-efficientnet-lite0-int8,156/03986d0c8148d92fac967529ac8d294d64455274.jpeg,156,156,156,156,True,True,True,True,0.963855421686747,0.8388429752066116,0.034077483756412716,True,150528,29735,7364
mediapipe-efficientnet-lite0-int8,157/476372a5d3050de09f8eb13c0e4f5d05f1b62f42.jpeg,157,157,157,157,True,True,True,True,0.9253112033195021,0.9357429718875502,0.0037215540966972064,True,150528,47472,16458
mediapipe-efficientnet-lite0-int8,158/0d91ee11f7e2240ee6094aa302f79b63a9c67b03.jpeg,158,158,158,158,True,True,True,True,0.8205128205128205,0.597457627118644,0.0541400431574131,True,150528,37984,9032
mediapipe-efficientnet-lite0-int8,159/44abc42dbe14af3113295b63ab42e3611c556007.jpeg,159,159,882,882,False,False,False,False,0.12037037037037036,0.19523809523809524,0.26956975347203893,True,150528,29493,13080
mediapipe-efficientnet-lite0-int8,16/c53a1918a213ce519d80f81095e5fb97f9dfe04e.jpeg,16,16,16,16,True,True,True,True,0.6018518518518519,0.8073394495412844,0.055768187318654225,True,150528,11965,37
mediapipe-efficientnet-lite0-int8,160/9f5cf01e6875ff69ba237160d611a48e30c82287.jpeg,160,160,160,160,True,True,True,True,0.9840637450199203,0.12154696132596685,0.48189170230550626,True,150528,49222,11493
mediapipe-efficientnet-lite0-int8,161/6e1fab30b09dc163c262211cebb4a1ff553c2af3.jpeg,161,161,207,176,False,False,False,False,0.23369565217391305,0.14814814814814814,0.11401639304031819,True,150528,4999,10028
mediapipe-efficientnet-lite0-int8,162/50b04f5ba570fe87a8349a4c17aed7cf7516bfda.jpeg,162,162,162,162,True,True,True,True,0.8536585365853658,0.8744939271255061,0.01590583561340198,True,150528,19078,15661
mediapipe-efficientnet-lite0-int8,163/eb0a0884adcf9f11ad6221701827ae5992bccc73.jpeg,163,163,501,819,False,False,False,False,0.12138728323699421,0.09523809523809523,0.37571654412421707,True,150528,70174,9998
mediapipe-efficientnet-lite0-int8,164/cdb776877398ad2922f920f377e7052118f806f9.jpeg,164,164,562,706,False,False,False,False,0.39805825242718446,0.3691588785046729,0.20876674049708546,True,150528,21199,14934
mediapipe-efficientnet-lite0-int8,165/554efdb498d0ee7930163ae2ee8a81306152e344.jpeg,165,165,236,234,False,False,True,True,0.38288288288288286,0.4425531914893617,0.053851699508345084,True,150528,25531,20981
mediapipe-efficientnet-lite0-int8,166/26cafbfdd5207fd991a77bb5c0f00bf812fa7411.jpeg,166,166,166,162,True,False,True,True,0.42857142857142855,0.7066115702479339,0.11616667420584745,True,150528,33511,13278
mediapipe-efficientnet-lite0-int8,167/35634544f0449ea236ca32153db6b579ab7bee88.jpeg,167,167,166,161,False,False,True,True,0.3877551020408163,0.3601694915254237,0.12240051610209059,True,150528,21726,2942
mediapipe-efficientnet-lite0-int8,168/689830e1c863f7209dbc445a3ced70158045abef.jpeg,168,168,168,207,True,False,True,False,0.5982532751091703,0.16574585635359115,0.44263237439561737,True,150528,40987,2291
mediapipe-efficientnet-lite0-int8,169/9946062d5b83e2fd25cd10b37888522af38b5c6f.jpeg,169,169,212,185,False,False,False,False,0.3008849557522124,0.3619047619047619,0.31725274255788694,True,150528,28500,8389
mediapipe-efficientnet-lite0-int8,17/2031b42706310d9c2a96184a43047375067bf4fb.jpeg,17,17,18,96,False,False,True,False,0.6861702127659575,0.29523809523809524,0.27300742920156074,True,150528,23454,959
mediapipe-efficientnet-lite0-int8,170/f5f8faae3d42faaffa744399ec213ab722232e4b.jpeg,170,170,177,177,False,False,True,True,0.654320987654321,0.907258064516129,0.05970589463839083,True,150528,4173,3315
mediapipe-efficientnet-lite0-int8,171/089267cc10024a9db2aedc87180d5cc00a3be430.jpeg,171,171,151,151,False,False,True,True,0.49214659685863876,0.5283018867924528,0.06422397613277567,True,150528,43892,6238
mediapipe-efficientnet-lite0-int8,172/6c488263e6f958df5d54b2750311b4088a675261.jpeg,172,172,172,173,True,False,True,True,0.37662337662337664,0.39461883408071746,0.03171180119992086,True,150528,20469,243
mediapipe-efficientnet-lite0-int8,173/b3d550f8569724f91e84fa10496ebc1964e94a6d.jpeg,173,173,173,171,True,False,True,True,0.7131147540983607,0.4393305439330544,0.13062744674987098,True,150528,5647,12585
mediapipe-efficientnet-lite0-int8,174/08cd1de45d74e5e771ed2c20feffa2513f6264bf.jpeg,174,174,230,231,False,False,False,False,0.29292929292929293,0.3033175355450237,0.08971541404679645,True,150528,29494,2878
mediapipe-efficientnet-lite0-int8,175/ce78c0289f60d3274f625b717a562f619496a9bf.jpeg,175,175,175,175,True,True,True,True,0.9881889763779528,0.97165991902834,0.005648548296926414,True,150528,28288,3890
mediapipe-efficientnet-lite0-int8,176/54f15a61b9290ea8170654a0d1b4eeed67c3898b.jpeg,176,176,172,172,False,False,True,True,0.5102040816326531,0.48,0.019339976444760737,True,150528,6175,976
mediapipe-efficientnet-lite0-int8,177/8939ddd20cd8142e7d7c114a92f0394a4c4a4c5b.jpeg,177,177,170,355,False,False,True,False,0.20095693779904306,0.4622222222222222,0.4797169713963708,True,150528,72745,3899
mediapipe-efficientnet-lite0-int8,178/c924b2e9fd078b049d9bccd3d3287dad8c87e2a9.jpeg,178,178,343,205,False,False,False,False,0.17307692307692307,0.2242152466367713,0.15757271582914417,True,150528,8398,171
mediapipe-efficientnet-lite0-int8,179/084da846dc08c8753ef4f23f389fb6612896f22c.jpeg,179,179,243,246,False,False,False,False,0.24778761061946902,0.26146788990825687,0.10726681137419822,True,150528,18012,11769
mediapipe-efficientnet-lite0-int8,18/a8c004e8e5657dd6da1072c447d282e62c19652b.jpeg,18,18,18,18,True,True,True,True,0.9353448275862069,0.8246445497630331,0.022635623569996346,True,150528,22294,1643
mediapipe-efficientnet-lite0-int8,180/24c9c7d0428a79b4cabf4a9dc810bc91358c06e4.jpeg,180,180,180,292,True,False,True,False,0.13366336633663367,0.06701030927835051,0.3724760285996619,True,150528,60051,14002
mediapipe-efficientnet-lite0-int8,181/2bbf2033025480c30bc5046256eaabcdc83c4e47.jpeg,181,181,266,266,False,False,True,True,0.45901639344262296,0.5178571428571429,0.04954609575739156,True,150528,39694,37
mediapipe-efficientnet-lite0-int8,182/de2d46b31db242e3248f48c1e9f63229cadf69e5.jpeg,182,182,188,188,False,False,True,False,0.42152466367713004,0.24019607843137256,0.1591803868249611,True,150528,23454,3948
mediapipe-efficientnet-lite0-int8,183/559bcca41d50d4c4ca529dd776d996002b02ccb6.jpeg,183,183,183,183,True,True,True,True,0.9959677419354839,0.9708333333333333,0.011586172976321165,True,150528,21112,0
mediapipe-efficientnet-lite0-int8,184/59142dccecc86a948346fbe0f39aa5f14345abb4.jpeg,184,184,184,184,True,True,True,True,0.8775510204081632,0.7758620689655172,0.017848677136661432,True,150528,7026,16286
mediapipe-efficientnet-lite0-int8,185/f36a79abad6b5fb697c3ca7c6022f646bad20d07.jpeg,185,185,185,185,True,True,True,True,0.8270042194092827,0.22346368715083798,0.23238624475039665,True,150528,17141,30886
mediapipe-efficientnet-lite0-int8,186/bf2fcb3411c43a218ecc7cc9b7537f55da7c9fa1.jpeg,186,186,186,185,True,False,True,True,0.5802469135802469,0.586046511627907,0.09056536123178431,True,150528,47777,10125
mediapipe-efficientnet-lite0-int8,187/7a70e19ac92488a842dc3366fa2f0eaa16699f4a.jpeg,187,187,187,556,True,False,True,True,0.8103448275862069,0.2916666666666667,0.4746359974801783,True,150528,101483,1848
mediapipe-efficientnet-lite0-int8,188/6585556a5f8ea8c3a35f5c0e7d0bb9a8b5a87167.jpeg,188,188,188,188,True,True,True,True,0.5392670157068062,0.4666666666666667,0.036950945812621,True,150528,23039,28707
mediapipe-efficientnet-lite0-int8,189/e18bad6f63f1a838d2a710ddd4201037258b8853.jpeg,189,189,186,186,False,False,False,False,0.5404255319148936,0.22790697674418606,0.10577229128699953,True,150528,9959,19202
mediapipe-efficientnet-lite0-int8,19/421b1c1b50d32290369799527de35e48340ec904.jpeg,19,19,364,776,False,False,False,False,0.1848341232227488,0.2681564245810056,0.3718367493421849,True,150528,67744,841
mediapipe-efficientnet-lite0-int8,190/4f032c7b4573d33ee4978b743a2989fb1fb32241.jpeg,190,190,202,190,False,True,True,True,0.18579234972677597,0.5650224215246636,0.1473886071439382,True,150528,34132,12008
mediapipe-efficientnet-lite0-int8,191/475ad0324d667b20ea74bb562dfe9bbda4e2e32e.jpeg,191,191,706,706,False,False,False,False,0.9372384937238494,0.7923728813559322,0.04576002531956007,True,150528,49516,15493
mediapipe-efficientnet-lite0-int8,192/f1978226b4f13a5ef01a8cbd3b2f5686e00ae66e.jpeg,192,192,295,295,False,False,False,False,0.8173913043478261,0.45023696682464454,0.13289894230323257,True,150528,3963,1545
mediapipe-efficientnet-lite0-int8,193/014f123c959ad566a27a8a0cf3c2936e23e65134.jpeg,193,193,187,187,False,False,False,False,0.5252100840336135,0.860655737704918,0.12282708623265698,True,150528,72033,17627
mediapipe-efficientnet-lite0-int8,194/e46d14702fbe0076ca28a1a9b1ce2c22805fc4b0.jpeg,194,194,190,190,False,False,True,True,0.7833333333333333,0.4177215189873418,0.10271133326880227,True,150528,10434,3120
mediapipe-efficientnet-lite0-int8,195/c3aa177ceeb5a22bd6fb92b59c7601208857a473.jpeg,195,195,195,195,True,True,True,True,0.9041666666666667,0.5826086956521739,0.1306053599122551,True,150528,51575,4092
mediapipe-efficientnet-lite0-int8,196/ec4f92d119cc8df26388a176cdd8364cd5119b81.jpeg,196,196,191,233,False,False,False,True,0.06278026905829596,0.05660377358490566,0.2023139318692906,True,150528,6608,32946
mediapipe-efficientnet-lite0-int8,197/cc399d05a461fc9e133ffc6fae9b8738b4f2dfcf.jpeg,197,197,197,223,True,False,True,False,0.22772277227722773,0.13875598086124402,0.4120311484707796,True,150528,77141,259
mediapipe-efficientnet-lite0-int8,198/0f23b5d6942224ea4958ba5e33aa707dbcc3bad2.jpeg,198,198,262,205,False,False,True,False,0.2916666666666667,0.3412322274881517,0.10618560848084779,True,150528,38709,2697
mediapipe-efficientnet-lite0-int8,199/a0ea7a053534d72ca9f505a9046672d37a3edd82.jpeg,199,199,203,192,False,False,True,False,0.49074074074074076,0.3456221198156682,0.15843973849306814,True,150528,44250,5141
mediapipe-efficientnet-lite0-int8,2/a3fe31aa50209bf1384d1cdd28812684621fdc05.jpeg,2,2,2,2,True,True,True,True,0.98,0.9722222222222222,0.003239834308746815,True,150528,16032,2315
mediapipe-efficientnet-lite0-int8,20/d5458f41fd43bf68a02a4483dd5469c3ded13c05.jpeg,20,20,20,20,True,True,True,True,0.6340425531914894,0.34934497816593885,0.09696575174472083,True,150528,32119,6080
mediapipe-efficientnet-lite0-int8,200/edf3fa35a55f034072a85f491a95e4077da0eae1.jpeg,200,200,200,200,True,True,True,True,0.7420814479638009,0.6266666666666667,0.03507485496062367,True,150528,15678,23756
mediapipe-efficientnet-lite0-int8,201/9ef5172b0440cc6157bb4ec377c5b8755c85ff77.jpeg,201,201,185,185,False,False,False,False,0.6169154228855721,0.8504273504273504,0.07264480175351673,True,150528,14376,22301
mediapipe-efficientnet-lite0-int8,202/ee14c08efce18f03ee89ffa097ade07f28c31cf9.jpeg,202,202,202,266,True,False,True,True,0.47540983606557374,0.2556053811659193,0.235449556767024,True,150528,33223,3104
mediapipe-efficientnet-lite0-int8,203/fd914345cccbbbf50a7c0e096cb8c5f874e9bcba.jpeg,203,203,203,203,True,True,True,True,0.5799086757990868,0.7110091743119266,0.03481163721256413,True,150528,818,75165
mediapipe-efficientnet-lite0-int8,204/a4a8b359df209f5e1f86759d5e7904300932e04b.jpeg,204,204,968,504,False,False,False,False,0.763265306122449,0.3561643835616438,0.12868452155355392,True,150528,35107,2917
mediapipe-efficientnet-lite0-int8,205/194ab2af3f5802ad12e1f4327d598743b01489c0.jpeg,205,205,256,256,False,False,True,True,0.6556016597510373,0.5520361990950227,0.07818670645215509,True,150528,41806,17054
mediapipe-efficientnet-lite0-int8,206/9d074b7f88bedbbcd6c1512d85e59c6889c5bed6.jpeg,206,206,206,205,True,False,True,True,0.875,0.7974683544303798,0.44850593670781846,True,150528,42103,13578
mediapipe-efficientnet-lite0-int8,207/d517157318be90dc4db0b5ae234c2225f276cea9.jpeg,207,207,213,220,False,False,True,True,0.4484304932735426,0.3232758620689655,0.07181916683333302,True,150528,53965,4013
mediapipe-efficientnet-lite0-int8,208/d41c4584203e4822e0ceb88cb61f6be17657da34.jpeg,208,208,676,676,False,False,True,True,0.3222748815165877,0.5402843601895735,0.23180457271512228,True,150528,61674,3507
mediapipe-efficientnet-lite0-int8,209/7f7440bf6c6358709f7a6a6d4c57ff8ac21b91c5.jpeg,209,209,209,209,True,True,True,True,0.9762845849802372,0.4533898305084746,0.21760015896948565,True,150528,21795,2834
mediapipe-efficientnet-lite0-int8,21/ac2c656fc39dc3b7e4222ce044ac55ff6741494c.jpeg,21,21,21,21,True,True,True,True,0.6190476190476191,0.3961352657004831,0.05456017286692007,True,150528,25368,1198
mediapipe-efficientnet-lite0-int8,210/e796c635a7eb660acb5847ee7a279febf36f631d.jpeg,210,210,206,998,False,False,False,False,0.18316831683168316,0.5876777251184834,0.40661526514297824,True,150528,54033,12509
mediapipe-efficientnet-lite0-int8,211/917045b03dcf2ce7d95b583c2fb05ed8b36ebfc3.jpeg,211,211,211,168,True,False,True,True,0.42105263157894735,0.1895734597156398,0.13402535773702107,True,150528,1614,49
mediapipe-efficientnet-lite0-int8,212/4d9837a37ed6e12dc21f5234df93ed6c9355183c.jpeg,212,212,212,219,True,False,True,True,0.6283185840707964,0.365296803652968,0.09479436731056828,True,150528,19598,2659
mediapipe-efficientnet-lite0-int8,213/97ad643c56cdbc8d5f215e504a3a9d9143e59a06.jpeg,213,213,213,213,True,True,True,True,0.979757085020243,0.8916666666666667,0.02590026385489548,True,150528,0,29179
mediapipe-efficientnet-lite0-int8,214/d05db227cd75f599ea65a031f6740f1c98e042af.jpeg,214,214,205,205,False,False,True,True,0.45754716981132076,0.29767441860465116,0.04193302504305038,True,150528,13184,1574
mediapipe-efficientnet-lite0-int8,215/5e6b9b579d344137921a12c0f17778fb2c76f1aa.jpeg,215,215,239,239,False,False,False,True,0.5360824742268041,0.48223350253807107,0.05756258655139357,True,150528,25829,61171
mediapipe-efficientnet-lite0-int8,216/e58c3d10cd6d47a90d082f70867725349edcc81d.jpeg,216,216,216,216,True,True,True,True,0.99609375,0.9764705882352941,0.004270295664816737,True,150528,901,33609
mediapipe-efficientnet-lite0-int8,217/1a588c99012b93869f39632bface6f720a83ae37.jpeg,217,217,217,218,True,False,True,False,0.31223628691983124,0.31718061674008813,0.131693796657878,True,150528,54113,20420
mediapipe-efficientnet-lite0-int8,218/3e6d380d5bdedc883de255e293098425ac3a2282.jpeg,218,218,218,218,True,True,True,True,0.9367588932806324,0.9523809523809523,0.005783564889349365,True,150528,54048,28275
mediapipe-efficientnet-lite0-int8,219/da357cbf7df1f294eb2cecf62c26faad47c74216.jpeg,219,219,880,880,False,False,False,False,0.23809523809523808,0.18181818181818182,0.1878735848452203,True,150528,15473,41275
mediapipe-efficientnet-lite0-int8,22/21bcb021534969af5c3aa0703be97a974d19230a.jpeg,22,22,22,22,True,True,True,True,0.926829268292683,0.7710843373493976,0.04002545290084345,True,150528,26368,148
mediapipe-efficientnet-lite0-int8,220/3af10849e18049ca6c11909532d6e97fbc640781.jpeg,220,220,220,220,True,True,True,True,0.9017094017094017,0.4607329842931937,0.14127797429398495,True,150528,39195,662
mediapipe-efficientnet-lite0-int8,221/1b861d1f1baff93b2de744300a3fb0e41e62eaf4.jpeg,221,221,221,221,True,True,True,True,0.9549180327868853,0.8816326530612245,0.014460651210275661,True,150528,51920,14743
mediapipe-efficientnet-lite0-int8,222/b84065d54a541a97899c40f69365693375280839.jpeg,222,222,279,279,False,False,True,True,0.35046728971962615,0.4675925925925926,0.045188991390149084,True,150528,816,38
mediapipe-efficientnet-lite0-int8,223/583a80e52adc95acae5b7ade7c5d873952988170.jpeg,223,223,641,910,False,False,False,False,0.45132743362831856,0.5739130434782609,0.1961607084481825,True,150528,39511,13633
mediapipe-efficientnet-lite0-int8,224/3eec7fa7789d8bd3f249ecd9898b60a673c0ba21.jpeg,224,224,197,570,False,False,False,False,0.14207650273224043,0.0898876404494382,0.38144294389925126,True,150528,72055,17876
mediapipe-efficientnet-lite0-int8,225/3aa09cb49fe25f06335381315e466cc32ff8372e.jpeg,225,225,225,235,True,False,True,True,0.7851239669421488,0.4959677419354839,0.09014615720802449,True,150528,49511,8561
mediapipe-efficientnet-lite0-int8,226/9c3932d7d3d93cc5f70f52c6053024763befdec0.jpeg,226,226,186,186,False,False,True,True,0.26991150442477874,0.22272727272727272,0.04383627928873525,True,150528,13923,3931
mediapipe-efficientnet-lite0-int8,227/64e0c493312b4d7ffd39e45f9d2bf5b3d7673596.jpeg,227,227,197,206,False,False,True,True,0.27586206896551724,0.18840579710144928,0.2377153560326623,True,150528,36938,4763
mediapipe-efficientnet-lite0-int8,228/5da4848ba6101fc3ca7f651e0e609bfdd95b4633.jpeg,228,228,228,239,True,False,True,False,0.35570469798657717,0.21393034825870647,0.27644974914039944,True,150528,39416,9849
mediapipe-efficientnet-lite0-int8,229/4cb9939e4f18e1429e96e2f8edc2e09aeaa72294.jpeg,229,229,226,226,False,False,True,True,0.5787234042553191,0.29064039408866993,0.15408828883874098,True,150528,13257,18540
mediapipe-efficientnet-lite0-int8,23/c3188738a7bf0df4d2a693719681fabba4feb28d.jpeg,23,23,23,23,True,True,True,True,0.9529914529914529,0.9043478260869565,0.012655846533867263,True,150528,38706,346
mediapipe-efficientnet-lite0-int8,230/a451ba48a099daca43182662ee23c097a4aeee61.jpeg,230,230,230,230,True,True,True,True,0.8451882845188284,0.7,0.03362680717550671,True,150528,41366,934
mediapipe-efficientnet-lite0-int8,231/13972c2f94d6b15bba363452111127733ebddaa8.jpeg,231,231,232,232,False,False,True,True,0.8464730290456431,0.7777777777777778,0.05448251306240813,True,150528,32657,36679
mediapipe-efficientnet-lite0-int8,232/2013c7dee97ee68dce910506a4324d71830410cb.jpeg,232,232,232,217,True,False,True,True,0.5207373271889401,0.6146788990825688,0.27520666257040804,True,150528,33868,10357
mediapipe-efficientnet-lite0-int8,233/13c39a4abf6da100d0b9e01aca97be1f31c60228.jpeg,233,233,233,256,True,False,True,True,0.2916666666666667,0.4020618556701031,0.3908153879997358,True,150528,30689,8265
mediapipe-efficientnet-lite0-int8,234/c29636b5056faba194e5137103f6fdc6a87481c9.jpeg,234,234,234,234,True,True,True,True,0.5274261603375527,0.5673469387755102,0.1108616729186532,True,150528,46327,9075
mediapipe-efficientnet-lite0-int8,235/29f0419aa43448ac59a6ef4458af5e56f2126d46.jpeg,235,235,235,235,True,True,True,True,0.967741935483871,0.44534412955465585,0.2200574272887701,True,150528,11686,34110
mediapipe-efficientnet-lite0-int8,236/a6457cfdb62e8a80cc74512e26095e82b66009c5.jpeg,236,236,236,236,True,True,True,True,0.6593886462882096,0.3256880733944954,0.07385224568086873,True,150528,14963,10105
mediapipe-efficientnet-lite0-int8,237/e97a5ee6f289017f9137711f71b0d663c5474750.jpeg,237,237,237,237,True,True,True,True,0.8744939271255061,0.5874439461883408,0.09912520720974335,True,150528,60525,26080
mediapipe-efficientnet-lite0-int8,238/fda46695d758da09e2c4991993ee1c630676630f.jpeg,238,238,238,238,True,True,True,True,0.6055776892430279,0.6296296296296297,0.03108899470175735,True,150528,2396,2649
mediapipe-efficientnet-lite0-int8,239/54d6679483dbbbc8453a8c599dc4893d82d2f0a6.jpeg,239,239,239,156,True,False,True,True,0.5630630630630631,0.1471861471861472,0.3177557718797934,True,150528,53004,6303
mediapipe-efficientnet-lite0-int8,24/de38d352e5464981292bfa268803fae8be552181.jpeg,24,24,21,24,False,True,True,True,0.8073770491803278,0.4472573839662447,0.096835263339634,True,150528,10051,36236
mediapipe-efficientnet-lite0-int8,240/689cfc19c9305622a8910c247696cd72f31f5310.jpeg,240,240,240,240,True,True,True,True,0.44396551724137934,0.49193548387096775,0.013761730711589433,True,150528,45076,33740
mediapipe-efficientnet-lite0-int8,241/3d2dfb1b274fa1e7b0b6694ab09bad33413dc573.jpeg,241,241,240,264,False,False,True,False,0.36947791164658633,0.18686868686868688,0.35012039248988636,True,150528,72808,20082
mediapipe-efficientnet-lite0-int8,242/dac57612879f99644f938f0d24336ed25ef8dc23.jpeg,242,242,242,151,True,False,True,True,0.32460732984293195,0.24186046511627907,0.33833016843932195,True,150528,112770,4
mediapipe-efficientnet-lite0-int8,243/5114b1a4e6e462f6bdd7ea85fc3092bd7c40c601.jpeg,243,243,168,286,False,False,False,False,0.16818181818181818,0.09389671361502347,0.3529563098944531,True,150528,18831,281
mediapipe-efficientnet-lite0-int8,244/d8c25d4bb0c812c60028e65a58f3329f929bf93b.jpeg,244,244,207,244,False,True,True,True,0.20346320346320346,0.12272727272727273,0.13753010541796787,True,150528,3337,90398
mediapipe-efficientnet-lite0-int8,245/cd30f58f7dd9893ceb273b3188b7f4e76b0a5e0e.jpeg,245,245,245,245,True,True,True,True,0.9669421487603306,0.9840637450199203,0.005768758449843193,True,150528,35263,4941
mediapipe-efficientnet-lite0-int8,246/eac9c6666b0015f80091f6f1944f5cf7fcc8a393.jpeg,246,246,880,645,False,False,False,False,0.14285714285714285,0.529126213592233,0.29248581755545966,True,150528,43723,6990
mediapipe-efficientnet-lite0-int8,247/67ef527b5ce9938f813381eca0653f011555cc17.jpeg,247,247,247,247,True,True,True,True,0.4117647058823529,0.6053811659192825,0.060987047156053166,True,150528,47477,19452
mediapipe-efficientnet-lite0-int8,248/f0799f8c2da48119d2334cf40424c5db83725ab1.jpeg,248,248,232,232,False,False,False,False,0.5446428571428571,0.5189873417721519,0.016780319084958525,True,150528,21594,12348
mediapipe-efficientnet-lite0-int8,249/dc95481b50d98de9ccac0001ec65567e1a901227.jpeg,249,249,269,269,False,False,True,True,0.5258215962441315,0.6066350710900474,0.020340369073269405,True,150528,7109,946
mediapipe-efficientnet-lite0-int8,25/528d4dc4d6b540638b6399a8d800ace79f90a04d.jpeg,25,25,25,25,True,True,True,True,0.9192825112107623,0.9220183486238532,0.005298834394159591,True,150528,42488,1129
mediapipe-efficientnet-lite0-int8,250/6d1b6e493b987d4d91168bafbd1d18f3c586c815.jpeg,250,250,248,248,False,False,True,True,0.7092511013215859,0.5474137931034483,0.03127553348553867,True,150528,32874,22972
mediapipe-efficientnet-lite0-int8,251/3c7e1925bafa85e432aaf981dcb9c89994478073.jpeg,251,251,251,251,True,True,True,True,0.9823788546255506,0.9776785714285714,0.0015504138496796748,True,150528,12692,13892
mediapipe-efficientnet-lite0-int8,252/1117c8140419cbb2e3b1f3663aada69989ee0bac.jpeg,252,252,981,752,False,False,False,False,0.2722772277227723,0.23115577889447236,0.12096790004827374,True,150528,46663,38743
mediapipe-efficientnet-lite0-int8,253/a1768869b50f5056744f0b174cfc2cd67476fe97.jpeg,253,253,253,253,True,True,True,True,0.9214876033057852,0.9311740890688259,0.016342877236839012,True,150528,6933,4773
mediapipe-efficientnet-lite0-int8,254/6828eee65d432dc7e101938913dbaab0f8b61b39.jpeg,254,254,254,254,True,True,True,True,0.8898678414096917,0.47555555555555556,0.17940933334888767,True,150528,102029,3404
mediapipe-efficientnet-lite0-int8,255/b5484a3d0ae6dfc7938b0b7379bc68559dfc0b1b.jpeg,255,255,255,255,True,True,True,True,0.9595141700404858,0.65625,0.09486388894426342,True,150528,32134,3772
mediapipe-efficientnet-lite0-int8,256/526fc8f330753217bf0b665c91097b0c84e12d9c.jpeg,256,256,256,256,True,True,True,True,0.7892561983471075,0.9087301587301587,0.01928570617466802,True,150528,87541,3729
mediapipe-efficientnet-lite0-int8,257/da6cf6224dfdc364e4e146c14fae611db5b3aed6.jpeg,257,257,257,222,True,False,True,True,0.49795918367346936,0.5928853754940712,0.01360957951584239,True,150528,3461,10743
mediapipe-efficientnet-lite0-int8,258/7c993ea5d80ea7dbaeac4e3085ab8e7acdedee4c.jpeg,258,258,258,257,True,False,True,True,0.6869158878504673,0.30456852791878175,0.21441980253434767,True,150528,60766,25290
mediapipe-efficientnet-lite0-int8,259/96e9a8bf30118e014507831594be51522652f3a8.jpeg,259,259,105,368,False,False,False,False,0.12385321100917432,0.4482758620689655,0.35850475262351744,True,150528,32142,3988
mediapipe-efficientnet-lite0-int8,26/1d941f4fa4b9f6ab6b425af83ce3eabf634c9063.jpeg,26,26,26,26,True,True,True,True,0.49047619047619045,0.225130890052356,0.06580050678254501,True,150528,0,42
mediapipe-efficientnet-lite0-int8,260/7f4ba5272d242180c6e91f34d4e041598963edd3.jpeg,260,260,260,260,True,True,True,True,0.8293838862559242,0.3893805309734513,0.1645118806380309,True,150528,58926,2
mediapipe-efficientnet-lite0-int8,261/f6c68e7c65be35f932e0851184de4debe6fd50ed.jpeg,261,261,261,261,True,True,True,True,0.9352226720647774,0.8870967741935484,0.004286807832451121,True,150528,12984,29279
mediapipe-efficientnet-lite0-int8,262/34e651fb9c4dbb749c0739bc4bb4a93af9ce1c45.jpeg,262,262,795,166,False,False,False,False,0.38495575221238937,0.20754716981132076,0.46233705219224003,True,150528,2135,52443
mediapipe-efficientnet-lite0-int8,263/9bd4bfe3ba4352fe8023b46b332fc5add4b79223.jpeg,263,263,263,263,True,True,True,True,0.8825910931174089,0.9087301587301587,0.004446667729428699,True,150528,5522,9502
mediapipe-efficientnet-lite0-int8,264/048b8ae4f914244cec39e35c8d70f8c8544f296d.jpeg,264,264,263,263,False,False,True,True,0.7420634920634921,0.5975609756097561,0.036642152464601174,True,150528,29432,7768
mediapipe-efficientnet-lite0-int8,265/f84a9ff3fa664b67d44a8fbc80bf30475271df96.jpeg,265,265,265,265,True,True,True,True,0.8674698795180723,0.8221343873517787,0.005128727035658814,True,150528,4962,6050
mediapipe-efficientnet-lite0-int8,266/54049d16cb364f70632b26b889144b96ca07b7b7.jpeg,266,266,266,782,True,False,True,True,0.7351598173515982,0.11330049261083744,0.4863484511926938,True,150528,60223,5179
mediapipe-efficientnet-lite0-int8,267/f49de10ef89e294e1400b62ac3a8c88dd1eb7011.jpeg,267,267,267,850,True,False,True,True,0.3436123348017621,0.413953488372093,0.1849851118070509,True,150528,24925,4174
mediapipe-efficientnet-lite0-int8,268/95dc7f038895ccddb3abfa38440c5b16972e109d.jpeg,268,268,206,205,False,False,False,False,0.25888324873096447,0.7951807228915663,0.25217315761757947,True,150528,21242,27383
mediapipe-efficientnet-lite0-int8,269/fe33d08f50f786cbef2f2f7c4545c978052ee0c4.jpeg,269,269,272,272,False,False,True,False,0.4088888888888889,0.21338912133891214,0.09230798900748519,True,150528,19092,5
mediapipe-efficientnet-lite0-int8,27/3bf19ae6cec1bf4e08f9b84fc77058d51e9750d2.jpeg,27,27,27,27,True,True,True,True,0.9676113360323887,0.8450704225352113,0.03257852536758377,True,150528,32224,9500
mediapipe-efficientnet-lite0-int8,270/88fa81ccc3d41e9709683606499d89ef459a05c6.jpeg,270,270,270,270,True,True,True,True,0.8629032258064516,0.4377880184331797,0.13938417860677163,True,150528,1129,30089
mediapipe-efficientnet-lite0-int8,271/4559eb9220cc8f58156a3063e086b23a7c0718d1.jpeg,271,271,271,271,True,True,True,True,0.8911290322580645,0.5637860082304527,0.08945294578300406,True,150528,21685,18977
mediapipe-efficientnet-lite0-int8,272/bb42f50e57bf002b2f5027cfb005aa97b0bf8ef1.jpeg,272,272,272,272,True,True,True,True,0.7061224489795919,0.547085201793722,0.024926669765967014,True,150528,14771,3809
mediapipe-efficientnet-lite0-int8,273/ecb8c62631df65228b995824793652fe8454d90e.jpeg,273,273,273,273,True,True,True,True,0.8913043478260869,0.78125,0.01687323751831626,True,150528,42002,2166
mediapipe-efficientnet-lite0-int8,274/c791abbdf10b9768e49f66fdc3e0caafbdcaa357.jpeg,274,274,274,274,True,True,True,True,0.7951807228915663,0.7258064516129032,0.01163441235906003,True,150528,18236,8558
mediapipe-efficientnet-lite0-int8,275/7ab5eccc519ace0fe4e14b4d9bdc191bacf93ccf.jpeg,275,275,275,275,True,True,True,True,0.9921259842519685,0.9959514170040485,0.0003141876967203502,True,150528,12780,0
mediapipe-efficientnet-lite0-int8,276/2e5738340eabb12b3a0aebfcb677b7b6e35b4f5d.jpeg,276,276,276,276,True,True,True,True,0.992,0.9880478087649402,0.00019898809179333963,True,150528,5194,9391
mediapipe-efficientnet-lite0-int8,277/0093e1ea34a50478a06d838b928f226126dbc8f9.jpeg,277,277,277,280,True,False,True,True,0.4090909090909091,0.1963470319634703,0.1641231684384961,True,150528,28466,13836
mediapipe-efficientnet-lite0-int8,278/d2671adf494434076e06a7cb030a1c442e186376.jpeg,278,278,272,277,False,False,False,False,0.1650485436893204,0.17647058823529413,0.05533246836767374,True,150528,8175,2587
mediapipe-efficientnet-lite0-int8,279/fb17c5b85de1f8c5eaf477055fd2fa673ae6c90f.jpeg,279,279,279,279,True,True,True,True,0.7142857142857143,0.545045045045045,0.032854458158850436,True,150528,4824,7895
mediapipe-efficientnet-lite0-int8,28/0748fef4c886216ee5d48f952942c3006f173ece.jpeg,28,28,25,28,False,True,True,True,0.6460905349794238,0.5303643724696356,0.024678621629247006,True,150528,25398,14511
mediapipe-efficientnet-lite0-int8,280/def38297b856683577c514e9d1cfaed780d14f9b.jpeg,280,280,42,85,False,False,True,False,0.2995391705069124,0.1932367149758454,0.21014576474216273,True,150528,3920,733
mediapipe-efficientnet-lite0-int8,281/f034c4290715852c03e6b4b6c586b45d5e6ee312.jpeg,281,281,281,281,True,True,True,True,0.8535564853556485,0.8088888888888889,0.027474317995275818,True,150528,78720,10519
mediapipe-efficientnet-lite0-int8,282/f368614af9ea8e47e0cf0e7a40ef2d4ddfac58c5.jpeg,282,282,281,282,False,True,True,True,0.425531914893617,0.5619834710743802,0.032538129597133154,True,150528,34653,12
mediapipe-efficientnet-lite0-int8,283/d6da9d3963b3b00c82d62acd4763570b02197c9f.jpeg,283,283,283,782,True,False,True,True,0.45982142857142855,0.22522522522522523,0.2412043903286803,True,150528,18587,6619
mediapipe-efficientnet-lite0-int8,284/d7df634be61cb4ac299f9e96ec8f92674efbd967.jpeg,284,284,284,284,True,True,True,True,0.5114155251141552,0.7167381974248928,0.12951801931017223,True,150528,53788,28353
mediapipe-efficientnet-lite0-int8,285/ed3ae81abc1beee1bcd146248f3f98478b92dd2c.jpeg,285,285,285,285,True,True,True,True,0.9634146341463414,0.8333333333333334,0.035537826599870315,True,150528,10667,50405
mediapipe-efficientnet-lite0-int8,286/bcc1affb7e872810d8e162573b157e1693cd156d.jpeg,286,286,286,282,True,False,True,True,0.543010752688172,0.31666666666666665,0.2768922918275919,True,150528,28560,0
mediapipe-efficientnet-lite0-int8,287/63254c57cd25afd6ee11619058367ab19e2e4bcb.jpeg,287,287,287,287,True,True,True,True,0.8319672131147541,0.967741935483871,0.038193407911954004,True,150528,22730,15728
mediapipe-efficientnet-lite0-int8,288/f5d585f002c6de8a73d9d6eee89d42bae3d8c2c6.jpeg,288,288,289,289,False,False,True,True,0.9004149377593361,0.8373983739837398,0.007148007739955271,True,150528,25474,8891
mediapipe-efficientnet-lite0-int8,289/12bf80a79ea7626d9035ed53efcba1d690a6ea1d.jpeg,289,289,289,289,True,True,True,True,0.8888888888888888,0.7877551020408163,0.011094154152332572,True,150528,1527,17197
mediapipe-efficientnet-lite0-int8,29/daa4d8b97581a5ba1579ae05955105ebbe1cb6f2.jpeg,29,29,29,556,True,False,True,False,0.14534883720930233,0.06626506024096386,0.5535194642490215,True,150528,57633,9766
mediapipe-efficientnet-lite0-int8,290/2e0bf5e2fb61dd38ef745b121aa97dbbc20817ef.jpeg,290,290,290,290,True,True,True,True,0.943089430894309,0.9714285714285714,0.002498669878132809,True,150528,67208,5940
mediapipe-efficientnet-lite0-int8,291/1e4d4a90c6dd2ab513e0abc9968a8432c19453a4.jpeg,291,291,291,291,True,True,True,True,0.9109311740890689,0.717948717948718,0.03865423593819106,True,150528,4564,6
mediapipe-efficientnet-lite0-int8,292/d4261347f4c985460a4f08d609c3aebbabc5b5fc.jpeg,292,292,289,289,False,False,True,True,0.43005181347150256,0.3128205128205128,0.12104955354618505,True,150528,34946,729
mediapipe-efficientnet-lite0-int8,293/3c2621490744111b4b0e4c61a91b1ea4cb6be172.jpeg,293,293,293,289,True,False,True,True,0.6680672268907563,0.4291497975708502,0.0743508052445333,True,150528,45853,7835
mediapipe-efficientnet-lite0-int8,294/46daa3b5d22c9c204699b4ab2b03fdf277436420.jpeg,294,294,294,294,True,True,True,True,0.9880952380952381,0.9722222222222222,0.0024187277775708517,True,150528,42246,8700
mediapipe-efficientnet-lite0-int8,295/a88a4ea83934d8b0db397e760c17d7bef7a9f991.jpeg,295,295,295,295,True,True,True,True,0.996031746031746,0.18085106382978725,0.4375234873501633,True,150528,55427,2077
mediapipe-efficientnet-lite0-int8,296/6206a304b2e524ec7a47f375a847b72dbc7b9d12.jpeg,296,296,296,296,True,True,True,True,1.0,0.9840637450199203,0.005555085960166413,True,150528,1611,49105
mediapipe-efficientnet-lite0-int8,297/b5e1794723534b7762e19f72faa757eb0db02549.jpeg,297,297,297,369,True,False,True,True,0.6936170212765957,0.7112970711297071,0.3385813771718674,True,150528,55248,2316
mediapipe-efficientnet-lite0-int8,298/f41ade09e4124d3516e89d4b7bcf4e939084b1e1.jpeg,298,298,298,298,True,True,True,True,0.9798387096774194,0.9669421487603306,0.004849719361692309,True,150528,24372,1749
mediapipe-efficientnet-lite0-int8,299/8034ddc161f5b9badbc9e8e85ee5dbe7c565d8c5.jpeg,299,299,299,299,True,True,True,True,0.7782258064516129,0.7815126050420168,0.014727645486254434,True,150528,20922,7098
mediapipe-efficientnet-lite0-int8,3/3212002cf6d1a3b6de68c336416e7e506433922e.jpeg,3,3,3,3,True,True,True,True,0.7522123893805309,0.4690721649484536,0.058860301033968096,True,150528,31621,228
mediapipe-efficientnet-lite0-int8,30/c451b1f485510d91316ce89aa94a44eefdf82610.jpeg,30,30,30,30,True,True,True,True,0.8708333333333333,0.7920353982300885,0.006743965971298743,True,150528,18381,7229
mediapipe-efficientnet-lite0-int8,300/abffc2f00597144863219c640c03774c4c6f6c9d.jpeg,300,300,300,300,True,True,True,True,0.8487394957983193,0.9585062240663901,0.01988656077875434,True,150528,3650,2700
mediapipe-efficientnet-lite0-int8,301/edfbc31b540f68361dd75339386b4e7875d07870.jpeg,301,301,301,301,True,True,True,True,0.5836734693877551,0.575,0.0061398741330998645,True,150528,16760,830
mediapipe-efficientnet-lite0-int8,302/a1c3ce36994825422a1472016d0f7d6e5e3aebd5.jpeg,302,302,302,302,True,True,True,True,0.7946428571428571,0.84,0.020347026816159866,True,150528,20722,4936
mediapipe-efficientnet-lite0-int8,303/1f84d3c8a1981794ab79b1ee3a5847b8277c6439.jpeg,303,303,304,309,False,False,True,True,0.29906542056074764,0.22705314009661837,0.05803250734483072,True,150528,9090,13992
mediapipe-efficientnet-lite0-int8,304/714c0847cfa075da9d04184bb65a3678028e1f07.jpeg,304,304,304,302,True,False,True,True,0.636734693877551,0.4163265306122449,0.04849192761248858,True,150528,18491,2974
mediapipe-efficientnet-lite0-int8,305/22f8d7bb3d57319b1f7b445a76f91baf6bc051aa.jpeg,305,305,305,114,True,False,True,True,0.9669421487603306,0.1990521327014218,0.47402031414760604,True,150528,27236,1232
mediapipe-efficientnet-lite0-int8,306/c836ed56fb2a50c4377060bd2e69cba1bf6159f3.jpeg,306,306,306,306,True,True,True,True,0.9717741935483871,0.4262295081967213,0.23548127742717645,True,150528,18032,40793
mediapipe-efficientnet-lite0-int8,307/19580e48423210a4d4b731a94b605d1a5faf797c.jpeg,307,307,307,307,True,True,True,True,0.8995983935742972,0.9053497942386831,0.0027337728265780037,True,150528,16627,4961
mediapipe-efficientnet-lite0-int8,308/ea95304f108cb51c9084992eef5977fa01582c42.jpeg,308,308,308,308,True,True,True,True,0.9586776859504132,0.9755102040816327,0.0024967216394519184,True,150528,21289,3559
mediapipe-efficientnet-lite0-int8,309/8f9a477a786bc40dd80e0a7cc5eb3a71439f33db.jpeg,309,309,309,752,True,False,True,False,0.2826086956521739,0.1270718232044199,0.5448303407473449,True,150528,30804,11921
mediapipe-efficientnet-lite0-int8,31/57ea1dce28e800fc655b5df11ab9f5a9e4efe003.jpeg,31,31,31,31,True,True,True,True,0.9676113360323887,0.8943089430894309,0.01219390017006905,True,150528,42194,2959
mediapipe-efficientnet-lite0-int8,310/24a5c012e19475a130e90e025921edce6a068acc.jpeg,310,310,70,815,False,False,False,False,0.3623853211009174,0.4870689655172414,0.3484025737259086,True,150528,82005,9384
mediapipe-efficientnet-lite0-int8,311/428f55ea9a8402e7f0fffe2e5768719602df763b.jpeg,311,311,303,300,False,False,False,False,0.49333333333333335,0.3076923076923077,0.050623429776716564,True,150528,37736,14533
mediapipe-efficientnet-lite0-int8,312/7dc50401fa9b19fe5b33365e09cc9bd018fdda78.jpeg,312,312,311,311,False,False,True,True,0.4111111111111111,0.4175257731958763,0.03597551604265163,True,150528,19567,7166
mediapipe-efficientnet-lite0-int8,313/b408185876fc316af54dd2b2131f49fe6178ba8e.jpeg,313,313,313,313,True,True,True,True,0.9098712446351931,0.9308943089430894,0.010650716802546865,True,150528,54775,3892
mediapipe-efficientnet-lite0-int8,314/a5c46777b5f0102a0f0471299f8aa75db0f9af25.jpeg,314,314,677,60,False,False,False,False,0.18274111675126903,0.26285714285714284,0.35711822206658583,True,150528,33779,0
mediapipe-efficientnet-lite0-int8,315/1bc4185839c2f2f11b58db3f37767448b61e080e.jpeg,315,315,311,311,False,False,True,True,0.35353535353535354,0.2814070351758794,0.05015537916641749,True,150528,43814,2632
mediapipe-efficientnet-lite0-int8,316/53dfaacaad930ecbd6fc78812084f4618d601d33.jpeg,316,316,316,316,True,True,True,True,0.9918032786885246,0.9130434782608695,0.030866571662663468,True,150528,40529,7
mediapipe-efficientnet-lite0-int8,317/2418f5a2dccb48d5cf13e286f96a27ece34c1cd2.jpeg,317,317,626,626,False,False,True,True,0.19806763285024154,0.4207920792079208,0.23496874637094586,True,150528,120414,1633
mediapipe-efficientnet-lite0-int8,318/37238bcf0f32456190776b7471ef4b35fac1ade8.jpeg,318,318,632,906,False,False,False,False,0.16267942583732056,0.2087378640776699,0.26874440075920425,True,150528,36003,46908
mediapipe-efficientnet-lite0-int8,319/0b62c0b17d2b2e87d8bbcc84b70185e1e65aa05b.jpeg,319,319,319,319,True,True,True,True,0.9484126984126984,0.9407114624505929,0.0001653322039957604,True,150528,9764,43162
mediapipe-efficientnet-lite0-int8,32/df8f21199a853e6b608bb8c092939a097a9389e8.jpeg,32,32,30,290,False,False,True,True,0.48672566371681414,0.2687224669603524,0.3405132340899496,True,150528,107044,895
mediapipe-efficientnet-lite0-int8,320/4afc91a7d61c16dcabd0d67171d8ba3677bfb9b0.jpeg,320,320,320,320,True,True,True,True,0.8884297520661157,0.8911290322580645,0.00143551904268554,True,150528,1277,1350
mediapipe-efficientnet-lite0-int8,321/6eb34ed321e9f8aece67f3fb87bf522af0023baa.jpeg,321,321,321,321,True,True,True,True,0.9504132231404959,0.9074889867841409,0.01796963747095129,True,150528,40071,5680
mediapipe-efficientnet-lite0-int8,322/95b132c6bbb185104f90ff0b9cd1a4f3c10f3837.jpeg,322,322,322,322,True,True,True,True,0.9958333333333333,0.99581589958159,9.137193224865406e-09,True,150528,28029,1638
mediapipe-efficientnet-lite0-int8,323/3dc073e699456d84099355cf2aa0f242d6c00bb9.jpeg,323,323,323,885,True,False,True,True,0.9116279069767442,0.5093457943925234,0.27795044097984534,True,150528,47104,2950
mediapipe-efficientnet-lite0-int8,324/924ce7b6a897bacca789e6fce0d068f8e7b55113.jpeg,324,324,324,324,True,True,True,True,0.8318181818181818,0.9192825112107623,0.011885808651554338,True,150528,10899,1308
mediapipe-efficientnet-lite0-int8,325/561d1dbb717e278990682f294c4dbd093241ce05.jpeg,325,325,325,325,True,True,True,True,0.9959677419354839,0.9288702928870293,0.018893917674980644,True,150528,28556,3049
mediapipe-efficientnet-lite0-int8,326/c573b45faae6ed4a394d73ff8b192ca3981810cf.jpeg,326,326,326,326,True,True,True,True,0.9208333333333333,0.9588477366255144,0.00909123716135411,True,150528,46888,16132
mediapipe-efficientnet-lite0-int8,327/df464119bcbcc6e6f7fe0104d611278bbb34e8b0.jpeg,327,327,616,644,False,False,False,False,0.24867724867724866,0.10982658959537572,0.3361680827922191,True,150528,21899,0
mediapipe-efficientnet-lite0-int8,328/5455259549bbf0c3b2dc93d8e420fc707378a81b.jpeg,328,328,328,626,True,False,True,True,0.6462882096069869,0.09302325581395349,0.30838579242230457,True,150528,30393,17054
mediapipe-efficientnet-lite0-int8,329/886e472d8b8b327a52e2c2cbbfebdb1d27348764.jpeg,329,329,329,329,True,True,True,True,0.27722772277227725,0.20098039215686275,0.06637814121915978,True,150528,7359,11
mediapipe-efficientnet-lite0-int8,33/11ac0f8754d145a96c7c7dc3764f59aee575a5a5.jpeg,33,33,34,34,False,False,True,False,0.8471615720524017,0.1864406779661017,0.29785581525238675,True,150528,32107,0
mediapipe-efficientnet-lite0-int8,330/d8d48c3ca84f8c496634a10e693404173fd09293.jpeg,330,330,330,330,True,True,True,True,0.9549180327868853,0.9330543933054394,0.0011369199030015799,True,150528,1599,16262
mediapipe-efficientnet-lite0-int8,331/972ead59bfdc3ceb0a2a3dbda7a9ca5291b5b393.jpeg,331,331,989,989,False,False,False,False,0.5414634146341464,0.37823834196891193,0.09052326746605498,True,150528,16699,211
mediapipe-efficientnet-lite0-int8,332/51fec810e9949eaf485359f0c97d216ca86b2718.jpeg,332,332,332,332,True,True,True,True,0.9959839357429718,0.8874458874458875,0.035091955523785176,True,150528,25765,7
mediapipe-efficientnet-lite0-int8,333/84a89627e39d7eab5762b12a57036b8bd2f801e3.jpeg,333,333,333,359,True,False,True,True,0.34024896265560167,0.3702127659574468,0.05352897819196966,True,150528,33602,18611
mediapipe-efficientnet-lite0-int8,334/154c27cffeae429e2fd9b2b71a6bddfafb66ce23.jpeg,334,334,102,102,False,False,True,True,0.9960474308300395,0.9920634920634921,0.00034228727010040616,True,150528,26639,5384
mediapipe-efficientnet-lite0-int8,335/78a78f23dc34a7cb32ca7fc23970f1efa9ed9877.jpeg,335,335,335,335,True,True,True,True,0.38288288288288286,0.4872881355932203,0.07548180068498489,True,150528,6782,902
mediapipe-efficientnet-lite0-int8,336/9552e312a8074ec846740ae5a3754d385df2e04a.jpeg,336,336,336,336,True,True,True,True,0.8054298642533937,0.7913043478260869,0.0035024617451302922,True,150528,4953,1763
mediapipe-efficientnet-lite0-int8,337/a37dc7d2abec6bd46f57a9ad5f15d825d979da43.jpeg,337,337,337,337,True,True,True,True,0.956,0.9484126984126984,0.004900707205712352,True,150528,8450,19818
mediapipe-efficientnet-lite0-int8,338/04c4e65d359b180253714a16b27ab7bf587c3005.jpeg,338,338,338,338,True,True,True,True,0.9703389830508474,0.9838709677419355,0.009067503223474355,True,150528,99792,15119
mediapipe-efficientnet-lite0-int8,339/58dc0354344778e871026a0442842703afda03e6.jpeg,339,339,339,339,True,True,True,True,0.7937219730941704,0.8493723849372385,0.01983098458066785,True,150528,14918,12037
mediapipe-efficientnet-lite0-int8,34/d98f25ccb6605afbb8e2afc368d283efc97ab1f9.jpeg,34,34,34,34,True,True,True,True,0.7530364372469636,0.7165991902834008,0.0378430960948418,True,150528,39408,1616
mediapipe-efficientnet-lite0-int8,340/0fa4eb5a43ed21f79ea17629853234ab6d13702b.jpeg,340,340,849,849,False,False,False,True,0.23383084577114427,0.15343915343915343,0.1456550385115038,True,150528,63590,4019
mediapipe-efficientnet-lite0-int8,341/c463320685e25bff12399a3c1418e799fd7f4036.jpeg,341,341,343,341,False,True,True,True,0.7868852459016393,0.19597989949748743,0.5108010017617909,True,150528,67981,4316
mediapipe-efficientnet-lite0-int8,342/c0b5afd04516e9cc2b8ababec38247c3fe507b1f.jpeg,342,342,342,342,True,True,True,True,0.6842105263157895,0.6396396396396397,0.018399995495644965,True,150528,27841,4425
mediapipe-efficientnet-lite0-int8,343/d8312ff8f8b3bb9c580d9ceffbea0925dc048d62.jpeg,343,343,343,343,True,True,True,True,0.971830985915493,0.9060773480662984,0.01837933121221688,True,150528,8640,1539
mediapipe-efficientnet-lite0-int8,344/e60278f4cd2650664b436fa2ab07c2654245845f.jpeg,344,344,103,147,False,False,True,False,0.6638655462184874,0.11224489795918367,0.3501829364822324,True,150528,9798,3083
mediapipe-efficientnet-lite0-int8,345/1f74d7ea516752488792a0274558b4150d1f77dd.jpeg,345,345,880,880,False,False,False,False,0.5025641025641026,0.3155080213903743,0.17598310270694761,True,150528,57018,19629
mediapipe-efficientnet-lite0-int8,346/f54da1b6580026213a86a557b47d00e754c04ec6.jpeg,346,346,346,346,True,True,True,True,0.979757085020243,0.9880952380952381,0.0017728454915392942,True,150528,5477,95
mediapipe-efficientnet-lite0-int8,347/1dc11c28a8fdffc58a7bfcf9ded4da49b08cdf29.jpeg,347,347,347,347,True,True,True,True,0.984251968503937,0.7652173913043478,0.0745062502806481,True,150528,81320,19969
mediapipe-efficientnet-lite0-int8,348/5093a14897813e93de615c4f668c18ec9d64ab48.jpeg,348,348,348,348,True,True,True,True,0.9921259842519685,0.967741935483871,0.00405001506983072,True,150528,22888,15366
mediapipe-efficientnet-lite0-int8,349/9ed5576b0c22e81a40fd141cd1329329a4b78b7e.jpeg,349,349,348,349,False,True,True,True,0.4801587301587302,0.5976095617529881,0.010000767565642306,True,150528,22516,35370
mediapipe-efficientnet-lite0-int8,35/93dcf849975d9668f0b6bdf27eba7ea9c1c53fbd.jpeg,35,35,305,54,False,False,True,False,0.24644549763033174,0.22439024390243903,0.2963809076118074,True,150528,26565,780
mediapipe-efficientnet-lite0-int8,350/4ba6288d19e717312a0ca6479152a157d904a2f8.jpeg,350,350,350,350,True,True,True,True,0.9533898305084746,0.9464285714285714,0.0037217996411893824,True,150528,12281,30798
mediapipe-efficientnet-lite0-int8,351/2d38aab9bc21799eb31ef4fcce76e209e7a4947f.jpeg,351,351,351,351,True,True,True,True,0.42570281124497994,0.4798387096774194,0.031251249177802684,True,150528,3931,6622
mediapipe-efficientnet-lite0-int8,352/73bf6d3b4fb4985765fa507cf8a5de932455cfac.jpeg,352,352,352,352,True,True,True,True,0.6274509803921569,0.6024590163934426,0.0006596462838632622,True,150528,25854,88
mediapipe-efficientnet-lite0-int8,353/d8230477612d2e6e200697ddf2ad0c08a2f93d6d.jpeg,353,353,353,353,True,True,True,True,0.9879518072289156,0.9920948616600791,0.00021880294999641957,True,150528,2469,525
mediapipe-efficientnet-lite0-int8,354/10fabef46ca70d11994fe122b69bafac63877c09.jpeg,354,354,354,354,True,True,True,True,0.7831325301204819,0.5887096774193549,0.03094929272731503,True,150528,23086,4750
mediapipe-efficientnet-lite0-int8,355/e7a043a5f21776dd4105276a6a2793cd3e2f08f4.jpeg,355,355,355,355,True,True,True,True,0.9686274509803922,0.9604743083003953,0.0031924728270044294,True,150528,9703,1474
mediapipe-efficientnet-lite0-int8,356/da5e17c549e42f14b275e871578104a8718bf228.jpeg,356,356,356,356,True,True,True,True,0.9676113360323887,0.9201680672268907,0.025456111955464482,True,150528,66944,89
mediapipe-efficientnet-lite0-int8,357/df8903acbc9a3811fc797b1e28b3b64353f83994.jpeg,357,357,132,132,False,False,False,False,0.5267489711934157,0.4930875576036866,0.06346961329278522,True,150528,12958,3
mediapipe-efficientnet-lite0-int8,358/b1b04c08f6e9ddd23c46900cc25ee3762704facd.jpeg,358,358,358,358,True,True,True,True,0.8244897959183674,0.7478991596638656,0.020168013331185855,True,150528,45544,12683
mediapipe-efficientnet-lite0-int8,359/761c8a52e70c2ab30469e368eed60e342472a403.jpeg,359,359,284,338,False,False,False,False,0.12380952380952381,0.2300469483568075,0.39136950192128594,True,150528,20862,2858
mediapipe-efficientnet-lite0-int8,36/f6f7355798afc90573d1d61a2172f111eb3ceccb.jpeg,36,36,35,36,False,True,True,True,0.5120967741935484,0.5469387755102041,0.021237942731410997,True,150528,6,6878
mediapipe-efficientnet-lite0-int8,360/fe4ff2d87b77947c82223a02e47049ac0666f77a.jpeg,360,360,359,359,False,False,False,False,0.3951219512195122,0.37264150943396224,0.05263289415051775,True,150528,68566,7237
mediapipe-efficientnet-lite0-int8,361/0413d912b57ff280fe2600dd22504fb871b7a656.jpeg,361,361,361,361,True,True,True,True,0.9960474308300395,0.9879518072289156,0.0017543240362709511,True,150528,46839,0
mediapipe-efficientnet-lite0-int8,362/3db7ed46006333f3a43fb8030b34a85fd212a26d.jpeg,362,362,362,362,True,True,True,True,0.9958677685950413,0.9915966386554622,0.0003734978187513424,True,150528,11816,3863
mediapipe-efficientnet-lite0-int8,363/868f3c8c21086359fb42f4345e6839007bc21350.jpeg,363,363,363,50,True,False,True,True,0.9634146341463414,0.46938775510204084,0.4886372013427407,True,150528,50255,1314
mediapipe-efficientnet-lite0-int8,364/125303f517ec2eb9f5c0661c1a8ba12ef543f285.jpeg,364,364,364,364,True,True,True,True,0.8846153846153846,0.18446601941747573,0.3095574432192225,True,150528,47448,9899
mediapipe-efficientnet-lite0-int8,365/12fc803cad78b1f145f9b97f60d96139be6bceca.jpeg,365,365,365,365,True,True,True,True,0.7598039215686274,0.25668449197860965,0.3019002134687579,True,150528,60925,7
mediapipe-efficientnet-lite0-int8,366/82ba46edc3f704bbf10721346b73a052ea906f36.jpeg,366,366,366,720,True,False,True,False,0.1958762886597938,0.20725388601036268,0.3035557650534995,True,150528,96797,2040
mediapipe-efficientnet-lite0-int8,367/4350e157741f8df2a1193c78de0ff5aa0361756a.jpeg,367,367,297,357,False,False,True,False,0.15763546798029557,0.2537313432835821,0.11924554787957034,True,150528,26507,4384
mediapipe-efficientnet-lite0-int8,368/ec00e843be19cb5da410fedfcaae20f278b65190.jpeg,368,368,368,368,True,True,True,True,0.9960474308300395,0.9960629921259843,0.002734319072310413,True,150528,14001,28417
mediapipe-efficientnet-lite0-int8,369/5a49c869c1ad56378bae473b096dd5c2e24d5e3f.jpeg,369,369,369,796,True,False,True,False,0.6979591836734694,0.5909090909090909,0.5589777963595962,True,150528,45716,81621
mediapipe-efficientnet-lite0-int8,37/207df83484a716f079c18696817e2e75d648c98d.jpeg,37,37,37,37,True,True,True,True,0.952,0.9352226720647774,0.0006635801816654401,True,150528,11685,2359
mediapipe-efficientnet-lite0-int8,370/f4603db396353d99a52840da512a04c1f79b1fef.jpeg,370,370,370,370,True,True,True,True,0.8716814159292036,0.8722466960352423,0.0007684396343754187,True,150528,32461,7275
mediapipe-efficientnet-lite0-int8,371/9354e902baa8baecd8c8a462a4631b40bba14a28.jpeg,371,371,371,380,True,False,True,True,0.41201716738197425,0.645021645021645,0.14917130152569075,True,150528,53013,4154
mediapipe-efficientnet-lite0-int8,372/5943ef72be76a8af579581b45c47e9334c0f21c3.jpeg,372,372,372,372,True,True,True,True,0.9285714285714286,0.8411214953271028,0.025235258842511592,True,150528,7391,36593
mediapipe-efficientnet-lite0-int8,373/9634ecfbab3c17017386ce13c5c5688c2d99e067.jpeg,373,373,373,373,True,True,True,True,0.9723320158102767,0.9209486166007905,0.00893520961277203,True,150528,40383,6607
mediapipe-efficientnet-lite0-int8,374/149df4d0d4605d2ba17c8e6a185d53539c6e292e.jpeg,374,374,374,374,True,True,True,True,0.8341232227488151,0.9279661016949152,0.026134679241214966,True,150528,5826,33070
mediapipe-efficientnet-lite0-int8,375/144face4883b91504d1439c8b83480d42cf79f81.jpeg,375,375,375,375,True,True,True,True,0.7684210526315789,0.964,0.055408203555380814,True,150528,39196,12882
mediapipe-efficientnet-lite0-int8,376/f7ff4b91ddefa671e719a82ce1ac355e3864772d.jpeg,376,376,368,368,False,False,True,False,0.529126213592233,0.30927835051546393,0.21901473802813104,True,150528,53643,12342
mediapipe-efficientnet-lite0-int8,377/e315edbfef610272391c0e6c3816d63ccb911387.jpeg,377,377,616,616,False,False,False,False,0.215,0.36633663366336633,0.17619143964156328,True,150528,4854,1703
mediapipe-efficientnet-lite0-int8,378/35b304f162ddffb1f7afc7bd2dd0c9e6667d0914.jpeg,378,378,378,368,True,False,True,False,0.25118483412322273,0.2562814070351759,0.16811354968410824,True,150528,56842,3948
mediapipe-efficientnet-lite0-int8,379/d4ca54d85959b468a55767e47846db0c911d0ab7.jpeg,379,379,378,375,False,False,True,True,0.17857142857142858,0.3333333333333333,0.1518494436796266,True,150528,41804,12222
mediapipe-efficientnet-lite0-int8,38/38a2183b32b0a908e07fe8532f5494916dd0a0ca.jpeg,38,38,38,38,True,True,True,True,0.83,0.8067632850241546,0.014326156514599021,True,150528,1588,30176
mediapipe-efficientnet-lite0-int8,380/99382a3a409ac0340c1af8cd715259b870e2fe8e.jpeg,380,380,380,96,True,False,True,False,0.6833333333333333,0.14124293785310735,0.5502135979476359,True,150528,76219,842
mediapipe-efficientnet-lite0-int8,381/13b6a56d963c8169957c74374088b8dd56c9dc2a.jpeg,381,381,384,384,False,False,True,True,0.6694214876033058,0.2616033755274262,0.13268165102745516,True,150528,26581,10765
mediapipe-efficientnet-lite0-int8,382/33d7027f9340fed79d8b172f70feb92f75dc7d52.jpeg,382,382,382,382,True,True,True,True,0.8049792531120332,0.6180257510729614,0.05456144388957795,True,150528,133420,41
mediapipe-efficientnet-lite0-int8,383/200b54f6f90edb0e6164a19cc205ebda7c4deb86.jpeg,383,383,383,383,True,True,True,True,0.8137651821862348,0.9365079365079365,0.01915964419889877,True,150528,22687,13828
mediapipe-efficientnet-lite0-int8,384/55fe3f64514feb2b7029259ff387cc8abb7db09e.jpeg,384,384,384,384,True,True,True,True,0.9612068965517241,0.918552036199095,0.01785655313851425,True,150528,31223,14810
mediapipe-efficientnet-lite0-int8,385/83b7419c66969a1c1db0a820df6d692b7625a3b4.jpeg,385,385,385,385,True,True,True,True,0.5515873015873016,0.5185185185185185,0.07013681517041445,True,150528,43781,31402
mediapipe-efficientnet-lite0-int8,386/ec3267354ce4dda40ed0a58741e71078611c6763.jpeg,386,386,386,386,True,True,True,True,0.55,0.5586592178770949,0.09618664334893948,True,150528,34802,13455
mediapipe-efficientnet-lite0-int8,387/257c8f11269c253eacaddc92c6a3e9276bda128b.jpeg,387,387,387,387,True,True,True,True,0.9955947136563876,0.9872340425531915,0.0029590250077324923,True,150528,36650,310
mediapipe-efficientnet-lite0-int8,388/412b8dc34ab2c68d150f603fd1041ee65baf63a3.jpeg,388,388,388,355,True,False,True,True,0.7578947368421053,0.10404624277456648,0.38329019722041535,True,150528,38108,11038
mediapipe-efficientnet-lite0-int8,389/07b6b547cc9e027ee16bd49081c11cea230645ed.jpeg,389,389,389,389,True,True,True,True,0.37623762376237624,0.30198019801980197,0.020833896785497453,True,150528,6928,4585
mediapipe-efficientnet-lite0-int8,39/56821a11b432ccc0c32ecbe29fce61564874a98a.jpeg,39,39,42,42,False,False,True,True,0.8405172413793104,0.8268398268398268,0.006074529973402563,True,150528,26626,13814
mediapipe-efficientnet-lite0-int8,390/f7007c4dce7ce2496356a16d5186c3b54de4b4b1.jpeg,390,390,390,288,True,False,True,True,0.8275862068965517,0.375,0.3646986859868521,True,150528,118297,1
mediapipe-efficientnet-lite0-int8,391/6cbd55031ceb9ac705e948dc394e95963ce0d475.jpeg,391,391,422,753,False,False,False,False,0.18502202643171806,0.13333333333333333,0.1948421165141559,True,150528,5158,33624
mediapipe-efficientnet-lite0-int8,392/a3a35cabfda43e42b226ed47fd6600ecd3d06698.jpeg,392,392,392,392,True,True,True,True,0.9516129032258065,0.10982658959537572,0.463439822574506,True,150528,28032,4497
mediapipe-efficientnet-lite0-int8,393/338487a0cbb501c37dcb5f20fe6b11d902461f96.jpeg,393,393,815,556,False,False,False,False,0.12994350282485875,0.48258706467661694,0.42212557107188,True,150528,103480,711
mediapipe-efficientnet-lite0-int8,394/fe4495f17a70b6650f7b3d1a52dc027fb6fec2a2.jpeg,394,394,394,394,True,True,True,True,0.9755102040816327,0.9918032786885246,0.003549612561483937,True,150528,41621,7925
mediapipe-efficientnet-lite0-int8,395/2fd5321a4e1c935ed0ee1fe5ac703253781aaa65.jpeg,395,395,6,4,False,False,False,False,0.45217391304347826,0.32075471698113206,0.0585359959042837,True,150528,49718,111
mediapipe-efficientnet-lite0-int8,396/ff0ccf6c7ab3801b77b5eb77e32239ce1df47c30.jpeg,396,396,396,396,True,True,True,True,0.995575221238938,0.9378238341968912,0.018232642719584222,True,150528,38931,4624
mediapipe-efficientnet-lite0-int8,397/fb0ed322b1f0da769f6c5eb51dca111a79e552cf.jpeg,397,397,115,126,False,False,False,False,0.6485355648535565,0.25728155339805825,0.3997301280200813,True,150528,12380,9
mediapipe-efficientnet-lite0-int8,398/cac7c0f479028814d453cb0beb253f49dd831592.jpeg,398,398,398,398,True,True,True,True,0.9186602870813397,0.9363636363636364,0.01010326066159992,True,150528,22425,42581
mediapipe-efficientnet-lite0-int8,399/3b2eb1d294ad4e08aae9929526890131946ebed1.jpeg,399,399,860,860,False,False,True,True,0.1921182266009852,0.2524752475247525,0.14230701954327474,True,150528,43267,4238
mediapipe-efficientnet-lite0-int8,4/f74b45796a4c05038dea5df3575825db3af6c176.jpeg,4,4,4,4,True,True,True,True,0.7037037037037037,0.3582887700534759,0.20061313440105658,True,150528,44593,6932
mediapipe-efficientnet-lite0-int8,40/3b2d1312dcb24a4d1411c638addab13f160cf75a.jpeg,40,40,40,46,True,False,True,True,0.4897119341563786,0.5405405405405406,0.04011999428238135,True,150528,22686,7200
mediapipe-efficientnet-lite0-int8,400/01578018be123502018d82f380283a4d1eb59ad6.jpeg,400,400,400,400,True,True,True,True,0.5063829787234042,0.41025641025641024,0.03975790463442315,True,150528,39323,25715
mediapipe-efficientnet-lite0-int8,401/3792616692e2376b28b297726dbf633e0cee5256.jpeg,401,401,401,634,True,False,True,True,0.5609756097560976,0.18134715025906736,0.2856134971809521,True,150528,20143,19161
mediapipe-efficientnet-lite0-int8,402/580abea94b4a293a6f67f1824094c3444b9f412f.jpeg,402,402,402,402,True,True,True,True,0.9871244635193133,0.9869565217391304,0.002994466934227537,True,150528,65089,0
mediapipe-efficientnet-lite0-int8,403/00904b204b0e62658c493bea202a2df07be8a511.jpeg,403,403,403,718,True,False,True,True,0.5424528301886793,0.22110552763819097,0.09029880652514852,True,150528,29034,2054
mediapipe-efficientnet-lite0-int8,404/30de4c0bafbd07dec136093600c24c43e5cbe1da.jpeg,404,404,404,404,True,True,True,True,0.9841897233201581,0.9681274900398407,0.00225936444823426,True,150528,10718,6577
mediapipe-efficientnet-lite0-int8,405/027b52600465be5610352ffb423976075e55d858.jpeg,405,405,895,148,False,False,True,True,0.1457286432160804,0.1958762886597938,0.15543501432529894,True,150528,16951,19598
mediapipe-efficientnet-lite0-int8,406/8030e8765b4a09edcc5e7cbd59382e0db16ff68b.jpeg,406,406,562,562,False,False,False,False,0.32599118942731276,0.37962962962962965,0.0847846218360804,True,150528,9035,12286
mediapipe-efficientnet-lite0-int8,407/989ac539020d0d1274d29ab12c6c42c255325872.jpeg,407,407,670,665,False,False,False,False,0.2543859649122807,0.2719298245614035,0.07566217717617638,True,150528,42679,6799
mediapipe-efficientnet-lite0-int8,408/7114f83997fca93f37d48e9c3da6273425dfabe5.jpeg,408,408,408,833,True,False,True,True,0.20408163265306123,0.5781990521327014,0.14560054000269723,True,150528,10593,64561
mediapipe-efficientnet-lite0-int8,409/c012714fa78863ce22ac7ede253c4e70ce0fb1a6.jpeg,409,409,409,409,True,True,True,True,0.5874439461883408,0.5044642857142857,0.023428369184970117,True,150528,32980,5186
mediapipe-efficientnet-lite0-int8,41/6d5a7b2b17fbcb79505f4595e426fe5c48f01fda.jpeg,41,41,41,68,True,False,True,True,0.28761061946902655,0.14285714285714285,0.23481531745344308,True,150528,21691,8848
mediapipe-efficientnet-lite0-int8,410/bc4eb5cdd67f76bff9d35cce00297b9ceafd47d0.jpeg,410,410,599,599,False,False,True,True,0.6017316017316018,0.8197424892703863,0.039407660369407745,True,150528,17122,8901
mediapipe-efficientnet-lite0-int8,411/ceb9693aaa6b4620db0f06872a0cab05b8ed61d8.jpeg,411,411,636,824,False,False,True,False,0.1218274111675127,0.14136125654450263,0.1145968598024982,True,150528,48851,2804
mediapipe-efficientnet-lite0-int8,412/c7e7e029031e3361a75d20f90af5e167d203943a.jpeg,412,412,412,412,True,True,True,True,0.9036144578313253,0.872,0.005040235825123545,True,150528,14002,23625
mediapipe-efficientnet-lite0-int8,413/b51cf193dee258593d6f8c807287306d7c2c6cab.jpeg,413,413,413,413,True,True,True,True,0.6531531531531531,0.3235294117647059,0.10728131902976304,True,150528,25319,0
mediapipe-efficientnet-lite0-int8,414/4fffbf272fbf4cab6741588741a328d0b6564fb8.jpeg,414,414,597,464,False,False,False,False,0.25668449197860965,0.47368421052631576,0.18900632808342724,True,150528,50236,9033
mediapipe-efficientnet-lite0-int8,415/272f6a5bfcb0241974d2c3185b753de57b528b4c.jpeg,415,415,832,832,False,False,True,False,0.2088888888888889,0.18571428571428572,0.12242456463778928,True,150528,29805,15928
mediapipe-efficientnet-lite0-int8,416/8b8da751d92698b4233fd7b1ef60526720f268f6.jpeg,416,416,416,416,True,True,True,True,0.6164383561643836,0.7565217391304347,0.0349453517651126,True,150528,25928,3787
mediapipe-efficientnet-lite0-int8,417/3c1a87dbccd51c3fbb0d7d0581837468f5900605.jpeg,417,417,417,417,True,True,True,True,1.0,0.9959514170040485,0.0014051849798348273,True,150528,18332,19387
mediapipe-efficientnet-lite0-int8,418/e811cf9a948a5dda6a51f7ad56e787d4e519102f.jpeg,418,418,419,673,False,False,False,False,0.3561643835616438,0.16923076923076924,0.19863104515851834,True,150528,79143,6105
mediapipe-efficientnet-lite0-int8,419/f091e654b7d9a16e5ba0355e70f667d971cdceba.jpeg,419,419,419,419,True,True,True,True,0.9344262295081968,0.670995670995671,0.0875693443075789,True,150528,9988,92023
mediapipe-efficientnet-lite0-int8,42/87f0ff4329336da758b4bd3675019ab40fbff6a1.jpeg,42,42,42,42,True,True,True,True,0.97165991902834,0.8652173913043478,0.028848321018848374,True,150528,10009,98108
mediapipe-efficientnet-lite0-int8,420/34ce7688f718f2fc3c1db336f2139c6172c86da9.jpeg,420,420,420,546,True,False,True,True,0.34183673469387754,0.30978260869565216,0.20133300900947887,True,150528,88986,10162
mediapipe-efficientnet-lite0-int8,421/01b7d5f4badb87fc3dd3edb0a86c03e7a78f10b7.jpeg,421,421,564,564,False,False,True,True,0.6985645933014354,0.37244897959183676,0.10191706537781782,True,150528,16822,9461
mediapipe-efficientnet-lite0-int8,422/be741add74e91927c23f6e70850f59b870f3f813.jpeg,422,422,615,819,False,False,True,True,0.09230769230769231,0.07425742574257425,0.15708185674109634,True,150528,77432,22979
mediapipe-efficientnet-lite0-int8,423/de7c0c78f51a15d4d7a2afb4547eed246448fa71.jpeg,423,423,762,579,False,False,True,True,0.18274111675126903,0.3023255813953488,0.1814556481352807,True,150528,15930,34506
mediapipe-efficientnet-lite0-int8,424/71242bc725b138cf7fb1f35a16125debb22132e3.jpeg,424,424,454,454,False,False,True,True,0.21487603305785125,0.2809917355371901,0.01814171959760083,True,150528,12485,2813
mediapipe-efficientnet-lite0-int8,425/fc72ce1d34c36d4e0e2fba2fec5bce895cf64c40.jpeg,425,425,428,412,False,False,False,False,0.14534883720930233,0.09693877551020408,0.1915145923949002,True,150528,29495,3310
mediapipe-efficientnet-lite0-int8,426/e790ddf653b1d585a673d22c8b1d03707ec95bbd.jpeg,426,426,426,426,True,True,True,True,0.9537815126050421,0.8521739130434782,0.019486805718558063,True,150528,28269,6049
mediapipe-efficientnet-lite0-int8,427/de9acd4274ad787d52fc56b3d06a8991c54a152e.jpeg,427,427,427,427,True,True,True,True,0.987603305785124,1.0,0.004315696511759476,True,150528,35287,86
mediapipe-efficientnet-lite0-int8,428/e0d7dc8e444d568d3103cce4fa6d18763fa0384a.jpeg,428,428,428,981,True,False,True,True,0.8355555555555556,0.2645739910313901,0.412014869613602,True,150528,60597,5978
mediapipe-efficientnet-lite0-int8,429/8847cddf4373d1a2c5e26ecb678549673d523f9c.jpeg,429,429,429,429,True,True,True,True,1.0,1.0,0.0,True,150528,8314,6161
mediapipe-efficientnet-lite0-int8,43/3b882109ed4c730be330a2dbd0881ec5685003a1.jpeg,43,43,43,43,True,True,True,True,0.6626016260162602,0.20574162679425836,0.18182060753546292,True,150528,46933,864
mediapipe-efficientnet-lite0-int8,430/ecd8cf027c7f97c198d4fb5cb04c1bdca910d489.jpeg,430,430,890,890,False,False,True,True,0.5475113122171946,0.4117647058823529,0.04377211867324342,True,150528,28523,9459
mediapipe-efficientnet-lite0-int8,431/2e75ed4fa0618f52ab23f8bc2ddc6e083b829f37.jpeg,431,431,797,797,False,False,True,True,0.517948717948718,0.4429223744292237,0.07357084693889841,True,150528,38588,7521
mediapipe-efficientnet-lite0-int8,432/5b71d56bae461d60481001a02a1739fea4c3c32f.jpeg,432,432,819,743,False,False,True,False,0.08854166666666667,0.14136125654450263,0.16963267566768755,True,150528,35284,11228
mediapipe-efficientnet-lite0-int8,433/f6bba9237a3768ba449f4ff22a5b100698480434.jpeg,433,433,643,643,False,False,False,False,0.10837438423645321,0.12777777777777777,0.20491237229459827,True,150528,68484,3273
mediapipe-efficientnet-lite0-int8,434/7e143de953ae97aaa137f5f0ac01927929175132.jpeg,434,434,434,434,True,True,True,True,0.8284518828451883,0.8071748878923767,0.037631097831021906,True,150528,20204,9412
mediapipe-efficientnet-lite0-int8,435/d6b0ea5befaeca86f126d623cae8dbedb64c4843.jpeg,435,435,697,697,False,False,True,True,0.52,0.20994475138121546,0.21355582437590398,True,150528,1176,36523
mediapipe-efficientnet-lite0-int8,436/1d226f08a071c85dab68e451c0a2334c74bfdb6f.jpeg,436,436,609,436,False,True,True,True,0.32065217391304346,0.405,0.14237560546319383,True,150528,11745,80670
mediapipe-efficientnet-lite0-int8,437/805cccf3e4b1737a89c824f4eebb408de9fa5d1f.jpeg,437,437,437,437,True,True,True,True,0.9595141700404858,0.9428571428571428,0.004769963517843946,True,150528,7061,34900
mediapipe-efficientnet-lite0-int8,438/635f1475a490076a001f89fe6cd2eefbb21acd64.jpeg,438,438,438,438,True,True,True,True,0.8410041841004184,0.7593360995850622,0.03193878552814171,True,150528,9747,3351
mediapipe-efficientnet-lite0-int8,439/9b6a26be7bb2be66144e85fbeca00b9118b94008.jpeg,439,439,439,439,True,True,True,True,0.9678714859437751,0.94,0.0036745225571399196,True,150528,51169,13392
mediapipe-efficientnet-lite0-int8,44/1c5070ae173ffcf92778481d66d2961400bce55e.jpeg,44,44,26,41,False,False,True,True,0.2575107296137339,0.341991341991342,0.0832183531687495,True,150528,16493,2429
mediapipe-efficientnet-lite0-int8,440/02e335a4c77d46cf341d97f58277a60c283eb296.jpeg,440,440,440,711,True,False,True,False,0.3108108108108108,0.19909502262443438,0.2004503193819152,True,150528,76127,20357
mediapipe-efficientnet-lite0-int8,441/282d6ffeaff7f153d9da07e8328519d4f91e4981.jpeg,441,441,967,504,False,False,False,True,0.575107296137339,0.39591836734693875,0.10706055021579651,True,150528,69933,7252
mediapipe-efficientnet-lite0-int8,442/f684bf23a939fc63a5e55ef1e2896ea025a089c5.jpeg,442,442,497,497,False,False,True,True,0.8605577689243028,0.9763779527559056,0.03028076225226752,True,150528,14426,39163
mediapipe-efficientnet-lite0-int8,443/ca8884aaa74681ac1268b465e80f59ebb9accd38.jpeg,443,443,443,443,True,True,True,True,0.8921161825726142,0.902127659574468,0.016938707815643828,True,150528,20721,22315
mediapipe-efficientnet-lite0-int8,444/ff0338400b3ce213238aa1516e2a32e5ba9159c9.jpeg,444,444,444,444,True,True,True,True,0.46846846846846846,0.5675675675675675,0.007675006766921753,True,150528,18507,1018
mediapipe-efficientnet-lite0-int8,445/89532bf632a0c46cebc8a9504c932189f0c8f51e.jpeg,445,445,433,819,False,False,False,False,0.2009132420091324,0.1308411214953271,0.22904486973974825,True,150528,63557,8513
mediapipe-efficientnet-lite0-int8,446/148b7571a4d2967d2c81eef3e160c66632a856c0.jpeg,446,446,446,446,True,True,True,True,0.782051282051282,0.924,0.05036348300127799,True,150528,72036,24
mediapipe-efficientnet-lite0-int8,447/c153f11e252d4ef1f7655de19fec33b7d9a2b81e.jpeg,447,447,447,447,True,True,True,True,0.9960474308300395,0.8625,0.047566101307109115,True,150528,9840,5314
mediapipe-efficientnet-lite0-int8,448/fdcd5deffbfe7780b4d9a1ee0b006d35e8892611.jpeg,448,448,448,448,True,True,True,True,0.9435483870967742,0.7748917748917749,0.03835147191506144,True,150528,24058,541
mediapipe-efficientnet-lite0-int8,449/1d2f3daf877794148276b87428e26df91360ce8e.jpeg,449,449,449,980,True,False,True,False,0.32407407407407407,0.2694063926940639,0.18284770449174523,True,150528,31849,18289
mediapipe-efficientnet-lite0-int8,45/237c87c2c67ee4936568f9382ff2914b1584a9a0.jpeg,45,45,45,45,True,True,True,True,0.9543568464730291,0.9234042553191489,0.010354140793154035,True,150528,29432,14906
mediapipe-efficientnet-lite0-int8,450/a4dc5b1948943c0c958450871d4d98635e37446e.jpeg,450,450,450,450,True,True,True,True,0.9920634920634921,0.8987341772151899,0.031089754789651834,True,150528,52155,28231
mediapipe-efficientnet-lite0-int8,451/2312d5785d54887028fd5c124f919dee3c29a14d.jpeg,451,451,451,451,True,True,True,True,0.8264462809917356,0.932,0.018078930302393728,True,150528,71289,11219
mediapipe-efficientnet-lite0-int8,452/fb944c8f1d0e0f8078188ace022b52d15a77a44c.jpeg,452,452,452,689,True,False,True,True,0.20689655172413793,0.17272727272727273,0.12663261887307647,True,150528,72722,16420
mediapipe-efficientnet-lite0-int8,453/c433d7953016983ec275dd8c16818b73579bfbc0.jpeg,453,453,453,453,True,True,True,True,0.28019323671497587,0.4019138755980861,0.0891393467640378,True,150528,13355,2713
mediapipe-efficientnet-lite0-int8,454/b52c76c404015c551433d057da4b0133b262e167.jpeg,454,454,860,860,False,False,True,False,0.47560975609756095,0.4532710280373832,0.23264778976105221,True,150528,70068,2346
mediapipe-efficientnet-lite0-int8,455/23726925ad6ff90706c5c2ab26200e76fa8ab3e0.jpeg,455,455,455,455,True,True,True,True,0.8429752066115702,0.512396694214876,0.11925638097556765,True,150528,37872,874
mediapipe-efficientnet-lite0-int8,456/90d4874ef46ba073c8c83572cdb1f15914125387.jpeg,456,456,789,580,False,False,False,False,0.3791208791208791,0.38388625592417064,0.09803720630652221,True,150528,16776,5075
mediapipe-efficientnet-lite0-int8,457/a272eaab495678a0ef456bb91e4e930b5d5a7a2c.jpeg,457,457,340,457,False,True,False,True,0.15846994535519127,0.3113207547169811,0.23122859790785394,True,150528,68716,11238
mediapipe-efficientnet-lite0-int8,458/7051a1ea0cbdfc5f5c6538518d3ed9db6e1aff89.jpeg,458,458,458,458,True,True,True,True,0.9871794871794872,0.9914893617021276,0.0014834500165713624,True,150528,418,0
mediapipe-efficientnet-lite0-int8,459/6fe9f8fa05d612b1648e88be12ca6f3e8ff62e8b.jpeg,459,459,615,453,False,False,False,False,0.23737373737373738,0.0784313725490196,0.1673942938524246,True,150528,51303,4176
mediapipe-efficientnet-lite0-int8,46/fa40bf3a3f8dbf4c6deb726077d20dd0a6946d4e.jpeg,46,46,44,44,False,False,False,False,0.49327354260089684,0.5991189427312775,0.04629102866011703,True,150528,2402,1818
mediapipe-efficientnet-lite0-int8,460/029d27fc5942cfcb8523cbc8ec23001f61e46c4d.jpeg,460,460,460,819,True,False,True,False,0.18781725888324874,0.18181818181818182,0.3292099921209938,True,150528,61584,4586
mediapipe-efficientnet-lite0-int8,461/b8591f59f554effc2e708426d0459fbfcce75a7e.jpeg,461,461,461,461,True,True,True,True,0.540084388185654,0.5254237288135594,0.010336167581144815,True,150528,102651,7252
mediapipe-efficientnet-lite0-int8,462/6b6b48c94a485ab65a5b278331725d6828e688e4.jpeg,462,462,601,462,False,True,True,True,0.7130801687763713,0.36199095022624433,0.16342236422470757,True,150528,12105,9111
mediapipe-efficientnet-lite0-int8,463/6df03026414b648a20ac2e63da9a91a28531ba7e.jpeg,463,463,924,738,False,False,False,True,0.5206611570247934,0.7605042016806722,0.13356506673183782,True,150528,39643,1651
mediapipe-efficientnet-lite0-int8,464/e0050b67c0028eaae91ed94f75b7c767ee0cca5f.jpeg,464,464,968,720,False,False,False,False,0.12631578947368421,0.09,0.23502643994784253,True,150528,23285,79206
mediapipe-efficientnet-lite0-int8,465/65ddcf06a11cf346770c65885287ec90f9b5a795.jpeg,465,465,465,465,True,True,True,True,0.5305164319248826,0.10824742268041238,0.22114287165681745,True,150528,74204,6740
mediapipe-efficientnet-lite0-int8,466/fed2bb28a58fde3ad4658594fd9146e2f1677d4c.jpeg,466,466,466,466,True,True,True,True,1.0,0.9959839357429718,0.0013938819627632324,True,150528,27816,58273
mediapipe-efficientnet-lite0-int8,467/045420b9af5a129d5cb6add37cab3c17a9cb0d7e.jpeg,467,467,933,997,False,False,False,False,0.3719806763285024,0.2752808988764045,0.3223199693389003,True,150528,15890,14334
mediapipe-efficientnet-lite0-int8,468/2a8efc3e8a1cda8fc813f30ae1068a5d7c65aa67.jpeg,468,468,468,468,True,True,True,True,0.976,0.9880478087649402,0.004720310950698444,True,150528,59093,10002
mediapipe-efficientnet-lite0-int8,469/131cdf75c41054e9fe5be119df28b8f340c9cab3.jpeg,469,469,469,964,True,False,True,True,0.42857142857142855,0.1404494382022472,0.2675396955003997,True,150528,54411,1048
mediapipe-efficientnet-lite0-int8,47/6066b6ef7f8c107baa0fca475b9ecf1ccfcd7611.jpeg,47,47,47,47,True,True,True,True,0.7198067632850241,0.6612903225806451,0.026489825845024663,True,150528,52171,7782
mediapipe-efficientnet-lite0-int8,470/67b3448aaa53f0e7200ce4129633ac173bc2a665.jpeg,470,470,470,862,True,False,True,False,0.20100502512562815,0.5124378109452736,0.2983582440019313,True,150528,125146,1096
mediapipe-efficientnet-lite0-int8,471/0425fe497fd13c6fb2dbb4b5b9ac1cef5f5cbfac.jpeg,471,471,471,471,True,True,True,True,0.8215767634854771,0.8940677966101694,0.024330969298034584,True,150528,34439,14332
mediapipe-efficientnet-lite0-int8,472/b1513e7887d67503a5bfaf0e6e1fedc73f89745c.jpeg,472,472,693,611,False,False,True,False,0.5275229357798165,0.22702702702702704,0.6372682182209419,True,150528,2386,104197
mediapipe-efficientnet-lite0-int8,473/37339e01eb4231db11855fa0b8b81e3b4ac1687f.jpeg,473,473,758,758,False,False,True,False,0.2722772277227723,0.16336633663366337,0.21039025634096226,True,150528,56710,17582
mediapipe-efficientnet-lite0-int8,474/464e45cff3380e4044e659000148ae8b9eafddfe.jpeg,474,474,474,474,True,True,True,True,0.967479674796748,0.8275862068965517,0.055089507337352274,True,150528,56562,2794
mediapipe-efficientnet-lite0-int8,475/6cd5e39a894e8ea2fad1da2a793a81692ecf17e4.jpeg,475,475,475,475,True,True,True,True,0.9214876033057852,0.9201680672268907,0.016064778646762364,True,150528,13987,8201
mediapipe-efficientnet-lite0-int8,476/99fa8a98b835dbc5a29c4b76933caba1db26f5cc.jpeg,476,476,476,476,True,True,True,True,0.94,0.9504132231404959,0.012000543543510645,True,150528,68383,5686
mediapipe-efficientnet-lite0-int8,477/bee8af87fa5ccca3c71dd7d0084c2f5c79377209.jpeg,477,477,724,743,False,False,False,False,0.06,0.09944751381215469,0.1086131715282755,True,150528,40788,8060
mediapipe-efficientnet-lite0-int8,478/ffd1ddec2bea7744b7a71dcb5c514af3823843b9.jpeg,478,478,747,797,False,False,False,False,0.07100591715976332,0.07262569832402235,0.17048723178233186,True,150528,22948,3230
mediapipe-efficientnet-lite0-int8,479/08923d3615134bdb15950834e1bc6c5b9d1540d3.jpeg,479,479,817,581,False,False,True,True,0.2807017543859649,0.33624454148471616,0.03445057983802037,True,150528,84345,13011
mediapipe-efficientnet-lite0-int8,48/b7883a53ab70a381b3a061bb1c009613d926f22b.jpeg,48,48,48,48,True,True,True,True,0.5230769230769231,0.5621890547263682,0.009454482860000684,True,150528,53013,6152
mediapipe-efficientnet-lite0-int8,480/1a5cebbdd65a718257847312a5a8f9a6dc114918.jpeg,480,480,480,480,True,True,True,True,0.5506607929515418,0.5395348837209303,0.045022174184146634,True,150528,3029,6319
mediapipe-efficientnet-lite0-int8,481/624610f50159b1facbf81a3e1fc76398e95b91ee.jpeg,481,481,688,632,False,False,False,False,0.2857142857142857,0.2966507177033493,0.0996809861333502,True,150528,53751,5199
mediapipe-efficientnet-lite0-int8,482/ae8507fe9503f5f432f5908ac7695f91af1e06a1.jpeg,482,482,575,829,False,False,False,False,0.2028985507246377,0.19158878504672897,0.21890277433164074,True,150528,69420,8625
mediapipe-efficientnet-lite0-int8,483/0f51aa107f73d063b5c9663cf3a9441a36b72495.jpeg,483,483,483,483,True,True,True,True,0.8292682926829268,0.7309417040358744,0.01871378260954659,True,150528,20733,27200
mediapipe-efficientnet-lite0-int8,484/3a5fd70d08a68697a7492508946bf1cb0a3feaf8.jpeg,484,484,978,978,False,False,False,False,0.27074235807860264,0.4721030042918455,0.06873918221726852,True,150528,34457,29038
mediapipe-efficientnet-lite0-int8,485/6f61f87d37228c8617fe2045de90cf3761e736e5.jpeg,485,485,859,485,False,True,True,True,0.4425531914893617,0.6829268292682927,0.08903365431672358,True,150528,10393,7271
mediapipe-efficientnet-lite0-int8,486/ed818f6d20c56884e275c93d10b8655a07c13bb4.jpeg,486,486,486,486,True,True,True,True,0.9392712550607287,0.7307692307692307,0.07181416309678357,True,150528,41065,12317
mediapipe-efficientnet-lite0-int8,487/19c63cf0d08936ab01350726fefb7d496ca8e81d.jpeg,487,487,487,487,True,True,True,True,0.6598360655737705,0.65,0.04282560649008003,True,150528,16105,30036
mediapipe-efficientnet-lite0-int8,488/17646eb92a7e450233265aed98e9cd7ec4c840d8.jpeg,488,488,743,743,False,False,True,True,0.27411167512690354,0.14893617021276595,0.10877783049546749,True,150528,41037,20781
mediapipe-efficientnet-lite0-int8,489/465248b29b8a2c3d442d82e0b74cd32b220b737f.jpeg,489,489,843,843,False,False,True,True,0.6919431279620853,0.5467289719626168,0.09262587565845906,True,150528,42769,7864
mediapipe-efficientnet-lite0-int8,49/f9e4d8d2456b35f1e7b01410aefcf0b61cb37994.jpeg,49,49,49,50,True,False,True,True,0.5258964143426295,0.33495145631067963,0.2279147596879673,True,150528,54982,13782
mediapipe-efficientnet-lite0-int8,490/f1bc9bd47433a63665548d938e3643d23185b6f8.jpeg,490,490,887,400,False,False,False,False,0.7530864197530864,0.4177777777777778,0.19899970592304153,True,150528,31354,14800
mediapipe-efficientnet-lite0-int8,491/5059a3031188551f24953b7e9ff5133f695d5468.jpeg,491,491,768,981,False,False,False,False,0.24752475247524752,0.391304347826087,0.2364646903908965,True,150528,53686,22812
mediapipe-efficientnet-lite0-int8,492/12c87afa9705797582683c693b51a7df35d5e9f3.jpeg,492,492,562,387,False,False,False,False,0.4018264840182648,0.09852216748768473,0.34368690930003243,True,150528,52444,7547
mediapipe-efficientnet-lite0-int8,493/0676d2fbdfa91433c60350ebb93e1eed99c4f9fd.jpeg,493,493,493,493,True,True,True,True,0.9471544715447154,0.9416666666666667,0.0017196723394455942,True,150528,54971,29
mediapipe-efficientnet-lite0-int8,494/2cfab1f3d501bfb49ca6afa57b49a0cce938a973.jpeg,494,494,494,655,True,False,True,True,0.08823529411764706,0.06701030927835051,0.23421785754261404,True,150528,58214,4861
mediapipe-efficientnet-lite0-int8,495/8ee58c722bd894a5291832a94d077c7df2683a4e.jpeg,495,495,495,495,True,True,True,True,0.9146341463414634,0.5209302325581395,0.14279138690218313,True,150528,16031,2616
mediapipe-efficientnet-lite0-int8,496/458358075f5697f03c617acde42e2a32a9dc895e.jpeg,496,496,496,496,True,True,True,True,0.7695473251028807,0.8559670781893004,0.01907338116816908,True,150528,23599,8023
mediapipe-efficientnet-lite0-int8,497/9c25597da9d214cd4923a752e18e1f66aeaf4af8.jpeg,497,497,497,497,True,True,True,True,0.6340425531914894,0.5113122171945701,0.019332917747188094,True,150528,38123,11621
mediapipe-efficientnet-lite0-int8,498/5115dab3fd714d834d09fbfc1d6c7f32542bc092.jpeg,498,498,498,498,True,True,True,True,0.7542372881355932,0.7198275862068966,0.008264039789213315,True,150528,28052,19155
mediapipe-efficientnet-lite0-int8,499/b75f601b279948b44e86ec516efb1f19bead7b75.jpeg,499,499,777,523,False,False,True,True,0.1336405529953917,0.15813953488372093,0.20550089089192725,True,150528,708,102051
mediapipe-efficientnet-lite0-int8,5/9e38c40ec47499517cf6bdfd365b5e87d3586516.jpeg,5,5,6,6,False,False,True,True,0.47161572052401746,0.34893617021276596,0.07228434947141016,True,150528,1808,0
mediapipe-efficientnet-lite0-int8,50/4e508bfbd5818d5cffbd224d917e741192b0148d.jpeg,50,50,50,50,True,True,True,True,0.6778242677824268,0.7727272727272727,0.009217423798812689,True,150528,381,17138
mediapipe-efficientnet-lite0-int8,500/72d1140d48a86a4c57e01bf9a607aca3f7d5f4b8.jpeg,500,500,500,500,True,True,True,True,0.7352941176470589,0.6394230769230769,0.06939116398775695,True,150528,26047,9651
mediapipe-efficientnet-lite0-int8,501/131f541e96a91d2f7b95049deb141813311af2eb.jpeg,501,501,727,562,False,False,False,False,0.5330396475770925,0.24778761061946902,0.17888412797139305,True,150528,19921,31468
mediapipe-efficientnet-lite0-int8,502/dde29537671513aa32e174ff8f7f04e5a5c61ce5.jpeg,502,502,502,502,True,True,True,True,0.7637795275590551,0.7469879518072289,0.018804702140709034,True,150528,38213,15742
mediapipe-efficientnet-lite0-int8,503/3b60ac1f0773ca96f340486dc4a6711aab3b637f.jpeg,503,503,503,503,True,True,True,True,0.7489878542510121,0.5435684647302904,0.14409929881403594,True,150528,18492,101971
mediapipe-efficientnet-lite0-int8,504/a891ce00461765d0e7842d471fa0d80c0cb53e27.jpeg,504,504,968,968,False,False,True,True,0.3905579399141631,0.42857142857142855,0.029355707078134927,True,150528,54925,18473
mediapipe-efficientnet-lite0-int8,505/b1ec0d0b77d650b06c1f37bbb04fa03c238492f7.jpeg,505,505,725,849,False,False,True,True,0.44176706827309237,0.6186440677966102,0.10536761855530295,True,150528,496,47419
mediapipe-efficientnet-lite0-int8,506/a232f4056f73fb3368c08c4eef76acede7438b9f.jpeg,506,506,506,584,True,False,True,True,0.15816326530612246,0.24257425742574257,0.12108612797867362,True,150528,10706,17
mediapipe-efficientnet-lite0-int8,507/4aa4bf68d8d22cf6d872d4f128d44b3428ce2adb.jpeg,507,507,590,590,False,False,False,False,0.15348837209302327,0.1715686274509804,0.07606943849262446,True,150528,2908,76799
mediapipe-efficientnet-lite0-int8,508/750016568065a11f3574f069aa619f5f1c48c411.jpeg,508,508,681,681,False,False,True,False,0.23255813953488372,0.19248826291079812,0.19237414201896696,True,150528,94391,1662
mediapipe-efficientnet-lite0-int8,509/16d089b1ffefd61aa8020c907f8c36629ad78cf7.jpeg,509,509,509,509,True,True,True,True,0.7911646586345381,0.7951807228915663,0.0009927658039503124,True,150528,32725,5982
mediapipe-efficientnet-lite0-int8,51/9f418c4d4245cbaf1ccef92424158149fbf3c83c.jpeg,51,51,971,971,False,False,False,False,0.1797752808988764,0.43169398907103823,0.08818114241551353,True,150528,26098,11018
mediapipe-efficientnet-lite0-int8,510/3e6e4930a34111400fc692dd93e9854cf81dcbde.jpeg,510,510,510,510,True,True,True,True,0.5856573705179283,0.5976095617529881,0.021756954538308268,True,150528,27839,69348
mediapipe-efficientnet-lite0-int8,511/6cbdaa9e5da6a4950d7e1f8dfd3ac1d9676bcb9f.jpeg,511,511,751,751,False,False,False,False,0.6842105263157895,0.7548076923076923,0.027252857618363532,True,150528,28851,18684
mediapipe-efficientnet-lite0-int8,512/e7600342cb688cd55662abfc4846566a32fcdc0f.jpeg,512,512,512,512,True,True,True,True,0.8340248962655602,0.940677966101695,0.04254702613094155,True,150528,15772,58105
mediapipe-efficientnet-lite0-int8,513/ea4e1172e7097aff13a7d416b68787fba10043ac.jpeg,513,513,558,558,False,False,True,True,0.4578313253012048,0.6234817813765182,0.019672213929104294,True,150528,50030,769
mediapipe-efficientnet-lite0-int8,514/11d980a9fcfd663189cffc2b15b8b00121a55e77.jpeg,514,514,514,514,True,True,True,True,0.9835390946502057,0.6379310344827587,0.12488009212207563,True,150528,52943,4704
mediapipe-efficientnet-lite0-int8,515/20e688e2c1eea6f63a3edccdba148bf3cb75dbb0.jpeg,515,515,515,515,True,True,True,True,0.7336244541484717,0.7522935779816514,0.04564420235455485,True,150528,18659,18904
mediapipe-efficientnet-lite0-int8,516/e73bc4240dcc26e61ca92a2633a2bd0c672dce56.jpeg,516,516,431,516,False,True,True,True,0.5633187772925764,0.4532710280373832,0.05792275070148609,True,150528,47418,9864
mediapipe-efficientnet-lite0-int8,517/1f4392d778f0a67b69b4ea0072412bd1c5da7244.jpeg,517,517,517,517,True,True,True,True,0.2,0.23039215686274508,0.12278874985005994,True,150528,14272,12609
mediapipe-efficientnet-lite0-int8,518/9b4efa96277b768e6a41bc8459e83abc0f858f26.jpeg,518,518,573,670,False,False,True,True,0.375609756097561,0.34801762114537443,0.2730118027712284,True,150528,49980,8162
mediapipe-efficientnet-lite0-int8,519/c32481fed793a50e8ba3e76d64650d26e127f115.jpeg,519,519,829,829,False,False,False,False,0.11855670103092783,0.1111111111111111,0.07797644104001974,True,150528,25398,10110
mediapipe-efficientnet-lite0-int8,52/b0dd2e54bc3511a316585011750d5265aea1b626.jpeg,52,52,52,52,True,True,True,True,0.9960474308300395,0.9920634920634921,0.0013772956263450424,True,150528,21758,1110
mediapipe-efficientnet-lite0-int8,520/1b50198b55777d87846a02ae06912527421e8c03.jpeg,520,520,520,520,True,True,True,True,0.9920634920634921,0.9606986899563319,0.012496012873878175,True,150528,2315,46536
mediapipe-efficientnet-lite0-int8,521/2703075303d1f614a5216de9c917c4fa6a2d95b0.jpeg,521,521,521,521,True,True,True,True,0.7339055793991416,0.21649484536082475,0.22044881101825842,True,150528,67063,3118
mediapipe-efficientnet-lite0-int8,522/6d6158649b228e5f80a5fbcf6bf9c5df2ddccc36.jpeg,522,522,522,522,True,True,True,True,0.8048780487804879,0.8781512605042017,0.014108387670795385,True,150528,80752,14023
mediapipe-efficientnet-lite0-int8,523/12afcb036558e1009476f3e07fe7583f7e7d3f60.jpeg,523,523,842,842,False,False,True,False,0.375,0.4291845493562232,0.04471241546546734,True,150528,12445,35225
mediapipe-efficientnet-lite0-int8,524/762dd1937d2980f1c6bde0731a0d8ed46c641b4b.jpeg,524,524,796,766,False,False,False,False,0.05945945945945946,0.3118811881188119,0.39003259279377894,True,150528,82239,6843
mediapipe-efficientnet-lite0-int8,525/ccbab8ded68316407542fbb9696d6275c1882132.jpeg,525,525,975,975,False,False,False,False,0.4720812182741117,0.1864406779661017,0.2429559776874184,True,150528,37255,14052
mediapipe-efficientnet-lite0-int8,526/05c7941e498b1e947ffed98d8f4b910a6abf96cd.jpeg,526,526,526,527,True,False,True,True,0.20704845814977973,0.37083333333333335,0.0456015928987224,True,150528,92055,3041
mediapipe-efficientnet-lite0-int8,527/aca007524624cd087ddc602a6444d8332a0c0647.jpeg,527,527,745,745,False,False,True,True,0.4188034188034188,0.3406113537117904,0.04185892399746308,True,150528,26344,16892
mediapipe-efficientnet-lite0-int8,528/e405966b5ce7542217f9110aecdf18dd9bc229ab.jpeg,528,528,528,528,True,True,True,True,1.0,1.0,0.0,True,150528,2382,192
mediapipe-efficientnet-lite0-int8,529/698f0c2e61d5015a337162a7a395912bb7d0f0f3.jpeg,529,529,673,851,False,False,False,False,0.29906542056074764,0.23671497584541062,0.22582072542405865,True,150528,45674,6488
mediapipe-efficientnet-lite0-int8,53/63f13e04ebb35fabce223f3c8cd3f36c0c6f2499.jpeg,53,53,53,53,True,True,True,True,0.8908296943231441,0.3217821782178218,0.22547018642086164,True,150528,30188,15367
mediapipe-efficientnet-lite0-int8,530/46795d5c05ef9d0c72fdb87e524e0cc82b1554a7.jpeg,530,530,485,530,False,True,False,True,0.16585365853658537,0.10377358490566038,0.29383430676021954,True,150528,99169,13974
mediapipe-efficientnet-lite0-int8,531/fa038c273bb53376c8dfc80f4deae133f5d5f500.jpeg,531,531,409,409,False,False,True,True,0.4978165938864629,0.47345132743362833,0.0216672148446045,True,150528,10751,62428
mediapipe-efficientnet-lite0-int8,532/59e3b9aba9f997823250d713f69861100041dc7d.jpeg,532,532,762,762,False,False,True,True,0.7786885245901639,0.6826086956521739,0.02997471045226409,True,150528,8903,32219
mediapipe-efficientnet-lite0-int8,533/33df98a02c21d1e8b0efd755d79007f36aff4f98.jpeg,533,533,753,753,False,False,True,True,0.2676767676767677,0.3235294117647059,0.06644401580738694,True,150528,10507,25564
mediapipe-efficientnet-lite0-int8,534/36fae4ba039174fe73fbe99c2b0df0c1df18f200.jpeg,534,534,534,534,True,True,True,True,0.9838709677419355,0.8898678414096917,0.029488862989461358,True,150528,54827,6371
mediapipe-efficientnet-lite0-int8,535/4210fdb2f71d241713bf145b40eefd19e6842ea9.jpeg,535,535,535,535,True,True,True,True,0.9708333333333333,0.28426395939086296,0.32045115168939176,True,150528,33117,12035
mediapipe-efficientnet-lite0-int8,536/87f7a1f47c59b733d0bcead913249f12de57c6c8.jpeg,536,536,510,510,False,False,True,True,0.3333333333333333,0.4393305439330544,0.026241758878075387,True,150528,1087,23051
mediapipe-efficientnet-lite0-int8,537/51af9512a3286f083546afa3d87dffcc74ff1d34.jpeg,537,537,537,537,True,True,True,True,0.9612068965517241,0.9920948616600791,0.007118579827132518,True,150528,4081,10799
mediapipe-efficientnet-lite0-int8,538/509ba17816ddcb239001efd0050046b372b6ad52.jpeg,538,538,668,668,False,False,True,True,0.9710743801652892,0.9288702928870293,0.008613001206585029,True,150528,13853,247
mediapipe-efficientnet-lite0-int8,539/82bc49a8d845365478634ced5c1b7bd1abb1caa5.jpeg,539,539,539,539,True,True,True,True,0.8471615720524017,0.9635627530364372,0.03998238254485027,True,150528,3551,0
mediapipe-efficientnet-lite0-int8,54/e7fc6e7d797d2291b57502bb964098cfb124f9ad.jpeg,54,54,54,54,True,True,True,True,0.6209677419354839,0.5510204081632653,0.00781522606513773,True,150528,4930,18015
mediapipe-efficientnet-lite0-int8,540/64c3ce38eb98f7c58cb3afdffb8ce9f0a7bd988f.jpeg,540,540,540,517,True,False,True,True,0.28640776699029125,0.42990654205607476,0.1687217483016032,True,150528,34375,26682
mediapipe-efficientnet-lite0-int8,541/b802d598e9e9ac6a7e0a11e61e16f8bf042b7c25.jpeg,541,541,541,962,True,False,True,True,0.47783251231527096,0.2413793103448276,0.3722321668535443,True,150528,48083,7381
mediapipe-efficientnet-lite0-int8,542/1b3ac0b2cd64a53a7f9af5c964cfe1281beaf6c0.jpeg,542,542,542,542,True,True,True,True,0.8185483870967742,0.8611111111111112,0.00804274103163595,True,150528,19810,479
mediapipe-efficientnet-lite0-int8,543/999e12cda14fe44107f7f41579d6155980838dce.jpeg,543,543,879,655,False,False,False,False,0.1407035175879397,0.07729468599033816,0.19264465315199195,True,150528,42040,13102
mediapipe-efficientnet-lite0-int8,544/e32da9e1a3c0f3f94bc53114d9b86faf0b2197c6.jpeg,544,544,544,544,True,True,True,True,0.8821138211382114,0.9057377049180327,0.0032038122085055465,True,150528,8136,20555
mediapipe-efficientnet-lite0-int8,545/4cfe2a53a9be9640e5bce79e08a3b22f544f19a8.jpeg,545,545,805,971,False,False,True,False,0.24186046511627907,0.5514018691588785,0.5161291699591533,True,150528,15741,72
mediapipe-efficientnet-lite0-int8,546/0c03c708a9089d132313d870d9c562c1b7255488.jpeg,546,546,747,819,False,False,False,False,0.058823529411764705,0.5990990990990991,0.3730076543171845,True,150528,98537,16009
mediapipe-efficientnet-lite0-int8,547/afc31b5266a0eedc3a2605e623740448543c5abb.jpeg,547,547,547,547,True,True,True,True,0.5420560747663551,0.6754385964912281,0.03975267803945341,True,150528,77235,7690
mediapipe-efficientnet-lite0-int8,548/f23d8d16c44d3fb9e0713615f78098fa18adb934.jpeg,548,548,598,598,False,False,True,True,0.4488888888888889,0.716,0.0428378272952219,True,150528,61502,16745
mediapipe-efficientnet-lite0-int8,549/4c501a908612799a97c5fb13d29918afde855cab.jpeg,549,549,549,549,True,True,True,True,0.6408163265306123,0.45643153526970953,0.03458554884589867,True,150528,1839,1
mediapipe-efficientnet-lite0-int8,55/88e557c52c68ec8dfe6e385c67b5695a8e45f894.jpeg,55,55,55,55,True,True,True,True,0.7345971563981043,0.8157894736842105,0.023987421802430596,True,150528,109760,776
mediapipe-efficientnet-lite0-int8,550/465fe90a9ae4c72a1814e71109fd67bf4fbf3990.jpeg,550,550,505,505,False,False,True,True,0.7355371900826446,0.5528455284552846,0.044124228673968785,True,150528,38363,1684
mediapipe-efficientnet-lite0-int8,551/864a5345bd33224e0f55c9577b9c0f8ef9fc7e92.jpeg,551,551,551,551,True,True,True,True,1.0,0.9920318725099602,0.0027695107007701704,True,150528,3648,95424
mediapipe-efficientnet-lite0-int8,552/7f1f776983c50237060a4a8a4ddc9490ed92ca1a.jpeg,552,552,552,552,True,True,True,True,0.6916299559471366,0.6835443037974683,0.039242984308111295,True,150528,44123,359
mediapipe-efficientnet-lite0-int8,553/05667646af2c8ddcee8de83b79313ae2e0f14f11.jpeg,553,553,553,553,True,True,True,True,0.37341772151898733,0.4105263157894737,0.01913950314096486,True,150528,22695,4365
mediapipe-efficientnet-lite0-int8,554/f3d0f73b10a8115cbb71855753936f9f6344b925.jpeg,554,554,554,554,True,True,True,True,0.8761904761904762,0.6883720930232559,0.06706410956530039,True,150528,53075,0
mediapipe-efficientnet-lite0-int8,555/f56282c0857249eb828fc9439540ff0f916aaf92.jpeg,555,555,555,555,True,True,True,True,0.49137931034482757,0.4444444444444444,0.056080862494346025,True,150528,63870,4121
mediapipe-efficientnet-lite0-int8,556/123c6268a968c64ab8606b2db8c2ffbb8bcd03e4.jpeg,556,556,556,556,True,True,True,True,0.7692307692307693,0.14619883040935672,0.2995541288872503,True,150528,34113,19008
mediapipe-efficientnet-lite0-int8,557/553c4cfb554394f4d9be81fe42b58b32039b5895.jpeg,557,557,497,497,False,False,False,False,0.948,0.934156378600823,0.010328871983102816,True,150528,23908,33500
mediapipe-efficientnet-lite0-int8,558/ab4116173fdb5a6e978033c405d666f07dc4d955.jpeg,558,558,456,862,False,False,False,False,0.19534883720930232,0.16666666666666666,0.19760525997109674,True,150528,66477,539
mediapipe-efficientnet-lite0-int8,559/ad03bdc2aae6b75a8615dd0ac292dbe74f4b6b0e.jpeg,559,559,693,978,False,False,False,False,0.2537313432835821,0.07526881720430108,0.20476338001471683,True,150528,35200,866
mediapipe-efficientnet-lite0-int8,56/fb01da5af28e2420c61ddec4ce2793a4b708f02f.jpeg,56,56,56,56,True,True,True,True,0.9512195121951219,0.9836734693877551,0.0071393199497680184,True,150528,25858,4885
mediapipe-efficientnet-lite0-int8,560/93e7cedf1332a9db3d2ec2ce57db687819faff42.jpeg,560,560,560,560,True,True,True,True,0.9960474308300395,0.9882352941176471,0.0010229677126597475,True,150528,25985,17440
mediapipe-efficientnet-lite0-int8,561/d4ea02f1bd7349245f116656a6fd91e1acea082b.jpeg,561,561,561,561,True,True,True,True,0.3981042654028436,0.6681034482758621,0.07071524499514643,True,150528,23315,22442
mediapipe-efficientnet-lite0-int8,562/23137a3e36e27ee279c2985e1a3d9b49d6942d40.jpeg,562,562,698,698,False,False,True,True,0.8,0.7063829787234043,0.03448492189777643,True,150528,39390,1703
mediapipe-efficientnet-lite0-int8,563/81ec7471dbe22ddeed22efec2383ebdcb6d996fa.jpeg,563,563,563,563,True,True,True,True,0.7727272727272727,0.3925233644859813,0.1999138395455456,True,150528,34749,78781
mediapipe-efficientnet-lite0-int8,564/fe583eb103ae4b9c10c1a2a8292e92e1d3bfaab8.jpeg,564,564,564,564,True,True,True,True,0.7458333333333333,0.8830645161290323,0.01646611259732683,True,150528,51832,5830
mediapipe-efficientnet-lite0-int8,565/e6deafc0a6268318077a565c5fffe0d18e568f53.jpeg,565,565,547,547,False,False,True,True,0.6072874493927125,0.8,0.03326942392488744,True,150528,44584,50995
mediapipe-efficientnet-lite0-int8,566/7274100dd2ff6112b9782dae1eabe07d8aa4d237.jpeg,566,566,566,513,True,False,True,True,0.4818181818181818,0.5428571428571428,0.051734822369517965,True,150528,36114,1618
mediapipe-efficientnet-lite0-int8,567/a5f6e3b41fc8296a254d1887da865b075a84b0ff.jpeg,567,567,567,752,True,False,True,True,0.3125,0.36,0.31394144936504975,True,150528,49299,5219
mediapipe-efficientnet-lite0-int8,568/d5530ce23f0867ff0d40999f945bf044c0ff4073.jpeg,568,568,568,568,True,True,True,True,0.9482071713147411,0.896414342629482,0.01075338312772512,True,150528,50285,18843
mediapipe-efficientnet-lite0-int8,569/23f378f199fd726132d887a8c4e5dae756b1fc84.jpeg,569,569,569,569,True,True,True,True,0.996,0.9404255319148936,0.017317196289445426,True,150528,40182,14002
mediapipe-efficientnet-lite0-int8,57/3eb952bdbda782e413069ab5c7b3bda3d84fca93.jpeg,57,57,54,93,False,False,False,False,0.10582010582010581,0.17073170731707318,0.2823097556595463,True,150528,104765,5641
mediapipe-efficientnet-lite0-int8,570/0d93cf02ab5fb63e1c40cfeb35f5854e0981d9f0.jpeg,570,570,570,570,True,True,True,True,0.8423423423423423,0.9314516129032258,0.022795164204379346,True,150528,110243,19789
mediapipe-efficientnet-lite0-int8,571/722b0a8006b5fee8806acab2a28d00f8fd3449a0.jpeg,571,571,785,785,False,False,True,False,0.22705314009661837,0.22380952380952382,0.062048799990580675,True,150528,12669,48626
mediapipe-efficientnet-lite0-int8,572/c7c7228f5f89e4fb01a6682b66b703693c49da60.jpeg,572,572,907,818,False,False,False,False,0.7580645161290323,0.43455497382198954,0.6246739530606089,True,150528,109223,3472
mediapipe-efficientnet-lite0-int8,573/f0158e914f2e0d812c7b283f9dcb8d691eeb69ae.jpeg,573,573,536,819,False,False,False,False,0.10606060606060606,0.28761061946902655,0.28495413493551214,True,150528,92732,5655
mediapipe-efficientnet-lite0-int8,574/f2f5e0f652a881e2a441d12c06cc7633cfa7cc49.jpeg,574,574,574,574,True,True,True,True,0.8325358851674641,0.4594594594594595,0.16273415444514047,True,150528,93916,23709
mediapipe-efficientnet-lite0-int8,575/c1bcd0a27d816830192fc1948a2e9e75d5cd84c6.jpeg,575,575,575,412,True,False,True,False,0.25773195876288657,0.11162790697674418,0.355985903739657,True,150528,32529,7610
mediapipe-efficientnet-lite0-int8,576/fc867ca14ebcaf380b013ed99db875fa8c2fa220.jpeg,576,576,576,576,True,True,True,True,0.990521327014218,0.9675675675675676,0.01108759405790143,True,150528,12631,29883
mediapipe-efficientnet-lite0-int8,577/44aac912e5ea74fb5446c3223bfe24e23b0c1b27.jpeg,577,577,577,577,True,True,True,True,0.8267716535433071,0.8565573770491803,0.0041447024980944104,True,150528,42399,7354
mediapipe-efficientnet-lite0-int8,578/32023ec96297087b79e04e56d158960aa7c20a06.jpeg,578,578,578,578,True,True,True,True,0.47058823529411764,0.56,0.06165579020702579,True,150528,35708,10930
mediapipe-efficientnet-lite0-int8,579/95d08f5f44a465ef938429f77bc64971957144a8.jpeg,579,579,579,579,True,True,True,True,0.9879518072289156,0.8775510204081632,0.032068308743008304,True,150528,71506,16347
mediapipe-efficientnet-lite0-int8,58/7b05e124da368152708679dd81457ac02ffe37ed.jpeg,58,58,975,975,False,False,False,False,0.3968253968253968,0.3222748815165877,0.07872767663685168,True,150528,19608,113
mediapipe-efficientnet-lite0-int8,580/ab175c6d3bbec11c6425e2442aa0dc5462d6afab.jpeg,580,580,580,580,True,True,True,True,0.7959183673469388,0.5661157024793388,0.05585199334954341,True,150528,331,67633
mediapipe-efficientnet-lite0-int8,581/cbbb5155103fe4659a59864894495e1b93bb9c88.jpeg,581,581,581,581,True,True,True,True,0.9177489177489178,0.9919354838709677,0.024467428250853282,True,150528,105500,1555
mediapipe-efficientnet-lite0-int8,582/8e3859a8c5dcb031854fe4ee922282676337537c.jpeg,582,582,624,624,False,False,True,False,0.1782178217821782,0.24873096446700507,0.06122603288764352,True,150528,38827,14452
mediapipe-efficientnet-lite0-int8,583/d324325a82133d95d98a47ac590ed3a9215a41ec.jpeg,583,583,583,583,True,True,True,True,0.9342105263157895,0.9744680851063829,0.013527665679043125,True,150528,36207,7316
mediapipe-efficientnet-lite0-int8,584/6c9001c37f58b4e31434beb063b4537cde3ad5eb.jpeg,584,584,584,584,True,True,True,True,0.8008130081300813,0.9176954732510288,0.029574242337194932,True,150528,25287,10872
mediapipe-efficientnet-lite0-int8,585/2691059245772419be3014823f7d6e3d982d4a4c.jpeg,585,585,631,631,False,False,True,True,0.5265306122448979,0.4331983805668016,0.01575966016595467,True,150528,17960,3144
mediapipe-efficientnet-lite0-int8,586/61a4d6c7c80d33e3510b212e878d5730657d010a.jpeg,586,586,586,586,True,True,True,True,0.959349593495935,0.7319148936170212,0.05529070307653139,True,150528,40375,17637
mediapipe-efficientnet-lite0-int8,587/0f6a948274b0a46d2218641eee6a5a83dc1b7bea.jpeg,587,587,587,587,True,True,True,True,0.5648535564853556,0.3855932203389831,0.06665996333164717,True,150528,14700,25168
mediapipe-efficientnet-lite0-int8,588/34e7d8947edb8ee7e08717bdeabd9df0b1af013f.jpeg,588,588,588,588,True,True,True,True,0.27624309392265195,0.48148148148148145,0.06916735959236268,True,150528,28149,1481
mediapipe-efficientnet-lite0-int8,589/f7c50dfeb65172165450f58c1534a8cecf570c36.jpeg,589,589,589,589,True,True,True,True,0.7901234567901234,0.4247787610619469,0.10561214835711186,True,150528,75957,11619
mediapipe-efficientnet-lite0-int8,59/c7caaa37e5303fdc8dac45a854f2ed634c47a807.jpeg,59,59,60,616,False,False,True,True,0.34299516908212563,0.37373737373737376,0.34474561372557583,True,150528,106696,123
mediapipe-efficientnet-lite0-int8,590/94e7f8df52c39c14a57e2a110ee5c954ed17be09.jpeg,590,590,487,487,False,False,True,True,0.7330508474576272,0.54,0.05293206387298751,True,150528,8718,2963
mediapipe-efficientnet-lite0-int8,591/588977b7a0776942f5b6738ab99577edcf0f7690.jpeg,591,591,971,752,False,False,False,False,0.155,0.10679611650485436,0.14266520274286773,True,150528,39704,40529
mediapipe-efficientnet-lite0-int8,592/14e92c1ad98c83d27f295e003e0f64fe35649780.jpeg,592,592,592,592,True,True,True,True,0.8714859437751004,0.5478260869565217,0.12170982955737654,True,150528,61369,12104
mediapipe-efficientnet-lite0-int8,593/e72ce4f39869dc7cc5bbe5f5b48d4e8075018b40.jpeg,593,593,881,421,False,False,True,False,0.3739130434782609,0.10215053763440861,0.39316731349530853,True,150528,80368,21892
mediapipe-efficientnet-lite0-int8,594/3d6a55a69260fc893ce392123799b0718bcb486c.jpeg,594,594,594,594,True,True,True,True,0.987012987012987,1.0,0.0045221764784660395,True,150528,43692,17429
mediapipe-efficientnet-lite0-int8,595/bf4e2d633aea51f7d6f983e1ba79e0c90ec8af9a.jpeg,595,595,595,866,True,False,True,True,0.6625514403292181,0.5619834710743802,0.1550570086104499,True,150528,75212,16491
mediapipe-efficientnet-lite0-int8,596/8af6bd8a5a687276e230555ab9d96a94b10b4d3b.jpeg,596,596,457,906,False,False,False,False,0.2648401826484018,0.2803738317757009,0.0982619301076519,True,150528,18800,39607
mediapipe-efficientnet-lite0-int8,597/607df399d126e5148482ad73601a0fcd4ca6530c.jpeg,597,597,597,597,True,True,True,True,0.8928571428571429,0.844,0.010571855778657734,True,150528,23591,2092
mediapipe-efficientnet-lite0-int8,598/d076ba9bf687c274a76c7fdd8c2f3f12f46b69ac.jpeg,598,598,598,598,True,True,True,True,0.7954545454545454,0.7787234042553192,0.03419619501616282,True,150528,30104,28380
mediapipe-efficientnet-lite0-int8,599/ec676f10f0c04066f125a7743352f114664728b1.jpeg,599,599,599,599,True,True,True,True,0.6297872340425532,0.8091286307053942,0.020190384516620828,True,150528,31918,2806
mediapipe-efficientnet-lite0-int8,6/f5bc92b3e594b3f0cb9929fc10490c640dd71c4e.jpeg,6,6,6,5,True,False,True,True,0.4567307692307692,0.4105263157894737,0.1992771181041552,True,150528,26857,10216
mediapipe-efficientnet-lite0-int8,60/c245de73af679217ce5e35b66700d095f0e10891.jpeg,60,60,54,67,False,False,True,True,0.32882882882882886,0.5,0.045103081555419935,True,150528,62147,1003
mediapipe-efficientnet-lite0-int8,600/a3cf9acba8c38aaa105fef78f0324de52c80005f.jpeg,600,600,932,464,False,False,True,True,0.5121951219512195,0.6516393442622951,0.11575664018995781,True,150528,1168,25332
mediapipe-efficientnet-lite0-int8,601/dfd6d356f8db2b0b765bed8073fe20358e6517e3.jpeg,601,601,660,716,False,False,False,True,0.09183673469387756,0.16483516483516483,0.3042188975359419,True,150528,13064,31847
mediapipe-efficientnet-lite0-int8,602/29400569ca54c79f66958951ffffc567f04c314f.jpeg,602,602,602,416,True,False,True,True,0.6143497757847534,0.47555555555555556,0.14007077544058988,True,150528,113647,792
mediapipe-efficientnet-lite0-int8,603/a1dace697b2644ccad5da6642248c9ad45f50d8f.jpeg,603,603,603,603,True,True,True,True,0.688034188034188,0.8303571428571429,0.03963662419052759,True,150528,56141,11528
mediapipe-efficientnet-lite0-int8,604/58bba5a3457192234b6797f78b74358345ebd822.jpeg,604,604,604,604,True,True,True,True,0.425414364640884,0.8220338983050848,0.12072670588711135,True,150528,113952,2250
mediapipe-efficientnet-lite0-int8,605/36471710d2038cd8e927c00f7e233f8eeefd4a76.jpeg,605,605,624,624,False,False,False,False,0.2602739726027397,0.1574074074074074,0.09827837301798753,True,150528,68310,16809
mediapipe-efficientnet-lite0-int8,606/b2d72c1b3f237f37ba5f1df8ac93ecc1d8967182.jpeg,606,606,606,599,True,False,True,False,0.13725490196078433,0.1262135922330097,0.2075774224743475,True,150528,7477,35998
mediapipe-efficientnet-lite0-int8,607/0f5da211434914be6c3f1191b594aa21befc0acc.jpeg,607,607,958,703,False,False,False,False,0.18652849740932642,0.15083798882681565,0.4429578934871931,True,150528,77167,16491
mediapipe-efficientnet-lite0-int8,608/44a25946d4088b7322d42b0338295f17d07d62c3.jpeg,608,608,608,608,True,True,True,True,0.5867346938775511,0.848780487804878,0.08303118435374438,True,150528,36480,83
mediapipe-efficientnet-lite0-int8,609/130ce6cd87e57a6e086fede52215200d83829c9d.jpeg,609,609,609,609,True,True,True,True,0.996031746031746,0.9960159362549801,7.889115407819225e-09,True,150528,53328,9579
mediapipe-efficientnet-lite0-int8,61/027095f2411ffe4e2d56abf2e3198f3e7efdd4b9.jpeg,61,61,62,54,False,False,True,True,0.2857142857142857,0.11160714285714286,0.2984597625718293,True,150528,21994,16984
mediapipe-efficientnet-lite0-int8,610/93a948b0b45927b7299c43fbf27d545328b53d65.jpeg,610,610,841,451,False,False,True,False,0.20276497695852536,0.28125,0.07272402151148913,True,150528,21956,603
mediapipe-efficientnet-lite0-int8,611/30457effc84bcf6ee385898f7f1dd31dbdb501c9.jpeg,611,611,686,759,False,False,False,False,0.2019704433497537,0.12980769230769232,0.1453965458599385,True,150528,30560,16962
mediapipe-efficientnet-lite0-int8,612/c9b74a8c75ef7662e4c776393e4c28ec10366397.jpeg,612,612,439,439,False,False,False,True,0.2930232558139535,0.13636363636363635,0.1587152552363842,True,150528,28990,16741
mediapipe-efficientnet-lite0-int8,613/dd9455df0855b8b3fcddbdbebab57541ce785747.jpeg,613,613,613,485,True,False,True,True,0.410958904109589,0.23555555555555555,0.16947936370275557,True,150528,75550,17143
mediapipe-efficientnet-lite0-int8,614/04f4f5920a73edd85d0e2b9ff8064ec285611ec8.jpeg,614,614,614,614,True,True,True,True,0.9673469387755103,0.9563318777292577,0.014764271479485079,True,150528,41278,14335
mediapipe-efficientnet-lite0-int8,615/7c17957077b4715d5731fc98ff830d2098616edc.jpeg,615,615,671,671,False,False,False,False,0.9683794466403162,0.968,5.843674465178469e-07,True,150528,22553,18473
mediapipe-efficientnet-lite0-int8,616/ce4f41d13716c17e3fdc3588c07e45ccc860779f.jpeg,616,616,616,616,True,True,True,True,0.9879032258064516,0.9919678714859438,0.0041889044284722995,True,150528,63576,7861
mediapipe-efficientnet-lite0-int8,617/8d5064d6fcd4c87e659042f0d371531d9797788a.jpeg,617,617,922,728,False,False,False,False,0.19306930693069307,0.07575757575757576,0.22694954152185481,True,150528,40545,9824
mediapipe-efficientnet-lite0-int8,618/4e2d84f7cae1565d203c74a0243ad0250bdcc878.jpeg,618,618,618,828,True,False,True,True,0.7426160337552743,0.28708133971291866,0.24444616172703507,True,150528,19386,18874
mediapipe-efficientnet-lite0-int8,619/6846e365025052f9325008571f7309ddd752160d.jpeg,619,619,739,541,False,False,False,False,0.5650224215246636,0.155,0.3507615077545253,True,150528,56212,1578
mediapipe-efficientnet-lite0-int8,62/2ee178275ae7207c77217b2c40afddb2d7f292e7.jpeg,62,62,62,62,True,True,True,True,0.7727272727272727,0.6938775510204082,0.01940276962577085,True,150528,51021,1190
mediapipe-efficientnet-lite0-int8,620/0925ed60ba37a728faa69e7b148ca4ff00209c20.jpeg,620,620,681,681,False,False,True,True,0.688034188034188,0.7836734693877551,0.022753824056430776,True,150528,30001,50908
mediapipe-efficientnet-lite0-int8,621/253568c98b4892c81849390e74ebad5702278f73.jpeg,621,621,830,612,False,False,True,False,0.45871559633027525,0.19,0.2843813557888867,True,150528,58781,1113
mediapipe-efficientnet-lite0-int8,622/0b66f2bb024dd4580155988183f3c1e554474581.jpeg,622,622,759,759,False,False,True,False,0.24293785310734464,0.09392265193370165,0.23503906345030223,True,150528,84234,22078
mediapipe-efficientnet-lite0-int8,623/3c6358304749f9bad9cb0e6858e90e3a2e71a817.jpeg,623,623,709,563,False,False,False,False,0.4236453201970443,0.12777777777777777,0.3390704066095509,True,150528,34764,18856
mediapipe-efficientnet-lite0-int8,624/7ef905f87086d2e2b88ee90fb81ae850b10183ab.jpeg,624,624,624,624,True,True,True,True,0.9375,0.6473029045643154,0.07421555831581422,True,150528,70554,1816
mediapipe-efficientnet-lite0-int8,625/d3bdd00c5c61ef6e60d801def80bfe277b545993.jpeg,625,625,472,693,False,False,True,True,0.44166666666666665,0.4444444444444444,0.040761218420935774,True,150528,20193,25200
mediapipe-efficientnet-lite0-int8,626/3f8bf145908c3f851a2b0c9b5086a3d619ce9162.jpeg,626,626,626,674,True,False,True,True,0.3364485981308411,0.2146118721461187,0.13686564184558253,True,150528,25393,12465
mediapipe-efficientnet-lite0-int8,627/c4d545d4854ff8fedeb820ff896e77e2c6c774f8.jpeg,627,627,468,468,False,False,True,True,0.42543859649122806,0.42410714285714285,0.043276848406390525,True,150528,104297,4331
mediapipe-efficientnet-lite0-int8,628/3b0bb920c4f42897ca3def831b73ee6b19c990be.jpeg,628,628,628,628,True,True,True,True,0.8883720930232558,0.9363636363636364,0.009659793576034989,True,150528,10637,35544
mediapipe-efficientnet-lite0-int8,629/2771839b408ee9fccea24e5c0e49da9bdcb46bfa.jpeg,629,629,629,629,True,True,True,True,0.9920318725099602,0.9033613445378151,0.025233040226663894,True,150528,16400,86
mediapipe-efficientnet-lite0-int8,63/a220fd8c2f21f24fa429a51548eee9e44e59cd79.jpeg,63,63,63,63,True,True,True,True,0.9251101321585903,0.691358024691358,0.07093958861324703,True,150528,34211,24516
mediapipe-efficientnet-lite0-int8,630/9b37a054607405566aaf5f1c7b2b1486c3b3609d.jpeg,630,630,770,828,False,False,True,False,0.30454545454545456,0.23414634146341465,0.3391076712587872,True,150528,99329,1754
mediapipe-efficientnet-lite0-int8,631/419fc08770f892eac21f52bc1770dce7d6759ad0.jpeg,631,631,711,711,False,False,False,False,0.8798283261802575,0.6757990867579908,0.05532660421446736,True,150528,9728,1913
mediapipe-efficientnet-lite0-int8,632/f9be5df4c12b0461edfed33c59c3044bc07268c2.jpeg,632,632,818,818,False,False,False,False,0.1774193548387097,0.18579234972677597,0.14268740630478255,True,150528,33876,0
mediapipe-efficientnet-lite0-int8,633/ca9863567bd29877dba43eca224a297a0f40d966.jpeg,633,633,655,578,False,False,False,False,0.352112676056338,0.10837438423645321,0.12460112427800664,True,150528,68831,2249
mediapipe-efficientnet-lite0-int8,634/63fd9a213f41f8fda588393bebbf2a9d82d36f5c.jpeg,634,634,660,660,False,False,True,True,0.591743119266055,0.5920398009950248,0.02107032896424958,True,150528,10325,5291
mediapipe-efficientnet-lite0-int8,635/38693c47d3534b10294f568a4abf82eba10f6209.jpeg,635,635,758,758,False,False,False,False,0.09883720930232558,0.13978494623655913,0.19055079836151312,True,150528,100569,6140
mediapipe-efficientnet-lite0-int8,636/ea2e9b972f73c521797495f1435aba66774860e8.jpeg,636,636,636,636,True,True,True,True,0.9251968503937008,0.7654867256637168,0.057130511768197396,True,150528,132758,6429
mediapipe-efficientnet-lite0-int8,637/73bd3bf38c2e02459a9a6afbd192247e0054ca9d.jpeg,637,637,787,863,False,False,False,False,0.15,0.0670391061452514,0.2743254891748338,True,150528,108917,4604
mediapipe-efficientnet-lite0-int8,638/d3578b1d60bec410d9cddc4dfc5697a95b037735.jpeg,638,638,601,619,False,False,False,False,0.18947368421052632,0.13636363636363635,0.340141484162349,True,150528,15086,46438
mediapipe-efficientnet-lite0-int8,639/ce72209b69b4174f8eafbcba976ebd6132874f14.jpeg,639,639,639,638,True,False,True,True,0.4104803493449782,0.4774774774774775,0.07238525299528194,True,150528,3329,36657
mediapipe-efficientnet-lite0-int8,64/769efbae9cdf7f555f6d97340feecee927c479a9.jpeg,64,64,64,64,True,True,True,True,0.46632124352331605,0.6282051282051282,0.06681757049753476,True,150528,515,9646
mediapipe-efficientnet-lite0-int8,640/72d06e1dfa99c844bf6c4c83d86e2ea836c1836d.jpeg,640,640,640,640,True,True,True,True,0.9473684210526315,0.9237668161434978,0.006909278498058802,True,150528,14788,3377
mediapipe-efficientnet-lite0-int8,641/4ff413332eb9d15fd3541a37b13bfa629d4abd29.jpeg,641,641,641,641,True,True,True,True,0.6681034482758621,0.2561576354679803,0.2454122043578892,True,150528,11073,114439
mediapipe-efficientnet-lite0-int8,642/372d3e17a01768706c41472cebd74e5c981e5753.jpeg,642,642,642,642,True,True,True,True,0.9508196721311475,0.9628099173553719,0.013852077696761635,True,150528,9296,8762
mediapipe-efficientnet-lite0-int8,643/7ced1be7be3e6e1c6257ef6d6d274edbe239330c.jpeg,643,643,461,461,False,False,False,False,0.56,0.608,0.0037611302221584233,True,150528,5671,81376
mediapipe-efficientnet-lite0-int8,644/c44863d154db67294671bc71a0526d70c72f968d.jpeg,644,644,644,644,True,True,True,True,0.45454545454545453,0.2559241706161137,0.15202174900138105,True,150528,2293,70060
mediapipe-efficientnet-lite0-int8,645/c6f0b876f51610f2883dfbec8f6efedd2393fc64.jpeg,645,645,645,645,True,True,True,True,0.9597989949748744,0.9707317073170731,0.011185106293865734,True,150528,46102,17337
mediapipe-efficientnet-lite0-int8,646/be5bc46fed5e613632c63a15ca3ebd8e77e6b48c.jpeg,646,646,646,646,True,True,True,True,0.5336134453781513,0.7172995780590717,0.034755571620063125,True,150528,45874,15028
mediapipe-efficientnet-lite0-int8,647/2a1d21c8af092e75e3b124b1d1e653bc9aff0a51.jpeg,647,647,923,923,False,False,False,False,0.4177215189873418,0.4830508474576271,0.031102779038528587,True,150528,64812,17417
mediapipe-efficientnet-lite0-int8,648/65b4c2993f4bf7b5df55a8b94dc130aca4e0544c.jpeg,648,648,794,794,False,False,True,False,0.22110552763819097,0.15135135135135136,0.09032547352555234,True,150528,11165,52
mediapipe-efficientnet-lite0-int8,649/f85238faaedabd8aab2e3d2c9a927f4af6aff56d.jpeg,649,649,649,958,True,False,True,True,0.9596774193548387,0.8760683760683761,0.5579172445791348,True,150528,41310,12368
mediapipe-efficientnet-lite0-int8,65/df6875e0a6464e810b7a5a10b764f29ef71aa1d2.jpeg,65,65,65,65,True,True,True,True,0.9918367346938776,0.970954356846473,0.0054791415385163755,True,150528,2359,460
mediapipe-efficientnet-lite0-int8,650/c4131a7ec5fc2d29ef37f4f821422237544ec8d9.jpeg,650,650,819,752,False,False,False,False,0.15,0.3125,0.2449020017455596,True,150528,71413,6848
mediapipe-efficientnet-lite0-int8,651/0613c75a36356e141ebff4464a6c86b5ba0589dd.jpeg,651,651,534,553,False,False,False,False,0.18497109826589594,0.1588235294117647,0.07213927358034428,True,150528,19329,1961
mediapipe-efficientnet-lite0-int8,652/743f6a7ff78f13deca3f163395e21a5119819d90.jpeg,652,652,652,652,True,True,True,True,0.5481171548117155,0.7341772151898734,0.04505168354046601,True,150528,22480,29415
mediapipe-efficientnet-lite0-int8,653/5ecabcfde52b331489df88c0d131fd9483b1671e.jpeg,653,653,653,653,True,True,True,True,0.927710843373494,0.308411214953271,0.2642421344863559,True,150528,77213,1248
mediapipe-efficientnet-lite0-int8,654/117d49d278892f6f23c2bc21ec92edbf38b23335.jpeg,654,654,654,654,True,True,True,True,0.5990566037735849,0.3902439024390244,0.1382855741288958,True,150528,60120,17385
mediapipe-efficientnet-lite0-int8,655/24d1d276515cfce06aa6471865382e19d138c495.jpeg,655,655,779,733,False,False,True,True,0.31343283582089554,0.15789473684210525,0.2723926591977849,True,150528,32128,13584
mediapipe-efficientnet-lite0-int8,656/a7099e8d158375a05c0c805600a7e2808aa31638.jpeg,656,656,656,656,True,True,True,True,0.6415094339622641,0.6757990867579908,0.03522575120945712,True,150528,45864,20908
mediapipe-efficientnet-lite0-int8,657/13d78f306af11f2210348da32d2d48a9ddc82abe.jpeg,657,657,542,733,False,False,False,False,0.20100502512562815,0.48258706467661694,0.22609982537429435,True,150528,63641,345
mediapipe-efficientnet-lite0-int8,658/fb5bc7531825f135cb4f8f97ee1c860a8aa60191.jpeg,658,658,658,658,True,True,True,True,0.6296296296296297,0.416289592760181,0.05078952627335402,True,150528,52067,13191
mediapipe-efficientnet-lite0-int8,659/10446881e68baa13b6ba54ff587b4c915a6cd3be.jpeg,659,659,961,828,False,False,True,False,0.3805309734513274,0.17801047120418848,0.17589199533403746,True,150528,14879,70095
mediapipe-efficientnet-lite0-int8,66/ccfaf3d616cc2d0c03213c84f266afb7c710e596.jpeg,66,66,66,66,True,True,True,True,0.3702127659574468,0.4810126582278481,0.03214127981583149,True,150528,46131,288
mediapipe-efficientnet-lite0-int8,660/67a1d4d234fbe602894afef673a7e0a7f11c9ccb.jpeg,660,660,660,660,True,True,True,True,0.9656652360515021,0.961038961038961,0.0002293219720475631,True,150528,18146,24517
mediapipe-efficientnet-lite0-int8,661/83d5f206a845e9900518145be0764b115649bb6b.jpeg,661,661,661,661,True,True,True,True,0.996031746031746,0.9801587301587301,0.005533041968260826,True,150528,41775,28607
mediapipe-efficientnet-lite0-int8,662/d4f3d623357deb51c2ca113c448e5bb28ae05364.jpeg,662,662,478,478,False,False,False,False,0.24352331606217617,0.14432989690721648,0.06914039599025698,True,150528,619,0
mediapipe-efficientnet-lite0-int8,663/0d5b7ba43e40daad83d8dea9fdb73f88b6505993.jpeg,663,663,497,497,False,False,True,True,0.6680672268907563,0.5462184873949579,0.02111034194884765,True,150528,23205,11833
mediapipe-efficientnet-lite0-int8,664/78d62bafefec8a9ec7b04f2643cb27a2b79f5eff.jpeg,664,664,916,916,False,False,False,False,0.4391304347826087,0.5546218487394958,0.05102760275515817,True,150528,43757,23197
mediapipe-efficientnet-lite0-int8,665/f9bf33cc66d5e1c91d7e8b233472f65008fc2d99.jpeg,665,665,665,665,True,True,True,True,0.8502024291497976,0.5506607929515418,0.08341232556625666,True,150528,9529,2230
mediapipe-efficientnet-lite0-int8,666/5c1e0e3ba72a49bb01eb81816b6d297e44a8ead2.jpeg,666,666,666,666,True,True,True,True,0.8122270742358079,0.17435897435897435,0.3835970094406513,True,150528,25432,47541
mediapipe-efficientnet-lite0-int8,667/0ba5bc0f3d3917d80190339eeffbed1bf1425c8b.jpeg,667,667,752,752,False,False,False,False,0.3867924528301887,0.3409090909090909,0.19436234125328716,True,150528,63461,876
mediapipe-efficientnet-lite0-int8,668/835e9d13bc327c75bda95a3aaffdc775ffdbf487.jpeg,668,668,668,668,True,True,True,True,0.984,0.9162995594713657,0.016099514498357143,True,150528,50009,4726
mediapipe-efficientnet-lite0-int8,669/c9495fda008b852f334e5c4c856d6f2994db0187.jpeg,669,669,669,669,True,True,True,True,0.9586776859504132,0.9260869565217391,0.018816197187275188,True,150528,2062,11318
mediapipe-efficientnet-lite0-int8,67/a9f64a26c88ae71bd6da2d99fdfc751741e5297b.jpeg,67,67,67,67,True,True,True,True,0.6569037656903766,0.9285714285714286,0.06843675048083393,True,150528,58005,55
mediapipe-efficientnet-lite0-int8,670/a59f93986485d23ca1e6cb6b0a39da61b888d140.jpeg,670,670,665,691,False,False,True,False,0.36363636363636365,0.1743119266055046,0.2317536975247076,True,150528,64917,13107
mediapipe-efficientnet-lite0-int8,671/d06bddb9e37eb26cd4575fc85493ff0ba1e85e8a.jpeg,671,671,671,671,True,True,True,True,0.9799196787148594,0.932,0.013764445149595468,True,150528,41353,7736
mediapipe-efficientnet-lite0-int8,672/010516e349d0864d0a7694658a20f1cd726b0acd.jpeg,672,672,693,693,False,False,True,True,0.49230769230769234,0.36507936507936506,0.13639395319710873,True,150528,68796,15542
mediapipe-efficientnet-lite0-int8,673/e5cee900293e9c00db1197219db9475612a6479a.jpeg,673,673,664,664,False,False,True,True,0.3135593220338983,0.4351464435146444,0.024179309931988704,True,150528,28779,17779
mediapipe-efficientnet-lite0-int8,674/e1653fb64e536fcb83e30432fef714475312ace4.jpeg,674,674,674,811,True,False,True,True,0.5606694560669456,0.2826086956521739,0.2527094160217176,True,150528,97557,20846
mediapipe-efficientnet-lite0-int8,675/0d6e3c08680b22cfb4dabf84cf51914e2edb5e22.jpeg,675,675,867,803,False,False,True,False,0.620253164556962,0.5091743119266054,0.2828814793652321,True,150528,5308,27990
mediapipe-efficientnet-lite0-int8,676/c33bbdd29e6beaa357ec29f3ea02d7bb38c67754.jpeg,676,676,676,676,True,True,True,True,0.9959349593495935,0.9753086419753086,0.007185178207122945,True,150528,67952,6341
mediapipe-efficientnet-lite0-int8,677/bc14a426a466cc77349e053278460e1ae3b9dff7.jpeg,677,677,971,971,False,False,False,False,0.35678391959798994,0.2727272727272727,0.1453666656712573,True,150528,20148,3279
mediapipe-efficientnet-lite0-int8,678/7c99384c006a6624dc800d82f45c86a342c239b4.jpeg,678,678,678,678,True,True,True,True,0.12,0.1407035175879397,0.14993434622471186,True,150528,15582,7341
mediapipe-efficientnet-lite0-int8,679/da317cb4b5eb047a670f0d60fb6cf32ee3906bf6.jpeg,679,679,885,655,False,False,False,False,0.5614035087719298,0.4482758620689655,0.21731572727057888,True,150528,47239,1106
mediapipe-efficientnet-lite0-int8,68/7d17b1af0223dd03d73bbc7ca8da9486b61454b4.jpeg,68,68,303,790,False,False,False,False,0.20526315789473684,0.20786516853932585,0.31432635090628813,True,150528,87099,7258
mediapipe-efficientnet-lite0-int8,680/f2f5ac2f8ac734400f2d2d796f87f1b890b3b6d5.jpeg,680,680,886,761,False,False,False,False,0.22110552763819097,0.09950248756218906,0.1520188483217242,True,150528,985,77405
mediapipe-efficientnet-lite0-int8,681/809b8d6bfed9a3abe360eaf12de48349bdb2877e.jpeg,681,681,681,681,True,True,True,True,0.7836734693877551,0.6680672268907563,0.0885289218384066,True,150528,78109,19528
mediapipe-efficientnet-lite0-int8,682/4cd4f0b15585337dba07ac12cff1c1913ea87f8a.jpeg,682,682,884,884,False,False,False,False,0.41333333333333333,0.2966507177033493,0.04593721268069757,True,150528,28711,226
mediapipe-efficientnet-lite0-int8,683/a7726232d87f711d7a6f050da70596ce7e2abbdf.jpeg,683,683,683,683,True,True,True,True,0.6088709677419355,0.4204081632653061,0.037997420946307245,True,150528,84470,847
mediapipe-efficientnet-lite0-int8,684/290955d3bb555281cd5efef2fe059ce102065a9c.jpeg,684,684,684,684,True,True,True,True,1.0,1.0,0.0,True,150528,1328,81514
mediapipe-efficientnet-lite0-int8,685/8ac6a8177f4dc3c3578d153b144858964af2e714.jpeg,685,685,685,685,True,True,True,True,1.0,1.0,0.0,True,150528,26928,5464
mediapipe-efficientnet-lite0-int8,686/744bae91b29b444237bd58b4c138aa74e6505949.jpeg,686,686,686,686,True,True,True,True,0.3482587064676617,0.5145631067961165,0.08847379780838288,True,150528,6015,124338
mediapipe-efficientnet-lite0-int8,687/974e3081f53f869edf2b934c0ef177bc591efa3a.jpeg,687,687,698,698,False,False,True,True,0.3482142857142857,0.3926940639269406,0.03863094855596866,True,150528,22462,6785
mediapipe-efficientnet-lite0-int8,688/5a4bb4a4dc2b5f26148ff26de86e9d479977aeda.jpeg,688,688,688,688,True,True,True,True,0.8425925925925926,0.38144329896907214,0.16602893123941717,True,150528,82732,29894
mediapipe-efficientnet-lite0-int8,689/768d7dca67858b4e549298319bdb3dfb45cd6ed1.jpeg,689,689,689,578,True,False,True,True,0.38425925925925924,0.27927927927927926,0.11818100540927101,True,150528,20907,35484
mediapipe-efficientnet-lite0-int8,69/5a4701af19ec2b89b69b78d2a906d3f35ea9a6a4.jpeg,69,69,25,25,False,False,False,False,0.583732057416268,0.3387096774193548,0.2110910988691239,True,150528,110620,583
mediapipe-efficientnet-lite0-int8,690/1ce22ce425c47a300c7245756d40aa859e2da5b6.jpeg,690,690,425,958,False,False,False,False,0.21395348837209302,0.3904761904761905,0.1074129645235817,True,150528,11089,67393
mediapipe-efficientnet-lite0-int8,691/a505fcc4e088e870cb4e91956a1d7579fde98528.jpeg,691,691,823,918,False,False,True,False,0.19339622641509435,0.135678391959799,0.22336148963992863,True,150528,9196,20974
mediapipe-efficientnet-lite0-int8,692/7aaa1721e31547410063e214f147de46ffc5216c.jpeg,692,692,478,710,False,False,True,False,0.5518867924528302,0.319047619047619,0.12938011535853533,True,150528,23316,9115
mediapipe-efficientnet-lite0-int8,693/3a0e534bf628f4d98baad18bc6ee983c2a90936b.jpeg,693,693,693,693,True,True,True,True,0.41708542713567837,0.38095238095238093,0.062235784877606504,True,150528,5238,46166
mediapipe-efficientnet-lite0-int8,694/303d75046b866cfccd35b192c8fe1803d7020790.jpeg,694,694,536,517,False,False,False,False,0.39565217391304347,0.2565217391304348,0.11567241974376719,True,150528,66428,10846
mediapipe-efficientnet-lite0-int8,695/0532a7c3dc1a9148b1d5229b8a7e2949f0531246.jpeg,695,695,772,772,False,False,True,True,0.2028301886792453,0.3824884792626728,0.11407471750125209,True,150528,9305,31437
mediapipe-efficientnet-lite0-int8,696/7a12c66ac3928929e0373f7121734e179e1e839c.jpeg,696,696,985,985,False,False,False,False,0.9745762711864406,0.9777777777777777,0.005190955568225289,True,150528,61570,24074
mediapipe-efficientnet-lite0-int8,697/9d23aff3a7e3ac85d32e3edb88c415e70e46ec52.jpeg,697,697,697,568,True,False,True,True,0.2571428571428571,0.4909090909090909,0.12424439456684842,True,150528,6465,10654
mediapipe-efficientnet-lite0-int8,698/af79db5f867bdb972f918c1416a8e526873746bc.jpeg,698,698,483,483,False,False,True,True,0.9881422924901185,0.984313725490196,0.000192451013713098,True,150528,21193,11788
mediapipe-efficientnet-lite0-int8,699/19dbe4be7c1617b468221f2a62d2226f34392129.jpeg,699,699,699,699,True,True,True,True,0.9525862068965517,0.8681818181818182,0.017858986815521907,True,150528,69128,22157
mediapipe-efficientnet-lite0-int8,7/5cddf9847b9f2dcf12264e57b3857940559f4dd9.jpeg,7,7,855,855,False,False,False,False,0.3737864077669903,0.27403846153846156,0.03971811775090281,True,150528,4532,2463
mediapipe-efficientnet-lite0-int8,70/6ce96c39c6038d00117b0e27739a410feb140258.jpeg,70,70,70,70,True,True,True,True,1.0,1.0,0.0,True,150528,17055,73
mediapipe-efficientnet-lite0-int8,700/9169980633b1f3eaabd49d8bc57b76254e188b7d.jpeg,700,700,720,585,False,False,True,False,0.2119815668202765,0.1792452830188679,0.19034958521501805,True,150528,52065,4969
mediapipe-efficientnet-lite0-int8,701/29d195d15a9b7648a066f3c7d5111dac32e05e41.jpeg,701,701,701,701,True,True,True,True,0.9292035398230089,0.645320197044335,0.0832027528290063,True,150528,8257,16142
mediapipe-efficientnet-lite0-int8,702/ad27a0cfdbe800f562051d8973f455af0cbc9a02.jpeg,702,702,851,851,False,False,False,True,0.3878504672897196,0.2560386473429952,0.07113566940728512,True,150528,53624,13217
mediapipe-efficientnet-lite0-int8,703/90b2f674a59f0df6f095e90f562238a2d8d507b9.jpeg,703,703,870,612,False,False,False,True,0.27717391304347827,0.3826530612244898,0.09965652364353289,True,150528,3197,24115
mediapipe-efficientnet-lite0-int8,704/8899b4d824d1a2de543a72d5b24be8b635cc092e.jpeg,704,704,762,762,False,False,False,False,0.35046728971962615,0.4619289340101523,0.1137818244198259,True,150528,62350,699
mediapipe-efficientnet-lite0-int8,705/7d22e458172815b6c6cc51a01f02fbbe956a16e8.jpeg,705,705,466,705,False,True,True,True,0.3670886075949367,0.38961038961038963,0.1487961163905339,True,150528,48288,22779
mediapipe-efficientnet-lite0-int8,706/d356c23fa6c8c80956401cd9d66a9c1fb345355d.jpeg,706,706,706,706,True,True,True,True,0.3073394495412844,0.3105022831050228,0.09862229533938997,True,150528,44400,47320
mediapipe-efficientnet-lite0-int8,707/89e69a86b3d590ec44b82d8f30fb98dbb58c0096.jpeg,707,707,707,707,True,True,True,True,0.6,0.774468085106383,0.05325567442136281,True,150528,42852,6078
mediapipe-efficientnet-lite0-int8,708/fae8e1c4a5844fe31ac0ea48a36c85c8e450e1d7.jpeg,708,708,682,562,False,False,True,True,0.32432432432432434,0.3026315789473684,0.06249708741510385,True,150528,52286,18174
mediapipe-efficientnet-lite0-int8,709/e15bc499ed6cab84222f47b774abe4e5508d9f87.jpeg,709,709,831,855,False,False,False,False,0.2413793103448276,0.38190954773869346,0.30424654351389147,True,150528,17861,3818
mediapipe-efficientnet-lite0-int8,71/fa055957491b171fe9e840cfcf719f438b8c143a.jpeg,71,71,122,71,False,True,False,True,0.10471204188481675,0.13020833333333334,0.24113554605590587,True,150528,39291,10389
mediapipe-efficientnet-lite0-int8,710/a062a8929f91464254c1e15155be4ec5fc9b43a2.jpeg,710,710,710,876,True,False,True,True,0.29523809523809524,0.08040201005025126,0.2932214133775658,True,150528,41035,44200
mediapipe-efficientnet-lite0-int8,711/a39673dc3270503cd2f9142dd21550595c92b928.jpeg,711,711,711,563,True,False,True,False,0.1326530612244898,0.0892018779342723,0.17791238074335552,True,150528,101165,6097
mediapipe-efficientnet-lite0-int8,712/03f597d70b0950c4779f1733baf39147baa8700e.jpeg,712,712,589,400,False,False,False,False,0.16097560975609757,0.1497584541062802,0.23938758463133997,True,150528,350,77616
mediapipe-efficientnet-lite0-int8,713/b232e5fe21bdec77f1060aef3343b2bf5b7dbd4f.jpeg,713,713,480,713,False,True,True,True,0.8619246861924686,0.2920353982300885,0.39248159915994274,True,150528,10227,48266
mediapipe-efficientnet-lite0-int8,714/98c915a2dbb5472d0e0d6d8e13c52a2bba811ebd.jpeg,714,714,714,714,True,True,True,True,0.9880952380952381,0.9718875502008032,0.002478221133107343,True,150528,53660,14777
mediapipe-efficientnet-lite0-int8,715/846f454669c763b211f025f9d9c275b2561536aa.jpeg,715,715,562,562,False,False,True,False,0.12745098039215685,0.3867924528301887,0.30085560960703406,True,150528,346,48617
mediapipe-efficientnet-lite0-int8,716/5a4369d9a46220bce17deb9dae60c688bfe26d69.jpeg,716,716,716,716,True,True,True,True,0.9291338582677166,0.968,0.00902189716364021,True,150528,23452,45061
mediapipe-efficientnet-lite0-int8,717/57c1930928dec6e1e6b5837a3db36e50da3725e7.jpeg,717,717,717,717,True,True,True,True,0.9920634920634921,0.9880952380952381,0.00020174518339705657,True,150528,35432,19772
mediapipe-efficientnet-lite0-int8,718/712bb329f7af9887d531103afd3286a0a0b96aef.jpeg,718,718,718,718,True,True,True,True,0.7016129032258065,0.6972111553784861,0.0010344835553793529,True,150528,43905,1315
mediapipe-efficientnet-lite0-int8,719/d782f01fd198d237b070de02c31a4d2efd6ff115.jpeg,719,719,529,470,False,False,False,False,0.5869565217391305,0.4798206278026906,0.19215571874280482,True,150528,19429,27676
mediapipe-efficientnet-lite0-int8,72/3f69e6090d3dd14cda3aef7e4332dde05d9fd95b.jpeg,72,72,72,72,True,True,True,True,0.7583333333333333,0.7583333333333333,0.0,True,150528,55709,4585
mediapipe-efficientnet-lite0-int8,720/f06e320cec7391d16abfab826a5e327175a93395.jpeg,720,720,720,720,True,True,True,True,0.6650717703349283,0.9057377049180327,0.06627081739517371,True,150528,14388,12337
mediapipe-efficientnet-lite0-int8,721/bab6bf9846c65938243320206b3f21152cf66a16.jpeg,721,721,831,831,False,False,False,False,0.4252336448598131,0.5154185022026432,0.11915185903552312,True,150528,10768,17215
mediapipe-efficientnet-lite0-int8,722/5e23dbd2e79aed61972dc3fa55331e2a59aa8324.jpeg,722,722,722,722,True,True,True,True,0.4649122807017544,0.4430379746835443,0.04288379652695026,True,150528,29167,870
mediapipe-efficientnet-lite0-int8,723/96980fe1a686f67c4c4554062f4eba3fd1a1a689.jpeg,723,723,723,723,True,True,True,True,0.7571428571428571,0.8625,0.06609287737224862,True,150528,44456,7287
mediapipe-efficientnet-lite0-int8,724/441ea9326107cca1108e9bf78ee492f35096566f.jpeg,724,724,724,557,True,False,True,False,0.6098654708520179,0.16129032258064516,0.48783309522049273,True,150528,28931,22751
mediapipe-efficientnet-lite0-int8,725/4fb1d5b96167eb761b1ff4f0d7ec37c4d541f15b.jpeg,725,725,883,883,False,False,True,True,0.9642857142857143,0.9642857142857143,0.004236333288379829,True,150528,31897,8712
mediapipe-efficientnet-lite0-int8,726/c2cbe3b22e1f7181d1030e8a2c332f9c5709849b.jpeg,726,726,726,726,True,True,True,True,1.0,0.9083333333333333,0.03287047007203407,True,150528,39229,14354
mediapipe-efficientnet-lite0-int8,727/65e87715edf3e14ae0bb44822e4cd6827121913e.jpeg,727,727,538,727,False,True,True,True,0.5,0.582995951417004,0.012019597299092594,True,150528,16275,25566
mediapipe-efficientnet-lite0-int8,728/45d3ec8b500af6f1d1875a35c6a8acfc17258189.jpeg,728,728,410,410,False,False,True,False,0.7752293577981652,0.4619289340101523,0.16552803400465088,True,150528,48714,8657
mediapipe-efficientnet-lite0-int8,729/d912facf8350b16c6ad5264c25bb6dd26fa45c44.jpeg,729,729,534,875,False,False,True,False,0.23696682464454977,0.07954545454545454,0.3519553537645441,True,150528,28114,52840
mediapipe-efficientnet-lite0-int8,73/8fddd9763bc2ce834748da203c6b0828b4e4c2e7.jpeg,73,73,73,73,True,True,True,True,0.5764192139737991,0.6372093023255814,0.018481076962018603,True,150528,8231,569
mediapipe-efficientnet-lite0-int8,730/9a5f583261e45ccb1cbb02c3f389059929d6be52.jpeg,730,730,730,730,True,True,True,True,0.7609561752988048,0.592741935483871,0.021415263351804242,True,150528,42035,17805
mediapipe-efficientnet-lite0-int8,731/90d9b4f1c5dae4cb2ed4b124ff58e32c425b501f.jpeg,731,731,778,423,False,False,False,False,0.28773584905660377,0.22395833333333334,0.38974550026592647,True,150528,31106,38697
mediapipe-efficientnet-lite0-int8,732/0a3f4c624ada6f790f85b6a705f9f49fcc688445.jpeg,732,732,759,759,False,False,True,True,0.7886178861788617,0.8293650793650794,0.0030923964631211134,True,150528,55523,27784
mediapipe-efficientnet-lite0-int8,733/7c375ec4271d68004a142cb63f56d15bf666c71a.jpeg,733,733,975,975,False,False,True,True,0.10101010101010101,0.06077348066298342,0.16442402029859116,True,150528,30762,47946
mediapipe-efficientnet-lite0-int8,734/33d2d50510aaae27b320ea30447eb462d11546fa.jpeg,734,734,817,817,False,False,True,True,0.6958333333333333,0.6150627615062761,0.00992529669083466,True,150528,22421,5333
mediapipe-efficientnet-lite0-int8,735/770927ed1f414b2eeeaf25b7d7a21f66b2ec1778.jpeg,735,735,501,457,False,False,True,True,0.32340425531914896,0.3146551724137931,0.08481338195944389,True,150528,22820,16469
mediapipe-efficientnet-lite0-int8,736/899d54e7d3f7c249b506e76873eb2aaab60df3c7.jpeg,736,736,831,905,False,False,True,True,0.29577464788732394,0.2465753424657534,0.06605885022121749,True,150528,22516,16097
mediapipe-efficientnet-lite0-int8,737/71185094524ef23c520aeae420d72b1ea9ab5966.jpeg,737,737,440,907,False,False,True,False,0.31683168316831684,0.5,0.10178105833009389,True,150528,29989,2531
mediapipe-efficientnet-lite0-int8,738/e77bf43f855c69808aaa14e92ea97cc3ef9522c9.jpeg,738,738,756,756,False,False,True,True,0.3417085427135678,0.7542372881355932,0.17170012772887155,True,150528,47852,8443
mediapipe-efficientnet-lite0-int8,739/269da30a09d6ad123aa026d1400e0fedebcc8c26.jpeg,739,739,739,739,True,True,True,True,0.9799196787148594,0.9382716049382716,0.0137750838110226,True,150528,38992,12614
mediapipe-efficientnet-lite0-int8,74/1d325c2b49420e6b2fe61de3ed139b4ad20f7d37.jpeg,74,74,72,72,False,False,True,True,0.731404958677686,0.7012448132780082,0.002423195866926132,True,150528,33540,2851
mediapipe-efficientnet-lite0-int8,740/0e01f7105c6818f859f598734a5246de153b986c.jpeg,740,740,740,740,True,True,True,True,0.5175438596491229,0.19457013574660634,0.16570282436920333,True,150528,40450,73759
mediapipe-efficientnet-lite0-int8,741/d0ee74a2d04dc7f00d5ecb5b38fba98d889ead73.jpeg,741,741,741,539,True,False,True,True,0.7412280701754386,0.2372093023255814,0.3088097627904586,True,150528,23127,17646
mediapipe-efficientnet-lite0-int8,742/37829291c26e258f6d2ac74a6f0af9f7a6a45a2b.jpeg,742,742,579,982,False,False,False,False,0.2849740932642487,0.1796116504854369,0.2779800166505985,True,150528,43056,40128
mediapipe-efficientnet-lite0-int8,743/18478f888b94fc98f6479d29a2a077a1e99ec2fb.jpeg,743,743,743,743,True,True,True,True,0.9800796812749004,0.97165991902834,0.008383539700243137,True,150528,35064,2331
mediapipe-efficientnet-lite0-int8,744/2a30a513cbedc9b9830a0f0b7d482e8c62e2baaf.jpeg,744,744,744,562,True,False,True,True,0.3724696356275304,0.2914572864321608,0.370589659763576,True,150528,52438,15804
mediapipe-efficientnet-lite0-int8,745/8799385e883a820159460b9123f8e9a0d720b265.jpeg,745,745,745,732,True,False,True,True,0.17889908256880735,0.19617224880382775,0.1691458966216947,True,150528,53890,5710
mediapipe-efficientnet-lite0-int8,746/ace81de18167db10be511af86cd5bcfd8f995578.jpeg,746,746,746,746,True,True,True,True,0.9752066115702479,0.9789029535864979,0.0021318607379578283,True,150528,2572,64003
mediapipe-efficientnet-lite0-int8,747/4ca9fa61ba9055a6a9c3c7252633eba797f04358.jpeg,747,747,747,747,True,True,True,True,0.8366533864541833,0.6214953271028038,0.11302820229935233,True,150528,36742,19636
mediapipe-efficientnet-lite0-int8,748/2856c65394e736c71fc1e2eef6b98c511369af20.jpeg,748,748,681,681,False,False,False,False,0.095,0.19791666666666666,0.18609049999615243,True,150528,18511,8107
mediapipe-efficientnet-lite0-int8,749/620c067de272629dc67f337bd57cd32dae74a2f4.jpeg,749,749,762,749,False,True,True,True,0.40969162995594716,0.8454935622317596,0.21919932214079751,True,150528,53994,2261
mediapipe-efficientnet-lite0-int8,75/e5f30c81a80093e83ecc78253c39c1e2a2287c74.jpeg,75,75,75,75,True,True,True,True,0.7409326424870466,0.16326530612244897,0.3153170890475777,True,150528,77490,708
mediapipe-efficientnet-lite0-int8,750/c0253e58ccf561518138cd9988af0ff9a4a31a9f.jpeg,750,750,750,750,True,True,True,True,0.7758620689655172,0.8189655172413793,0.01053923043450311,True,150528,5834,35758
mediapipe-efficientnet-lite0-int8,751/dc206cc036f1540df4a509d6cc894f2a83da086b.jpeg,751,751,751,751,True,True,True,True,0.42543859649122806,0.4156378600823045,0.027215068690389765,True,150528,13416,7086
mediapipe-efficientnet-lite0-int8,752/e90d13a760cf072e0f208cd11af3803486371bdb.jpeg,752,752,752,752,True,True,True,True,0.9678714859437751,0.9723320158102767,0.008136610090768699,True,150528,22762,2436
mediapipe-efficientnet-lite0-int8,753/21913ee738dc3a48c513eb24953af29de4c09417.jpeg,753,753,753,753,True,True,True,True,1.0,0.9090909090909091,0.03258935049315667,True,150528,51559,5578
mediapipe-efficientnet-lite0-int8,754/01e2e5a3f7e4c7403c0971b1f4932aaed1d9c2f7.jpeg,754,754,848,848,False,False,True,False,0.2669683257918552,0.2237442922374429,0.07615298718989735,True,150528,8954,1972
mediapipe-efficientnet-lite0-int8,755/b08d684d7e490e4857bcdbe1d09a6c41cc9e304b.jpeg,755,755,538,538,False,False,True,True,0.611336032388664,0.36134453781512604,0.046324444061145026,True,150528,1920,316
mediapipe-efficientnet-lite0-int8,756/4bcdb0c825c4a089b3465abe2ad030a823362aa3.jpeg,756,756,756,756,True,True,True,True,0.6932270916334662,0.732,0.002174917861944731,True,150528,9348,21240
mediapipe-efficientnet-lite0-int8,757/a71fddd123bed45d8356dffbc46257d0d7edcfb6.jpeg,757,757,867,664,False,False,True,False,0.10638297872340426,0.10362694300518134,0.43870334788830867,True,150528,44555,53087
mediapipe-efficientnet-lite0-int8,758/dcb2d56cb49f4220ae91a471b12f0dd20a2c6ac5.jpeg,758,758,758,758,True,True,True,True,1.0,1.0,0.0,True,150528,34718,5126
mediapipe-efficientnet-lite0-int8,759/45e127f88a685461d0df89cb87b67369cf639abe.jpeg,759,759,759,759,True,True,True,True,0.9703389830508474,0.7297297297297297,0.07902841611305586,True,150528,85497,40177
mediapipe-efficientnet-lite0-int8,76/ac7a78883d8ae958177429612eaf8680e5c028c0.jpeg,76,76,76,76,True,True,True,True,0.9873949579831933,0.9783549783549783,0.0007992520984978356,True,150528,23774,1055
mediapipe-efficientnet-lite0-int8,760/ce572b4d78081f7b42cbcfb0813226c02794b81f.jpeg,760,760,882,882,False,False,True,True,0.45320197044334976,0.4824120603015075,0.1758182738816378,True,150528,105386,4875
mediapipe-efficientnet-lite0-int8,761/b8f471a99888a1417dfd7ee1d9b2ff77255427fe.jpeg,761,761,826,487,False,False,False,False,0.5816326530612245,0.5204081632653061,0.09590753951726827,True,150528,25772,36577
mediapipe-efficientnet-lite0-int8,762/240c5d35b379f43369bae792330857ebd2bdd9ab.jpeg,762,762,923,813,False,False,False,False,0.27906976744186046,0.27848101265822783,0.19129311059597254,True,150528,35490,5247
mediapipe-efficientnet-lite0-int8,763/31360a9fcb6e208c99963dfe71f57bcdde445814.jpeg,763,763,763,605,True,False,True,False,0.15730337078651685,0.07272727272727272,0.17850227427692242,True,150528,15659,63808
mediapipe-efficientnet-lite0-int8,764/02c665049619f96a382ddd3c9032df68d0773f19.jpeg,764,764,819,854,False,False,False,False,0.20526315789473684,0.1404494382022472,0.2803331138164963,True,150528,51093,3952
mediapipe-efficientnet-lite0-int8,765/e31c7245ae19060de06451d66852827352b6c1b5.jpeg,765,765,562,562,False,False,False,False,0.7822222222222223,0.9267241379310345,0.06676612460509768,True,150528,90606,8211
mediapipe-efficientnet-lite0-int8,766/83add81f944c68c79a58b6bcdf65f83b6868b05c.jpeg,766,766,766,766,True,True,True,True,0.9920948616600791,0.9802371541501976,0.002059216095946471,True,150528,25929,55833
mediapipe-efficientnet-lite0-int8,767/6307caafc92f598d2074cc82e10ba5b519092b22.jpeg,767,767,767,783,True,False,True,False,0.5097087378640777,0.21568627450980393,0.2879125688079732,True,150528,55629,15975
mediapipe-efficientnet-lite0-int8,768/7e7e04b81483ecab6508fc165213d7bedd9d64d1.jpeg,768,768,768,768,True,True,True,True,0.6100917431192661,0.47619047619047616,0.027580986983507135,True,150528,23763,6459
mediapipe-efficientnet-lite0-int8,769/d5d18cfab3ef739f0769aac15d94d3cd41f70be2.jpeg,769,769,456,792,False,False,False,False,0.16062176165803108,0.14563106796116504,0.07321941514849659,True,150528,3041,1559
mediapipe-efficientnet-lite0-int8,77/b35c853152ab7c76a6846ddd67a4430311ce207e.jpeg,77,77,77,77,True,True,True,True,0.9015748031496063,0.9322709163346613,0.004222838922912094,True,150528,30273,676
mediapipe-efficientnet-lite0-int8,770/f27994af3e40133edc9480401ae805694ac456be.jpeg,770,770,770,770,True,True,True,True,0.7603686635944701,0.8628318584070797,0.032897904438281306,True,150528,27001,26449
mediapipe-efficientnet-lite0-int8,771/ef56f55748aec9a39b3c171cb2679d9c65ebaf5b.jpeg,771,771,771,771,True,True,True,True,0.8076923076923077,0.8099547511312217,0.017381511724274944,True,150528,11299,11438
mediapipe-efficientnet-lite0-int8,772/e77b620ddccef66c80e45454870c39120a43ce28.jpeg,772,772,447,650,False,False,False,False,0.16393442622950818,0.23316062176165803,0.11414941011305593,True,150528,22725,22581
mediapipe-efficientnet-lite0-int8,773/17fb6aec2f665ddaab6666cfa3d6323b2fd3a601.jpeg,773,773,711,711,False,False,True,True,0.15384615384615385,0.20930232558139536,0.06587545668713228,True,150528,37320,16765
mediapipe-efficientnet-lite0-int8,774/98acfa48a613385c604d09361c367a80d393ed18.jpeg,774,774,539,464,False,False,False,False,0.3036649214659686,0.587378640776699,0.2710657356036964,True,150528,65487,701
mediapipe-efficientnet-lite0-int8,775/86d0e8d9322791f34fa5f325f71d70092e511f4f.jpeg,775,775,775,743,True,False,True,False,0.3349282296650718,0.23414634146341465,0.18704668273927447,True,150528,15647,3567
mediapipe-efficientnet-lite0-int8,776/0114dde59b832ec8f4783813d1f84856b9cc473b.jpeg,776,776,819,819,False,False,False,True,0.08,0.1477832512315271,0.10559593194290573,True,150528,103510,14791
mediapipe-efficientnet-lite0-int8,777/bbaf96739c3c92b5efb62c3edb5ade4fbe422cd5.jpeg,777,777,623,777,False,True,True,True,0.3869565217391304,0.22,0.1642252879424427,True,150528,41989,16209
mediapipe-efficientnet-lite0-int8,778/c028b4b6ce6f78852a7ec07f966ffc2b9bf91185.jpeg,778,778,778,778,True,True,True,True,0.19680851063829788,0.1783783783783784,0.14163160652704443,True,150528,29230,2947
mediapipe-efficientnet-lite0-int8,779/a6e5f3c5b2dfa4782509d0108ac38007949c344a.jpeg,779,779,779,779,True,True,True,True,0.9878048780487805,0.9959514170040485,0.0028260435256527955,True,150528,18823,26232
mediapipe-efficientnet-lite0-int8,78/e844141b9a0c712c139124be68c70315622563ea.jpeg,78,78,309,309,False,False,False,False,0.7256637168141593,0.15,0.3114030407030145,True,150528,25749,4049
mediapipe-efficientnet-lite0-int8,780/f4081743eff6bff4ae84e0e39e38f4ac0d36ea85.jpeg,780,780,830,456,False,False,False,False,0.21287128712871287,0.3686868686868687,0.19148224224535093,True,150528,36309,5744
mediapipe-efficientnet-lite0-int8,781/4dd8a4423bfb4eda5be11f11f4d631201bf60041.jpeg,781,781,781,916,True,False,True,True,0.42342342342342343,0.42924528301886794,0.06370699230557146,True,150528,49989,30943
mediapipe-efficientnet-lite0-int8,782/ed08dc96015c0d98f249f55cd6a4789fcdf1c36c.jpeg,782,782,851,851,False,False,True,True,0.5258215962441315,0.6304347826086957,0.01285151731478347,True,150528,14632,72810
mediapipe-efficientnet-lite0-int8,783/e2035f7f6fccf6900a188b25f81dffb555736ab5.jpeg,783,783,783,783,True,True,True,True,0.952191235059761,0.9841897233201581,0.004345354930757293,True,150528,3880,38827
mediapipe-efficientnet-lite0-int8,784/80270424c154ebb1d17cb6149b760a86a9cac1b9.jpeg,784,784,504,504,False,False,False,False,0.7665198237885462,0.8857142857142857,0.04652871823825035,True,150528,51221,14357
mediapipe-efficientnet-lite0-int8,785/4c114272cbbf742732852bfc8c2cd14c438dc7c9.jpeg,785,785,785,511,True,False,True,True,0.34554973821989526,0.21153846153846154,0.1568443107968901,True,150528,74906,21193
mediapipe-efficientnet-lite0-int8,786/994bfe07cd6392bbfdaf07b18e1c32f7dd8f333f.jpeg,786,786,786,786,True,True,True,True,0.9510204081632653,0.6190476190476191,0.10988244218016213,True,150528,13142,9194
mediapipe-efficientnet-lite0-int8,787/6563719505463e5334174aa9c4fab41ec85542de.jpeg,787,787,787,461,True,False,True,True,0.4057377049180328,0.2911392405063291,0.04035917305406088,True,150528,25934,8403
mediapipe-efficientnet-lite0-int8,788/8af838bc32dfc46433d191cb70953f30bae36e21.jpeg,788,788,562,576,False,False,True,True,0.2347417840375587,0.20772946859903382,0.1896487476189022,True,150528,4280,21383
mediapipe-efficientnet-lite0-int8,789/3f401164e4262efb81397a90d463bc5e9a9e0924.jpeg,789,789,789,789,True,True,True,True,0.9598393574297188,0.871244635193133,0.021248061771335917,True,150528,67577,564
mediapipe-efficientnet-lite0-int8,79/8d7dbd21a1b4e7f776072615814696ef45fcacbc.jpeg,79,79,584,584,False,False,True,False,0.2681564245810056,0.391304347826087,0.24611364449133957,True,150528,2641,116112
mediapipe-efficientnet-lite0-int8,790/0203766fdbe5736114a4f952fac2febff1ca39f5.jpeg,790,790,748,748,False,False,False,True,0.8930041152263375,0.7768595041322314,0.03761839760772503,True,150528,42433,40012
mediapipe-efficientnet-lite0-int8,791/d5596523aea284b98e77e09ddc935341cfb7aaeb.jpeg,791,791,703,703,False,False,False,False,0.7899543378995434,0.19047619047619047,0.2537311186312434,True,150528,76729,14249
mediapipe-efficientnet-lite0-int8,792/f939923e8f382fb2b29bbb9a76a09e54809cb6a5.jpeg,792,792,792,792,True,True,True,True,0.39805825242718446,0.3465346534653465,0.045409730457516645,True,150528,448,113
mediapipe-efficientnet-lite0-int8,793/088c112c985d6b40e4046fa2ddf1b4e2fbd80886.jpeg,793,793,452,793,False,True,True,True,0.41784037558685444,0.2670157068062827,0.09479672538396114,True,150528,24185,17704
mediapipe-efficientnet-lite0-int8,794/01507e861926eda47821aaca9d2eb01472aa04dc.jpeg,794,794,794,794,True,True,True,True,0.9591836734693877,0.5429864253393665,0.16045570165021253,True,150528,3002,38488
mediapipe-efficientnet-lite0-int8,795/3bf71be010f2a3d8d8f934ad1d0a3ececeb70d78.jpeg,795,795,795,795,True,True,True,True,1.0,0.8571428571428571,0.05226048139962708,True,150528,14357,51717
mediapipe-efficientnet-lite0-int8,796/6939196123e8428ff26c82c84ca3a66b1bc94dcc.jpeg,796,796,796,834,True,False,True,False,0.08241758241758242,0.1099476439790576,0.21290107926381194,True,150528,57863,31160
mediapipe-efficientnet-lite0-int8,797/5690b647cfc06beae8788255e063984a8f9073f6.jpeg,797,797,797,457,True,False,True,True,0.9367088607594937,0.4646017699115044,0.19096069437936775,True,150528,33821,13464
mediapipe-efficientnet-lite0-int8,798/f74f10f1a8b4e3f1b611f8e56236050295eea31e.jpeg,798,798,798,798,True,True,True,True,1.0,0.9669421487603306,0.011595883265450049,True,150528,278,1627
mediapipe-efficientnet-lite0-int8,799/309b67d5851e50dc2015171ebab3e8e6b7afcc20.jpeg,799,799,799,799,True,True,True,True,0.8209606986899564,0.6338028169014085,0.05089291294431342,True,150528,53536,28113
mediapipe-efficientnet-lite0-int8,8/4cb95ebd1843cd16ae6beb54d5af5bd41ae6ee7d.jpeg,8,8,8,8,True,True,True,True,0.9523809523809523,0.9227642276422764,0.007367878880339702,True,150528,38039,7667
mediapipe-efficientnet-lite0-int8,80/1adc2b6966ed105d4475d9943588c76cfaa31ac2.jpeg,80,80,80,80,True,True,True,True,0.996031746031746,0.9881422924901185,0.005492702801912501,True,150528,26742,4922
mediapipe-efficientnet-lite0-int8,800/11181185e861b494f037bd9931d6db21ae37897f.jpeg,800,800,800,800,True,True,True,True,0.45643153526970953,0.37799043062200954,0.04331910418019569,True,150528,50607,4396
mediapipe-efficientnet-lite0-int8,801/0003b329c6c44d401beaf36c0170cde7dfbb1fc1.jpeg,801,801,801,801,True,True,True,True,0.6260504201680672,0.592274678111588,0.014512652913391145,True,150528,28520,5114
mediapipe-efficientnet-lite0-int8,802/22b5e641f11cfd311ccd3703f3b4d0f755439741.jpeg,802,802,802,802,True,True,True,True,0.6318181818181818,0.5,0.10524282514369382,True,150528,5785,101229
mediapipe-efficientnet-lite0-int8,803/5251a5f72f813a6f60ff942ecf72870a3789c7a7.jpeg,803,803,803,779,True,False,True,True,0.736,0.7131147540983607,0.1346156239686976,True,150528,48644,27872
mediapipe-efficientnet-lite0-int8,804/6ec019729cfabb56359f6d1f73e0f2028ec97b65.jpeg,804,804,804,804,True,True,True,True,0.8232558139534883,0.9307359307359307,0.034301821804652896,True,150528,41035,16983
mediapipe-efficientnet-lite0-int8,805/59a2d69655ced24241b5919b7df3c2d321bf9475.jpeg,805,805,805,805,True,True,True,True,0.948,0.751004016064257,0.0490593479955307,True,150528,29489,3340
mediapipe-efficientnet-lite0-int8,806/493aecf776a7517a1413f9dd6bf92db1706df410.jpeg,806,806,806,806,True,True,True,True,0.5801886792452831,0.6566523605150214,0.0853893598129984,True,150528,998,68207
mediapipe-efficientnet-lite0-int8,807/d2a071ad67144ac823fa632df8b231380e35bfb5.jpeg,807,807,975,858,False,False,False,False,0.17435897435897435,0.20833333333333334,0.05557712898114887,True,150528,32666,499
mediapipe-efficientnet-lite0-int8,808/349ec75acaee73528d0fbf501655cb232c7affdc.jpeg,808,808,650,819,False,False,True,False,0.16666666666666666,0.10101010101010101,0.18220567263719517,True,150528,70703,44890
mediapipe-efficientnet-lite0-int8,809/8642a7b077a23fadfe7f90ce7679f18b8d22c34f.jpeg,809,809,809,809,True,True,True,True,0.6578947368421053,0.547945205479452,0.024932479182873578,True,150528,38200,6854
mediapipe-efficientnet-lite0-int8,81/aafff3d0f075880bd97c45b7d54d8d7f602ffd2e.jpeg,81,81,825,42,False,False,True,False,0.2727272727272727,0.17061611374407584,0.3139654314999922,True,150528,17431,475
mediapipe-efficientnet-lite0-int8,810/93cb602015a0a6b1750d91fb93aedd0bd56c2bb6.jpeg,810,810,673,810,False,True,True,True,0.3521739130434783,0.35964912280701755,0.03727442060427215,True,150528,18027,98262
mediapipe-efficientnet-lite0-int8,811/49530de84630a22556a9367ea2ddd33bb797a6b0.jpeg,811,811,811,811,True,True,True,True,0.9760956175298805,0.7942386831275721,0.05153162699164646,True,150528,41038,17997
mediapipe-efficientnet-lite0-int8,812/f8656f94ea7df33157d51ee220b793c1038ccad0.jpeg,812,812,812,812,True,True,True,True,0.9437751004016064,0.417910447761194,0.21309518388592402,True,150528,66091,3279
mediapipe-efficientnet-lite0-int8,813/f93e45de1cf09092d77042b28daf244350a1a373.jpeg,813,813,898,898,False,False,False,False,0.18333333333333332,0.20100502512562815,0.11762366860403678,True,150528,47863,16790
mediapipe-efficientnet-lite0-int8,814/81a4045da2c0e61aefe18e796d94290e59b41791.jpeg,814,814,814,536,True,False,True,True,0.5367965367965368,0.5305164319248826,0.36071810066972,True,150528,13909,11104
mediapipe-efficientnet-lite0-int8,815/c067f06914577b81070ca9043f8a41645e255c2a.jpeg,815,815,815,815,True,True,True,True,0.9508928571428571,0.9423076923076923,0.005311546939055287,True,150528,48843,3502
mediapipe-efficientnet-lite0-int8,816/15564d0229cec55c2a7aec5c7ff3a973ae07e3b2.jpeg,816,816,816,816,True,True,True,True,0.9758064516129032,0.9545454545454546,0.005906872828886261,True,150528,4210,250
mediapipe-efficientnet-lite0-int8,817/851ae62865796b6f266791abd5ec04658c68db68.jpeg,817,817,817,817,True,True,True,True,0.8477366255144033,0.8122448979591836,0.0061648673522718255,True,150528,45989,14273
mediapipe-efficientnet-lite0-int8,818/a4125b45c92217db9984946e99e3fe207d6b565d.jpeg,818,818,920,920,False,False,False,False,0.2488479262672811,0.2961165048543689,0.1794137322916816,True,150528,12869,48772
mediapipe-efficientnet-lite0-int8,819/925a1e4a9ad9b5fee5fab8a29f96cb2c11e2eb87.jpeg,819,819,819,819,True,True,True,True,0.45147679324894513,0.20388349514563106,0.36491230524911905,True,150528,87474,11839
mediapipe-efficientnet-lite0-int8,82/274ae66b667873d10da2307bb132c179bb01be48.jpeg,82,82,83,82,False,True,True,True,0.2880658436213992,0.34309623430962344,0.03774114440078315,True,150528,19612,20502
mediapipe-efficientnet-lite0-int8,820/071f3c22d4db733fac6be3f025da0038b77e5b15.jpeg,820,820,820,820,True,True,True,True,0.7553648068669528,0.5801886792452831,0.04898991768538403,True,150528,29289,16424
mediapipe-efficientnet-lite0-int8,821/b7d4bcdba1174b094c67911c17f0584bc046d135.jpeg,821,821,821,718,True,False,True,True,0.5780590717299579,0.5565610859728507,0.058102422376967375,True,150528,50774,35580
mediapipe-efficientnet-lite0-int8,822/58cb5f01fbb406be4355858baf1c709cd73382cb.jpeg,822,822,822,822,True,True,True,True,0.771551724137931,0.21153846153846154,0.2304799697135331,True,150528,31218,21032
mediapipe-efficientnet-lite0-int8,823/30db77d6964aeae1aa35a13cf646de1e3bd5675f.jpeg,823,823,400,400,False,False,True,False,0.33497536945812806,0.7935222672064778,0.2135533846505061,True,150528,13568,55094
mediapipe-efficientnet-lite0-int8,824/ab5fc6ee9f8d018ba34cfca6eb482153ffd244fc.jpeg,824,824,834,401,False,False,False,False,0.3169642857142857,0.4253393665158371,0.20080778718619313,True,150528,86855,2735
mediapipe-efficientnet-lite0-int8,825/7d18f1d39b2f32242482bda71252f6711761f867.jpeg,825,825,884,884,False,False,False,False,0.4830917874396135,0.4158878504672897,0.022983378602525726,True,150528,2456,11146
mediapipe-efficientnet-lite0-int8,826/11d32f42d62cca63e755efe59bb7990caaa49675.jpeg,826,826,826,826,True,True,True,True,0.24742268041237114,0.3556701030927835,0.07448255674078143,True,150528,54785,15714
mediapipe-efficientnet-lite0-int8,827/2884a9d2595c4e8a602124a83fd5578283be754d.jpeg,827,827,464,464,False,False,False,False,0.7639484978540773,0.8091286307053942,0.07754669530752148,True,150528,43073,20916
mediapipe-efficientnet-lite0-int8,828/ec705a828b5142bf949fb6ea0da1b2483b163b4c.jpeg,828,828,582,582,False,False,False,False,0.40969162995594716,0.33175355450236965,0.1659188869375649,True,150528,60164,18592
mediapipe-efficientnet-lite0-int8,829/3dcf931d9d58bda155085e6812c01856c050d528.jpeg,829,829,829,829,True,True,True,True,0.9357429718875502,0.8907563025210085,0.014327867718797594,True,150528,18909,51060
mediapipe-efficientnet-lite0-int8,83/b03219079e847c5763740f4b4d28094ab58acb7c.jpeg,83,83,83,83,True,True,True,True,0.9908675799086758,0.9641025641025641,0.006980204209180871,True,150528,6299,16587
mediapipe-efficientnet-lite0-int8,830/cd7ff101f3663afc597ffe8571122eb7fcd7e425.jpeg,830,830,702,830,False,True,True,True,0.3013698630136986,0.2638888888888889,0.12856318786372986,True,150528,50419,9360
mediapipe-efficientnet-lite0-int8,831/39acdfee0b225fd1bc04fd9e76873c44416d88f2.jpeg,831,831,831,831,True,True,True,True,0.6826086956521739,0.28292682926829266,0.16303167359874135,True,150528,66946,398
mediapipe-efficientnet-lite0-int8,832/273099beed4447f328425cbb9041639e27310343.jpeg,832,832,832,832,True,True,True,True,0.5555555555555556,0.4144144144144144,0.1384130008645611,True,150528,31971,21296
mediapipe-efficientnet-lite0-int8,833/f7cd87ddfb03c1f7d0fcb7e434c104bd37d9a319.jpeg,833,833,833,525,True,False,True,True,0.2146341463414634,0.18981481481481483,0.14581730196191667,True,150528,1168,17195
mediapipe-efficientnet-lite0-int8,834/1574f6288ef89f9b611f984f6ff580795776efd1.jpeg,834,834,834,834,True,True,True,True,0.24413145539906103,0.18947368421052632,0.16190191754683753,True,150528,80590,1660
mediapipe-efficientnet-lite0-int8,835/f3ceccbddb8b85137dec4b63f851c66a75cd4aad.jpeg,835,835,646,646,False,False,True,True,0.5278969957081545,0.7361111111111112,0.04330496311541149,True,150528,20419,11640
mediapipe-efficientnet-lite0-int8,836/498fdc234ffe21b855ccded3f3debe1d8033d5bd.jpeg,836,836,837,836,False,True,True,True,0.36818181818181817,0.07894736842105263,0.31123418478366355,True,150528,49385,60432
mediapipe-efficientnet-lite0-int8,837/847cd9047224db906bd13d55e7b606e8a03f5c40.jpeg,837,837,581,581,False,False,False,False,0.4708994708994709,0.7419354838709677,0.07363941142295949,True,150528,69260,2600
mediapipe-efficientnet-lite0-int8,838/155620c00f5c439b8fb61f992f64cce0a5f86e9e.jpeg,838,838,819,819,False,False,False,False,0.19138755980861244,0.24644549763033174,0.0897452497630055,True,150528,56446,34768
mediapipe-efficientnet-lite0-int8,839/874910b4a18a9ff12c8b4800fce5824dbb113a1f.jpeg,839,839,839,18,True,False,True,True,0.7763713080168776,0.7045454545454546,0.2973485754908579,True,150528,3539,100981
mediapipe-efficientnet-lite0-int8,84/d97b190b929dfd93aba4ebe8ed79852f438520bb.jpeg,84,84,84,84,True,True,True,True,1.0,0.996031746031746,0.001377264319444476,True,150528,46061,282
mediapipe-efficientnet-lite0-int8,840/0e3cc04896c95663ddbf6f56c44de100d5aad513.jpeg,840,840,624,421,False,False,False,False,0.1262135922330097,0.11917098445595854,0.13407423167237725,True,150528,41268,115
mediapipe-efficientnet-lite0-int8,841/8852f0a56d0e6b81c1d7455c6b887f077b63c4e4.jpeg,841,841,834,474,False,False,True,True,0.1977401129943503,0.19047619047619047,0.1093529110199472,True,150528,44859,8365
mediapipe-efficientnet-lite0-int8,842/abe0a194cb8ce93a450a434855288e23b68217f5.jpeg,842,842,515,515,False,False,False,False,0.7965367965367965,0.717948717948718,0.017655764599124206,True,150528,13232,15072
mediapipe-efficientnet-lite0-int8,843/ee08e1e8365cff644cd867c78a60ee1f0e9f5ce1.jpeg,843,843,476,884,False,False,False,False,0.3065326633165829,0.18823529411764706,0.10186487775709116,True,150528,42382,19633
mediapipe-efficientnet-lite0-int8,844/9d062c128866885274f0763aad525e7e4700db74.jpeg,844,844,844,507,True,False,True,True,0.5170940170940171,0.21153846153846154,0.2612758573021172,True,150528,24461,151
mediapipe-efficientnet-lite0-int8,845/a3a7032407412b9313ac33d940401519f4d2e1be.jpeg,845,845,916,916,False,False,False,False,0.357487922705314,0.49,0.1926386931143832,True,150528,1979,96170
mediapipe-efficientnet-lite0-int8,846/afb22179609ac655cd5fd4ddd5c7df90ce4bcbd7.jpeg,846,846,532,532,False,False,True,True,0.6026785714285714,0.43043478260869567,0.057965384273687644,True,150528,44552,13680
mediapipe-efficientnet-lite0-int8,847/5fa1d926640563f0461a11e7116a50dba556806d.jpeg,847,847,847,847,True,True,True,True,0.9196787148594378,0.9308943089430894,0.013448625474216849,True,150528,50040,48206
mediapipe-efficientnet-lite0-int8,848/1f59aff2a0c6c7f4eb02331c6c9f0fb64bebdb3b.jpeg,848,848,453,453,False,False,False,False,0.3318777292576419,0.2676767676767677,0.04803357922176618,True,150528,12138,15532
mediapipe-efficientnet-lite0-int8,849/62000373feed76c626419486ca1ca69943bcfa36.jpeg,849,849,719,849,False,True,True,True,0.2946859903381642,0.4,0.20275292601139439,True,150528,4923,23861
mediapipe-efficientnet-lite0-int8,85/578c27edf361ee8219d0cc8eb7959bc5ef5fac31.jpeg,85,85,85,85,True,True,True,True,0.9794238683127572,0.9959677419354839,0.00468001355728137,True,150528,7118,267
mediapipe-efficientnet-lite0-int8,850/599e9e2646cbd1979bea3d6aa93ac78aef3bb9da.jpeg,850,850,850,850,True,True,True,True,0.7079207920792079,0.8036529680365296,0.02607687198357298,True,150528,36209,14952
mediapipe-efficientnet-lite0-int8,851/ff83223fc23eb96ad0ff5587f991fe061fddd0e1.jpeg,851,851,851,546,True,False,True,False,0.12980769230769232,0.1457286432160804,0.14565874123780037,True,150528,67645,20696
mediapipe-efficientnet-lite0-int8,852/8fbc49fbdcb70fed9730f2c2f2d6a936c8aee439.jpeg,852,852,852,852,True,True,True,True,0.9881422924901185,0.9921568627450981,0.0003441594846894277,True,150528,14952,26293
mediapipe-efficientnet-lite0-int8,853/480c1a3ff2f1272958e11a9d830fa44d86e55810.jpeg,853,853,853,853,True,True,True,True,0.20512820512820512,0.3878787878787879,0.1759004154400426,True,150528,27936,24840
mediapipe-efficientnet-lite0-int8,854/97054c191a70c44e2450595c9ab444c08780a773.jpeg,854,854,854,854,True,True,True,True,0.768,0.6609442060085837,0.030952275536459635,True,150528,68904,915
mediapipe-efficientnet-lite0-int8,855/dcf96d64f36a93bac4acb0a2271e5ed891ed807c.jpeg,855,855,855,855,True,True,True,True,1.0,0.723404255319149,0.10700689959031451,True,150528,43892,14659
mediapipe-efficientnet-lite0-int8,856/231425c3db793fe2c7c1e4ee015db2cf52930990.jpeg,856,856,634,634,False,False,False,True,0.1134020618556701,0.28708133971291866,0.10597859189000934,True,150528,52881,10337
mediapipe-efficientnet-lite0-int8,857/0cd8de4fddce0aba4bf6325b5db4fd49a08d36a0.jpeg,857,857,608,608,False,False,False,False,0.18357487922705315,0.14215686274509803,0.10624578045733298,True,150528,89429,13825
mediapipe-efficientnet-lite0-int8,858/8e1ef81986187d146668c972c8e7a66ca92bcf10.jpeg,858,858,858,858,True,True,True,True,0.970954356846473,0.991869918699187,0.004970476353013747,True,150528,23388,47430
mediapipe-efficientnet-lite0-int8,859/8d76a6d2f090df00b995441099f970a5a9070982.jpeg,859,859,482,848,False,False,False,False,0.3739130434782609,0.3407079646017699,0.07196194555387855,True,150528,25503,11661
mediapipe-efficientnet-lite0-int8,86/d42e01c14bae356b0581a415316cfadb8ec7bb94.jpeg,86,86,86,82,True,False,True,True,0.4553191489361702,0.614406779661017,0.048677026986153414,True,150528,54726,607
mediapipe-efficientnet-lite0-int8,860/de187beaee9c3b9ab44f0e26aae2cf4d003ee05d.jpeg,860,860,498,860,False,True,True,True,0.27802690582959644,0.3938053097345133,0.05120664723506674,True,150528,33874,6551
mediapipe-efficientnet-lite0-int8,861/a673cfdbd3e78d72f4c2c57e94c5fcc1d3deedad.jpeg,861,861,930,964,False,False,False,False,0.27074235807860264,0.17452830188679244,0.1904179474992818,True,150528,53314,32
mediapipe-efficientnet-lite0-int8,862/6b17f5510e64f1645e532c11d921cfb3fcc320c3.jpeg,862,862,862,827,True,False,True,True,0.36,0.3299492385786802,0.26208195929677336,True,150528,99568,3016
mediapipe-efficientnet-lite0-int8,863/8602e2835defb7dfb42356f1bb85e17a5f58c39d.jpeg,863,863,863,863,True,True,True,True,0.9477911646586346,0.8326530612244898,0.032024466689642136,True,150528,29054,6130
mediapipe-efficientnet-lite0-int8,864/57a93b7b4b468860cf42003a331b44a2ba39e24a.jpeg,864,864,867,555,False,False,True,True,0.3948497854077253,0.6804979253112033,0.10125893853480421,True,150528,59680,9221
mediapipe-efficientnet-lite0-int8,865/77d6d4ce0706065bcabeb400ab14ed39ec2e78ef.jpeg,865,865,626,626,False,False,False,False,0.8146551724137931,0.7792792792792793,0.04431816897208615,True,150528,7635,15378
mediapipe-efficientnet-lite0-int8,866/10bc720d19e12ba94a018e8f3a471f6fc5ce7d8d.jpeg,866,866,866,609,True,False,True,True,0.33181818181818185,0.21395348837209302,0.0731990055439905,True,150528,42972,4348
mediapipe-efficientnet-lite0-int8,867/f6e916ca2bd644eb164384521f2e9978a449f562.jpeg,867,867,864,864,False,False,True,False,0.4368421052631579,0.28865979381443296,0.08862243052451188,True,150528,33501,26080
mediapipe-efficientnet-lite0-int8,868/6f3b6de173f7a7e0c42b95b344e041e66527e160.jpeg,868,868,849,415,False,False,False,False,0.3412322274881517,0.40654205607476634,0.09592362627270126,True,150528,43509,8270
mediapipe-efficientnet-lite0-int8,869/f9d6b033e6db7f2609abf2320303560e4e72a8e8.jpeg,869,869,869,869,True,True,True,True,0.9960474308300395,0.988,0.0027808196981445625,True,150528,26978,12695
mediapipe-efficientnet-lite0-int8,87/e1579a40203b8240b10e9443a189e5f249878adf.jpeg,87,87,87,87,True,True,True,True,0.89,0.6923076923076923,0.05121118530693611,True,150528,46468,19311
mediapipe-efficientnet-lite0-int8,870/d514e4e3e05bd4f863cf8e1fce0698e515882189.jpeg,870,870,870,870,True,True,True,True,0.809322033898305,0.5938864628820961,0.05839313121211477,True,150528,8689,20468
mediapipe-efficientnet-lite0-int8,871/9b328eb2b47d76ded9b17361bc42a8730b6caf9c.jpeg,871,871,484,871,False,True,True,True,0.7183673469387755,0.4978902953586498,0.0502597650714834,True,150528,4508,45157
mediapipe-efficientnet-lite0-int8,872/a7090bda7407638017ce52bb7445e3ff88761ade.jpeg,872,872,759,609,False,False,True,False,0.48,0.6266094420600858,0.3111918027641697,True,150528,84348,775
mediapipe-efficientnet-lite0-int8,873/7b1450ba2e7913262c0f059276f0af93474a7bd7.jpeg,873,873,873,873,True,True,True,True,0.990909090909091,0.9917695473251029,0.0030070018311190265,True,150528,37060,9168
mediapipe-efficientnet-lite0-int8,874/425f04670ab745b5f495b6a6fcdab212f618ca3a.jpeg,874,874,829,705,False,False,False,False,0.3561643835616438,0.2602739726027397,0.04844350101576861,True,150528,52090,22016
mediapipe-efficientnet-lite0-int8,875/1a4bc7be37c2b7aaaf201cf52e4d1973ef4749e6.jpeg,875,875,875,875,True,True,True,True,1.0,0.996,0.001388298370477235,True,150528,40723,10828
mediapipe-efficientnet-lite0-int8,876/283b2e6af58c023b889982e739960b6f50840e9a.jpeg,876,876,435,828,False,False,True,False,0.5518672199170125,0.14356435643564355,0.5473408212175507,True,150528,51522,0
mediapipe-efficientnet-lite0-int8,877/a260cd47e212fa3540199091ed21681d61ad4eb2.jpeg,877,877,877,877,True,True,True,True,0.9125,0.9246861924686193,0.015216197174197928,True,150528,35330,1953
mediapipe-efficientnet-lite0-int8,878/e631e6bc46da6b118ca83efcf22dd48fa447225d.jpeg,878,878,878,878,True,True,True,True,0.9098712446351931,0.8781725888324873,0.017236208802461187,True,150528,92335,11675
mediapipe-efficientnet-lite0-int8,879/7c8348940e612ffed82d6d0474d23fdff3f5ce8d.jpeg,879,879,879,879,True,True,True,True,0.9960629921259843,0.9672131147540983,0.007837581380444244,True,150528,17820,12482
mediapipe-efficientnet-lite0-int8,88/67c91673cba8235feeb791e0072f9d2d6713a9fb.jpeg,88,88,88,88,True,True,True,True,0.9838056680161943,0.9414225941422594,0.008199502784988055,True,150528,58312,11435
mediapipe-efficientnet-lite0-int8,880/85d05c3133aef3b4fc6378d9f59ac655a40b8467.jpeg,880,880,819,819,False,False,False,False,0.26153846153846155,0.07692307692307693,0.1471414374020361,True,150528,93948,18061
mediapipe-efficientnet-lite0-int8,881/09c922e39ae46577cf5b85d4dbac7703a43abf38.jpeg,881,881,523,523,False,False,False,False,0.9227642276422764,0.8201754385964912,0.0303464623951249,True,150528,83535,8949
mediapipe-efficientnet-lite0-int8,882/01b91799b0d7309a2bb38f928e5f77d13e421513.jpeg,882,882,882,752,True,False,True,True,0.16417910447761194,0.19617224880382775,0.32431545894664193,True,150528,38199,3617
mediapipe-efficientnet-lite0-int8,883/77dc8c8b3d87f11ed82d39ec4574d57031a8756d.jpeg,883,883,747,971,False,False,False,False,0.07065217391304347,0.2946859903381642,0.323159819595649,True,150528,76881,2541
mediapipe-efficientnet-lite0-int8,884/bda573d2be55177f2df2b6d2824cd1ba5fbda723.jpeg,884,884,884,884,True,True,True,True,0.5221238938053098,0.7172995780590717,0.05275228348015304,True,150528,37520,552
mediapipe-efficientnet-lite0-int8,885/6b6609cf248c687d5ca945176575431d0b15da31.jpeg,885,885,457,457,False,False,False,False,0.2361111111111111,0.3069306930693069,0.044116435492821446,True,150528,88197,13943
mediapipe-efficientnet-lite0-int8,886/dbca2fbefd522251c27cee3ab35c067ffae7f4c1.jpeg,886,886,886,886,True,True,True,True,1.0,1.0,0.0,True,150528,47000,6062
mediapipe-efficientnet-lite0-int8,887/3b54f5068f322a76281881a2b89be1fa911a2f80.jpeg,887,887,887,887,True,True,True,True,0.9920318725099602,0.8978723404255319,0.03175091297847133,True,150528,55046,21
mediapipe-efficientnet-lite0-int8,888/2f8286cc642f8ee1109cebac7376b6e4aec5ca38.jpeg,888,888,562,562,False,False,True,True,0.15165876777251186,0.4253393665158371,0.11941950701937441,True,150528,51898,3615
mediapipe-efficientnet-lite0-int8,889/7b0bbb596144503414132c9af85e4f23e3ecd0f5.jpeg,889,889,889,796,True,False,True,False,0.3674418604651163,0.12041884816753927,0.1886720284010286,True,150528,86856,54
mediapipe-efficientnet-lite0-int8,89/a23a4b93b5465426c4dfc33ef4937fed806d3cc5.jpeg,89,89,89,93,True,False,True,True,0.2636363636363636,0.1813186813186813,0.35039844836959777,True,150528,91980,492
mediapipe-efficientnet-lite0-int8,890/466055900ba62b97c9a7d72f247c6f8d38adb58c.jpeg,890,890,890,890,True,True,True,True,0.9840637450199203,0.9880952380952381,0.0020583980887726207,True,150528,10873,18517
mediapipe-efficientnet-lite0-int8,891/0b1b323b91dbfc481e301750fe8f7aeda7b6e244.jpeg,891,891,891,891,True,True,True,True,0.31216931216931215,0.17616580310880828,0.18489664539343043,True,150528,33038,56434
mediapipe-efficientnet-lite0-int8,892/14515b1e645654476b14bdcc18fa6f566f27c22d.jpeg,892,892,487,605,False,False,False,False,0.38626609442060084,0.3744292237442922,0.09093734842407043,True,150528,444,127138
mediapipe-efficientnet-lite0-int8,893/17e589fb9e200d865c16e06631ac73d4c9ea5ea3.jpeg,893,893,893,893,True,True,True,True,0.7238493723849372,0.3463203463203463,0.12792278317932637,True,150528,82691,60
mediapipe-efficientnet-lite0-int8,894/896caec1bbe8bf7f130b13a80daa5b4de13e7933.jpeg,894,894,894,894,True,True,True,True,0.21395348837209302,0.15789473684210525,0.06717393637575583,True,150528,11680,12007
mediapipe-efficientnet-lite0-int8,895/3d7a71005448dcb6dac84bbe8047505c53d77ff9.jpeg,895,895,895,895,True,True,True,True,0.8546255506607929,0.6875,0.027588818535677923,True,150528,12541,4404
mediapipe-efficientnet-lite0-int8,896/25c611340c7a87efa8c611a45d640cfdf0b891bf.jpeg,896,896,896,896,True,True,True,True,0.5738396624472574,0.62882096069869,0.012235618637729217,True,150528,71,0
mediapipe-efficientnet-lite0-int8,897/f7fa539ff384256708d04e67dc8405029b11dbda.jpeg,897,897,838,838,False,False,False,False,0.4146341463414634,0.09424083769633508,0.2773709850731999,True,150528,14495,34736
mediapipe-efficientnet-lite0-int8,898/f95a3f4881ca339ba3e45a9f622a6fef8aa19c5d.jpeg,898,898,898,899,True,False,True,True,0.32083333333333336,0.3181818181818182,0.013682770757508136,True,150528,26732,3616
mediapipe-efficientnet-lite0-int8,899/54ef239dd0150c7ebde334c7ec10ef941004cb8d.jpeg,899,899,896,896,False,False,False,False,0.7205240174672489,0.8099547511312217,0.04027231272162794,True,150528,27653,12095
mediapipe-efficientnet-lite0-int8,9/b5271821ea279c9a60aec5069ce20bdbf74a55a5.jpeg,9,9,9,9,True,True,True,True,0.9662447257383966,0.951417004048583,0.010413650366069177,True,150528,33549,12077
mediapipe-efficientnet-lite0-int8,90/4544db7ba700acaaa217133fc75864acc46e759b.jpeg,90,90,90,90,True,True,True,True,0.30726256983240224,0.26666666666666666,0.11289578313901379,True,150528,6615,4436
mediapipe-efficientnet-lite0-int8,900/f843fbcbec3923c50bd43049b12f7f952db4c29d.jpeg,900,900,900,900,True,True,True,True,0.9958677685950413,1.0,0.0014342611115431487,True,150528,18299,17989
mediapipe-efficientnet-lite0-int8,901/604deb2614ae6de70dc04dba73803f1694fdcc95.jpeg,901,901,504,504,False,False,False,False,0.9308943089430894,0.9761904761904762,0.013508862759646141,True,150528,61557,27884
mediapipe-efficientnet-lite0-int8,902/c090250ed7a017fb75efcdbe23d7f862c7f06d60.jpeg,902,902,902,902,True,True,True,True,1.0,0.996031746031746,0.001377264319444476,True,150528,20421,35863
mediapipe-efficientnet-lite0-int8,903/39543bda2abcd510267d5ae15a293aae2c19e6a7.jpeg,903,903,903,903,True,True,True,True,0.979757085020243,0.967479674796748,0.0030453706778805975,True,150528,39542,249
mediapipe-efficientnet-lite0-int8,904/234ae0ac1c916184115b24325d50e5a6100d70c0.jpeg,904,904,702,882,False,False,False,False,0.375,0.29439252336448596,0.1205551964087042,True,150528,19796,21573
mediapipe-efficientnet-lite0-int8,905/606411493c727dc4c2115fea3c11365c571e7443.jpeg,905,905,904,904,False,False,True,True,0.3932038834951456,0.5026178010471204,0.05314158385458246,True,150528,34165,36645
mediapipe-efficientnet-lite0-int8,906/03f1a6e849f83f9207abdbd36f86dc99c9622664.jpeg,906,906,769,769,False,False,False,False,0.12631578947368421,0.11055276381909548,0.07791139658308847,True,150528,7876,7907
mediapipe-efficientnet-lite0-int8,907/fb20144fe7f9846ab6a477f9ff16f1eeb36344f0.jpeg,907,907,440,855,False,False,True,False,0.23902439024390243,0.15873015873015872,0.27483461450939595,True,150528,50284,33324
mediapipe-efficientnet-lite0-int8,908/f551db022d5dfcdba16ee8d45b439128d598254c.jpeg,908,908,908,736,True,False,True,False,0.9469387755102041,0.7549019607843137,0.6614933799526557,True,150528,118257,2132
mediapipe-efficientnet-lite0-int8,909/0d50e813c5505f42b476c35500d65a94ba5bf4f5.jpeg,909,909,909,567,True,False,True,True,0.6031746031746031,0.5225225225225225,0.09767909891235074,True,150528,53754,9794
mediapipe-efficientnet-lite0-int8,91/99b22bb08076142b640f19aaf54aac5fa428126a.jpeg,91,91,91,91,True,True,True,True,0.9879032258064516,0.919831223628692,0.02045076095777313,True,150528,8387,96
mediapipe-efficientnet-lite0-int8,910/02e71cd3fa4420c8788ea686b0bdbbc8d82f61db.jpeg,910,910,910,910,True,True,True,True,0.8162393162393162,0.43577981651376146,0.16872412089298572,True,150528,36350,36444
mediapipe-efficientnet-lite0-int8,911/c8efdf154bf05c57723ab29770d9c07b128f2f99.jpeg,911,911,893,893,False,False,False,False,0.20098039215686275,0.3615023474178404,0.1576444346126841,True,150528,9420,44021
mediapipe-efficientnet-lite0-int8,912/963dad0e1b212dafba6d74c2420b40b10adad9f0.jpeg,912,912,489,489,False,False,True,True,0.7285067873303167,0.847457627118644,0.015357139812015145,True,150528,11760,2010
mediapipe-efficientnet-lite0-int8,913/d82d4b9b630379a08ae26a3337e18214d54273e1.jpeg,913,913,483,483,False,False,True,True,0.39555555555555555,0.38317757009345793,0.022092847577768214,True,150528,23336,6884
mediapipe-efficientnet-lite0-int8,914/291e34e63c5a6987f0c1f9ba880d514584875168.jpeg,914,914,914,871,True,False,True,True,0.41232227488151657,0.23148148148148148,0.04278538854981548,True,150528,6436,8770
mediapipe-efficientnet-lite0-int8,915/2a35f55ece709be4e90086754b4e5ae804645f0b.jpeg,915,915,915,915,True,True,True,True,1.0,0.9873949579831933,0.004388561654491666,True,150528,96261,1353
mediapipe-efficientnet-lite0-int8,916/16f3b222534387f6749992757df43b9282307676.jpeg,916,916,782,916,False,True,True,True,0.145,0.3945945945945946,0.18952770428855775,True,150528,23334,48960
mediapipe-efficientnet-lite0-int8,917/4dd90bd5464c8c85046adb1b6315a3f50f28ec63.jpeg,917,917,917,917,True,True,True,True,0.9795918367346939,0.9655172413793104,0.004514808347044643,True,150528,44417,21058
mediapipe-efficientnet-lite0-int8,918/60f5143b7df0cfef61e195a1cec4bac7a5bbc885.jpeg,918,918,918,918,True,True,True,True,1.0,1.0,0.0,True,150528,20409,27910
mediapipe-efficientnet-lite0-int8,919/936346c118b8a40463ab12e9c7c9bf75d72b08ac.jpeg,919,919,412,481,False,False,False,False,0.07894736842105263,0.4027777777777778,0.338290122684728,True,150528,94706,1765
mediapipe-efficientnet-lite0-int8,92/46fad387e2d908eb8b5640f8fe82e651f0ceb863.jpeg,92,92,92,92,True,True,True,True,1.0,0.9959839357429718,0.0013938819627632324,True,150528,57394,3
mediapipe-efficientnet-lite0-int8,920/79ab92c4619016178935dc6b467827500b4cd0da.jpeg,920,920,920,920,True,True,True,True,0.9717741935483871,0.991869918699187,0.0047744222107321205,True,150528,44006,30493
mediapipe-efficientnet-lite0-int8,921/1a34b22a20384a8f942a6d225b60e4823b83133d.jpeg,921,921,921,921,True,True,True,True,0.6243654822335025,0.24855491329479767,0.11967483033003888,True,150528,47246,134
mediapipe-efficientnet-lite0-int8,922/ea4be76e730495d82ed924016b366dbf34474a07.jpeg,922,922,922,922,True,True,True,True,0.5509259259259259,0.5321100917431193,0.03808746663269728,True,150528,15211,25310
mediapipe-efficientnet-lite0-int8,923/ba4536588d8da0ba4131dca8499eef183fa7946c.jpeg,923,923,923,923,True,True,True,True,0.6822033898305084,0.7344398340248963,0.047016616576954065,True,150528,30717,4841
mediapipe-efficientnet-lite0-int8,924/5eebf89e993eecc04dec215083aaa696a20b790b.jpeg,924,924,923,582,False,False,True,False,0.28125,0.14358974358974358,0.3942754553691375,True,150528,53122,10586
mediapipe-efficientnet-lite0-int8,925/c4a5e9dbf26fac1a2571d5e74e0d50c7ac49fb52.jpeg,925,925,967,967,False,False,True,True,0.8200836820083682,0.6776859504132231,0.032121011940779695,True,150528,12424,28862
mediapipe-efficientnet-lite0-int8,926/bc9e63587be353b33b80b1a531bfb127db0edf37.jpeg,926,926,926,926,True,True,True,True,0.43388429752066116,0.45414847161572053,0.09383966303482275,True,150528,71446,2852
mediapipe-efficientnet-lite0-int8,927/56c2c77b10b309f86ba90f418eb7afc3d8bddf34.jpeg,927,927,927,927,True,True,True,True,0.9517543859649122,0.7362637362637363,0.05521083955049026,True,150528,23611,60970
mediapipe-efficientnet-lite0-int8,928/40af968d6738656dd87e91849eb05bff64b39db9.jpeg,928,928,642,546,False,False,False,False,0.17194570135746606,0.14285714285714285,0.09265561379592249,True,150528,30654,14097
mediapipe-efficientnet-lite0-int8,929/6b2213e3425588084d9af349c1244896799d5786.jpeg,929,929,523,523,False,False,False,False,0.0446927374301676,0.07960199004975124,0.1634828113300822,True,150528,41035,24114
mediapipe-efficientnet-lite0-int8,93/2922b86e55ac35a215d1483065cb7f4b40a71a33.jpeg,93,93,93,93,True,True,True,True,0.9442231075697212,0.8189300411522634,0.023598002155255055,True,150528,34583,8415
mediapipe-efficientnet-lite0-int8,930/dd2fc7565a449295299ebacd0c5ea5d7ce39d037.jpeg,930,930,930,961,True,False,True,True,0.6769911504424779,0.5528455284552846,0.1299949944082766,True,150528,37204,18624
mediapipe-efficientnet-lite0-int8,931/3b88b3ff0e020601700e76b97983d127d740bfc8.jpeg,931,931,118,118,False,False,False,False,0.6036036036036037,0.391705069124424,0.08440900671247901,True,150528,23950,5109
mediapipe-efficientnet-lite0-int8,932/b42f20db8aa4ce15ccd876bd1c0f007535a783c6.jpeg,932,932,828,488,False,False,True,True,0.15048543689320387,0.17073170731707318,0.20965843229658165,True,150528,25540,59141
mediapipe-efficientnet-lite0-int8,933/fa8c6dee3de850f111878f1ed854fe33925e9233.jpeg,933,933,969,971,False,False,False,False,0.20642201834862386,0.19597989949748743,0.22598654977746296,True,150528,14419,17541
mediapipe-efficientnet-lite0-int8,934/d8df886a470de27b4429ab76a051a7a5d425dc37.jpeg,934,934,934,934,True,True,True,True,0.967741935483871,0.20297029702970298,0.38360727437951825,True,150528,17200,34140
mediapipe-efficientnet-lite0-int8,935/8e566dbd2dad9823e18e06a938ac3f7f6fad6b82.jpeg,935,935,935,935,True,True,True,True,0.509090909090909,0.6736401673640168,0.1354097943847165,True,150528,38727,12541
mediapipe-efficientnet-lite0-int8,936/9ce7a9b9286d920800b3edd66469f25b39aa3e7a.jpeg,936,936,936,936,True,True,True,True,0.9674418604651163,0.9272727272727272,0.008372634486439995,True,150528,44775,2547
mediapipe-efficientnet-lite0-int8,937/c720c77fe5b62f67a0a3a40f482a6a1d92c7b8d1.jpeg,937,937,924,924,False,False,True,True,0.8588709677419355,0.7148760330578512,0.0334870694399833,True,150528,19644,7856
mediapipe-efficientnet-lite0-int8,938/48df652b4fe1d5dfa824f9150c81861d727231e9.jpeg,938,938,965,599,False,False,True,False,0.49760765550239233,0.07471264367816093,0.3147784798419908,True,150528,9585,21236
mediapipe-efficientnet-lite0-int8,939/4f762a9f6bc3ccf8d2bafa49e51b5be7af5c9236.jpeg,939,939,738,991,False,False,True,False,0.22580645161290322,0.3018867924528302,0.3625248352332315,True,150528,17689,912
mediapipe-efficientnet-lite0-int8,94/8e4efafd371ddb1c4ea519bb38c5609261300546.jpeg,94,94,92,92,False,False,True,True,0.9919354838709677,0.9918032786885246,2.709153661765838e-07,True,150528,1718,77838
mediapipe-efficientnet-lite0-int8,940/a18aa7f2de9d0a51507aa3c3f48aaa9d04b205d1.jpeg,940,940,909,932,False,False,False,False,0.5141509433962265,0.17297297297297298,0.5649070060202472,True,150528,75142,813
mediapipe-efficientnet-lite0-int8,941/86cdf59df41df9f9d89bfe8fa27305d2b21ee42f.jpeg,941,941,941,695,True,False,True,False,0.6728110599078341,0.07894736842105263,0.5635599323925162,True,150528,41773,0
mediapipe-efficientnet-lite0-int8,942/019ccc4adf32fb0f49cdda41099c59916ec12d2c.jpeg,942,942,942,942,True,True,True,True,0.7575757575757576,0.5627906976744186,0.06022679465142667,True,150528,49563,22700
mediapipe-efficientnet-lite0-int8,943/4c4c7a059bda4dd6d692adc1d2add3bc5c139d37.jpeg,943,943,939,939,False,False,True,True,0.5764192139737991,0.6387665198237885,0.029922488740765005,True,150528,76240,31683
mediapipe-efficientnet-lite0-int8,944/821eef7cacc89e72407b0db96f67abfc320f1bb3.jpeg,944,944,944,944,True,True,True,True,0.9957264957264957,0.9957983193277311,1.5281804101799622e-07,True,150528,19723,19517
mediapipe-efficientnet-lite0-int8,945/738754e6d4f20ad19d7f138685f77192f1c0bf82.jpeg,945,945,502,502,False,False,False,True,0.14054054054054055,0.09090909090909091,0.20465466067961305,True,150528,31352,10152
mediapipe-efficientnet-lite0-int8,946/4772ec0e8bf6fe73a5c10e72976e1723cb952e63.jpeg,946,946,988,988,False,False,False,False,0.9713114754098361,0.7787610619469026,0.06477064658780943,True,150528,47614,6115
mediapipe-efficientnet-lite0-int8,947/88028b3465332f75ecdafaa70a7e7080e5fe8942.jpeg,947,947,947,947,True,True,True,True,0.984313725490196,0.6986899563318777,0.11218149013261887,True,150528,83988,1899
mediapipe-efficientnet-lite0-int8,948/d3f2df72dfe7502d15f565ec2d60d589ab7e8ad1.jpeg,948,948,948,948,True,True,True,True,0.9539748953974896,0.75,0.04861508281394666,True,150528,122683,6186
mediapipe-efficientnet-lite0-int8,949/cb751e12c064e26809abe5164fceefaf692cc0fb.jpeg,949,949,679,658,False,False,False,False,0.13917525773195877,0.07692307692307693,0.27645786473246703,True,150528,5990,85780
mediapipe-efficientnet-lite0-int8,95/97e541abfffea927325b821bbe4465bc18d930c4.jpeg,95,95,95,95,True,True,True,True,0.9875518672199171,0.9877551020408163,4.234109568181487e-07,True,150528,3996,921
mediapipe-efficientnet-lite0-int8,950/31de9124c5faf2ac404ce5f3504389ef04431e53.jpeg,950,950,584,400,False,False,False,False,0.11428571428571428,0.16,0.23146988450113695,True,150528,22982,20365
mediapipe-efficientnet-lite0-int8,951/1a55843b089963e14a0326a3a4d38077f33fef21.jpeg,951,951,951,951,True,True,True,True,0.5523012552301255,0.48917748917748916,0.046634248921150576,True,150528,30661,17465
mediapipe-efficientnet-lite0-int8,952/4974cb8524d9a5f1cce3d55daf1cac7e07005e69.jpeg,952,952,118,930,False,False,False,False,0.20920502092050208,0.5189873417721519,0.2548580497892731,True,150528,8018,70680
mediapipe-efficientnet-lite0-int8,953/624372abc51ffff7584923f74a59580fd084ca88.jpeg,953,953,445,445,False,False,False,False,0.37815126050420167,0.4816326530612245,0.03187926887846233,True,150528,16501,25108
mediapipe-efficientnet-lite0-int8,954/05cdfe0a91571a4d6cbecba6799fe97801f792b0.jpeg,954,954,954,954,True,True,True,True,0.9288702928870293,0.7543859649122807,0.03741955120116707,True,150528,34831,12417
mediapipe-efficientnet-lite0-int8,955/76ab28723b3cf516372c5c10e19cf1d63f5dd22f.jpeg,955,955,955,955,True,True,True,True,0.8642533936651584,0.5406698564593302,0.09746060170904114,True,150528,25826,7162
mediapipe-efficientnet-lite0-int8,956/3ae97cdfede5470db612f58363d281db6bbb6a87.jpeg,956,956,956,956,True,True,True,True,0.8661087866108786,0.29107981220657275,0.21776260516328624,True,150528,41320,2124
mediapipe-efficientnet-lite0-int8,957/f10d7fdd5bfe0cdc13f41e668370777242aca402.jpeg,957,957,957,957,True,True,True,True,0.9297520661157025,0.71875,0.05874069665071036,True,150528,60770,29129
mediapipe-efficientnet-lite0-int8,958/4ef2ad49c2e48c9fb4db9c993ab93831e52b4052.jpeg,958,958,425,449,False,False,False,False,0.31363636363636366,0.3317972350230415,0.06235279178286174,True,150528,28282,20253
mediapipe-efficientnet-lite0-int8,959/9a0b5523c17d1023980d4bb70c6dace75ef81bd7.jpeg,959,959,959,932,True,False,True,True,0.9827586206896551,0.43555555555555553,0.29828100118412143,True,150528,6800,10378
mediapipe-efficientnet-lite0-int8,96/f32e370fa29c4e8cef3c030ae67e64d3f660dbac.jpeg,96,96,96,96,True,True,True,True,0.996031746031746,0.9918367346938776,0.0014171985080317921,True,150528,93057,1668
mediapipe-efficientnet-lite0-int8,960/827a064a413be87279e4377969f6a62a59267cfc.jpeg,960,960,960,818,True,False,True,True,0.618421052631579,0.10404624277456648,0.46265585678412113,True,150528,56421,42431
mediapipe-efficientnet-lite0-int8,961/83c89d3309c021606e2c21105dc94a9c5e91ae39.jpeg,961,961,961,961,True,True,True,True,0.7957446808510639,0.6995708154506438,0.042377124872672936,True,150528,2455,123
mediapipe-efficientnet-lite0-int8,962/c17c1cbfe70617de351a6c629e4f9b5acd7a15d1.jpeg,962,962,935,962,False,True,True,True,0.25,0.15048543689320387,0.08319624290343089,True,150528,35880,35120
mediapipe-efficientnet-lite0-int8,963/d2f1c369b8c9598d7d82db31b1c20f17a730054f.jpeg,963,963,963,963,True,True,True,True,0.9139344262295082,0.9435483870967742,0.0033228290751987632,True,150528,16203,1455
mediapipe-efficientnet-lite0-int8,964/ddfb26f2eb5d2f9d799fe77dd1836a9edaee2693.jpeg,964,964,964,118,True,False,True,True,0.8553719008264463,0.1553398058252427,0.3671847860655624,True,150528,35588,16727
mediapipe-efficientnet-lite0-int8,965/c86c25aecd76a39f7cf5cf640e29c0df74bf6e2a.jpeg,965,965,925,464,False,False,False,False,0.3901345291479821,0.19072164948453607,0.2594532781506425,True,150528,37654,28273
mediapipe-efficientnet-lite0-int8,966/5ac94345581bc98644af22d7298211599f95ac4b.jpeg,966,966,966,626,True,False,True,True,0.6652173913043479,0.16170212765957448,0.27536679744314196,True,150528,76612,14800
mediapipe-efficientnet-lite0-int8,967/76f6d21d59b1d8526a247ad8961496efa1f3cc5b.jpeg,967,967,967,967,True,True,True,True,0.8706896551724138,0.8347107438016529,0.007950849512448085,True,150528,43950,46066
mediapipe-efficientnet-lite0-int8,968/dfac1c668515160a3edd85d7706e6d246d5f9af4.jpeg,968,968,968,968,True,True,True,True,0.3760330578512397,0.7228915662650602,0.0907737729503802,True,150528,51833,4090
mediapipe-efficientnet-lite0-int8,969/b04cb4968b773549793a5e0066f965cfd078116b.jpeg,969,969,969,969,True,True,True,True,0.8787878787878788,0.7285067873303167,0.05465331886754077,True,150528,23820,32900
mediapipe-efficientnet-lite0-int8,97/92ee82f189774c862c180dca08ceeac8b25a2dfa.jpeg,97,97,98,290,False,False,True,False,0.271356783919598,0.08737864077669903,0.5032362791389589,True,150528,60757,6216
mediapipe-efficientnet-lite0-int8,970/baf80e6d9fe41c75ea1fed3f9a8f1ce5eae988d9.jpeg,970,970,970,57,True,False,True,True,0.24736842105263157,0.2849740932642487,0.25688439773032445,True,150528,7315,12120
mediapipe-efficientnet-lite0-int8,971/e5570a44e32492ac840cb335824bff9d67039c02.jpeg,971,971,518,518,False,False,False,False,0.7897196261682243,0.8037383177570093,0.05277891340735539,True,150528,19927,7044
mediapipe-efficientnet-lite0-int8,972/185fa6b396d92bfe9c1c6fb5f9a1c1da13f6cc23.jpeg,972,972,972,972,True,True,True,True,0.6341463414634146,0.6563876651982379,0.019844321034823354,True,150528,4590,26475
mediapipe-efficientnet-lite0-int8,973/7f117ac29432441b65f690b02bff62db6a5a9e96.jpeg,973,973,973,973,True,True,True,True,0.3059360730593607,0.25365853658536586,0.08603392082533576,True,150528,93939,8180
mediapipe-efficientnet-lite0-int8,974/2cc61b412e3d0914a7650ba2e08dcfbfc617c0dc.jpeg,974,974,974,974,True,True,True,True,0.9919028340080972,0.9960474308300395,0.00036593408430363216,True,150528,1177,2259
mediapipe-efficientnet-lite0-int8,975/87f205994a6cda3c811ec31be76da938584da6e6.jpeg,975,975,132,536,False,False,True,True,0.36486486486486486,0.1943127962085308,0.2459374620070497,True,150528,50043,2
mediapipe-efficientnet-lite0-int8,976/48f9dd34d96b567a9aad6d8dbaa322d8e80234e9.jpeg,976,976,978,978,False,False,False,False,0.7148936170212766,0.39,0.2152723882384197,True,150528,20117,804
mediapipe-efficientnet-lite0-int8,977/101a23656818b6df597548719f7038940de7590f.jpeg,977,977,977,977,True,True,True,True,0.92,0.9183673469387755,4.485421004189222e-06,True,150528,9636,1630
mediapipe-efficientnet-lite0-int8,978/eb8ab7ab6fc479a89e5ebc3751bd677e528be6ff.jpeg,978,978,460,975,False,False,True,True,0.25229357798165136,0.2981651376146789,0.0880974921653178,True,150528,27462,10742
mediapipe-efficientnet-lite0-int8,979/e545c01e6ef843620f5ceed420f73dc88a6ae793.jpeg,979,979,970,970,False,False,True,True,0.5733333333333334,0.771551724137931,0.039093903584359435,True,150528,10083,7140
mediapipe-efficientnet-lite0-int8,98/8d329a112a79c15daca28f6d2e584fd60ff3cfb8.jpeg,98,98,98,142,True,False,True,True,0.5154639175257731,0.3005464480874317,0.09416654039723694,True,150528,24160,2872
mediapipe-efficientnet-lite0-int8,980/1b7b08747c9e0d65983640c0f69ce055dd8ce281.jpeg,980,980,975,975,False,False,True,False,0.2463768115942029,0.2391304347826087,0.17415835917736527,True,150528,18121,45343
mediapipe-efficientnet-lite0-int8,981/4bc9f28b370513f77851b867785553dce67e8f44.jpeg,981,981,981,981,True,True,True,True,0.40555555555555556,0.6,0.11909630431066925,True,150528,769,25782
mediapipe-efficientnet-lite0-int8,982/b4be54f6ab74674f2048b62d80c20d7324be63f2.jpeg,982,982,627,511,False,False,False,False,0.5895196506550219,0.21904761904761905,0.12189225137897503,True,150528,47536,12637
mediapipe-efficientnet-lite0-int8,983/f662c0d3a39b25352d210e1c0933c86c3192ee65.jpeg,983,983,983,983,True,True,True,True,0.6230366492146597,0.8362831858407079,0.09902117706858027,True,150528,50158,4905
mediapipe-efficientnet-lite0-int8,984/8bb6bd95d9fb8ab6474ea99d126b8ae83cd7caf1.jpeg,984,984,984,978,True,False,True,True,0.960352422907489,0.41626794258373206,0.5296897131432752,True,150528,11756,59908
mediapipe-efficientnet-lite0-int8,985/140c44f584f70a7a1fdb667e4406a70eb2463d1e.jpeg,985,985,985,716,True,False,True,True,0.2560386473429952,0.29439252336448596,0.0967181599965928,True,150528,59876,6203
mediapipe-efficientnet-lite0-int8,986/4a1ee54803dd1076f86f952388fdcedd4baaefab.jpeg,986,986,986,986,True,True,True,True,1.0,0.9920948616600791,0.0027475545958555708,True,150528,19034,11281
mediapipe-efficientnet-lite0-int8,987/94071cb95e349c9a9f64e5e76a27dadf92d36c83.jpeg,987,987,998,998,False,False,True,True,0.600896860986547,0.6893617021276596,0.07416492654674775,True,150528,50645,6525
mediapipe-efficientnet-lite0-int8,988/680e7d816be950709fa0581e872adc60dc6760c6.jpeg,988,988,988,988,True,True,True,True,0.6167400881057269,0.47767857142857145,0.05555479481237209,True,150528,41673,7766
mediapipe-efficientnet-lite0-int8,989/32adf554624d2d246e80803a5aea6a23eee752e2.jpeg,989,989,989,989,True,True,True,True,0.7551867219917012,0.29441624365482233,0.22972904775033737,True,150528,72904,5115
mediapipe-efficientnet-lite0-int8,99/8e18cac880dcc87f1a3b1ab0249fd2efa9613f23.jpeg,99,99,99,795,True,False,True,True,0.3162393162393162,0.15121951219512195,0.2604331802333125,True,150528,437,79
mediapipe-efficientnet-lite0-int8,990/7a8bf80e72b1b92db36c82834cd614dc8ef92f8b.jpeg,990,990,990,990,True,True,True,True,0.9838709677419355,0.8916666666666667,0.025276362081481686,True,150528,33650,10135
mediapipe-efficientnet-lite0-int8,991/5736e61746b8d26362c21741523c64d167acc2ea.jpeg,991,991,996,996,False,False,True,False,0.14619883040935672,0.17679558011049723,0.25922438641563894,True,150528,47236,4476
mediapipe-efficientnet-lite0-int8,992/3ed42ad6e2c5259ff04d94a80fcb0971f121c13a.jpeg,992,992,997,992,False,True,True,True,0.2736842105263158,0.5529953917050692,0.1380749726876776,True,150528,25330,11868
mediapipe-efficientnet-lite0-int8,993/affa5dc95277f8ba9d59ebc46621a7f7426a9113.jpeg,993,993,993,993,True,True,True,True,0.996,0.996031746031746,0.0027615865125205914,True,150528,18108,876
mediapipe-efficientnet-lite0-int8,994/5e26fddac643dd333b10854985e2687ab23f4558.jpeg,994,994,994,994,True,True,True,True,0.9024390243902439,0.8955823293172691,0.0014104223649686952,True,150528,33401,7196
mediapipe-efficientnet-lite0-int8,995/90c1083bb3b5f6e202120d876b2964b4459b988e.jpeg,995,995,995,995,True,True,True,True,0.9757085020242915,0.7654867256637168,0.07851905673877066,True,150528,55462,4688
mediapipe-efficientnet-lite0-int8,996/61fb873a897fda98e85bfd2a0483fa18a2d0035b.jpeg,996,996,996,996,True,True,True,True,0.9082969432314411,0.9563318777292577,0.005661370748843254,True,150528,5191,4714
mediapipe-efficientnet-lite0-int8,997/d09fc5249bbdc30ed659e947da9c1300d20e0923.jpeg,997,997,113,947,False,False,True,False,0.2350230414746544,0.5299539170506913,0.37256196256606816,True,150528,35216,36804
mediapipe-efficientnet-lite0-int8,998/32099b3e0187f878916f18ec453b3076ee250a78.jpeg,998,998,998,998,True,True,True,True,0.984313725490196,0.9881422924901185,0.002025496412151753,True,150528,33501,19703
mediapipe-efficientnet-lite0-int8,999/a22d21425ff46943606e0b510950e3cb1d33953a.jpeg,999,999,760,753,False,False,False,False,0.07511737089201878,0.40594059405940597,0.4532686125080201,True,150528,76247,15180
